epoch,step,train/loss_model_1,train/loss_model_10,train/loss_model_2,train/loss_model_3,train/loss_model_4,train/loss_model_5,train/loss_model_6,train/loss_model_7,train/loss_model_8,train/loss_model_9,train/mean_loss,train/mse_model_1,train/mse_model_10,train/mse_model_2,train/mse_model_3,train/mse_model_4,train/mse_model_5,train/mse_model_6,train/mse_model_7,train/mse_model_8,train/mse_model_9,train/nll_model_1,train/nll_model_10,train/nll_model_2,train/nll_model_3,train/nll_model_4,train/nll_model_5,train/nll_model_6,train/nll_model_7,train/nll_model_8,train/nll_model_9,train/regularization_l2_model_1,train/regularization_l2_model_10,train/regularization_l2_model_2,train/regularization_l2_model_3,train/regularization_l2_model_4,train/regularization_l2_model_5,train/regularization_l2_model_6,train/regularization_l2_model_7,train/regularization_l2_model_8,train/regularization_l2_model_9,val/loss_model_1,val/loss_model_10,val/loss_model_2,val/loss_model_3,val/loss_model_4,val/loss_model_5,val/loss_model_6,val/loss_model_7,val/loss_model_8,val/loss_model_9,val/mean_loss,val/mse,val/mse_model_1,val/mse_model_10,val/mse_model_2,val/mse_model_3,val/mse_model_4,val/mse_model_5,val/mse_model_6,val/mse_model_7,val/mse_model_8,val/mse_model_9,val/nll,val/nll_model_1,val/nll_model_10,val/nll_model_2,val/nll_model_3,val/nll_model_4,val/nll_model_5,val/nll_model_6,val/nll_model_7,val/nll_model_8,val/nll_model_9,val/pearsonr,val/regularization_l2_model_1,val/regularization_l2_model_10,val/regularization_l2_model_2,val/regularization_l2_model_3,val/regularization_l2_model_4,val/regularization_l2_model_5,val/regularization_l2_model_6,val/regularization_l2_model_7,val/regularization_l2_model_8,val/regularization_l2_model_9,val/se_var_corr,val/spearmanr,val/std_max,val/std_mean,val/std_min,val/top10_accuracy,val/top20_accuracy,val/top40_accuracy
0,42,,,,,,,,,,,,,,,,,,,,,,,,,,,,,,,,,,,,,,,,,,1.1545473337173462,1.13172447681427,1.1920989751815796,1.1391406059265137,1.1528476476669312,1.172438383102417,1.1135207414627075,1.2606513500213623,1.1869996786117554,1.4664738178253174,1.1970442533493042,1.077319622039795,1.1180651187896729,1.0709978342056274,1.0840462446212769,1.0772464275360107,1.0792231559753418,1.1351526975631714,1.0767098665237427,1.1385806798934937,1.0749701261520386,1.1857562065124512,1.1345874071121216,1.1545473337173462,1.13172447681427,1.1920989751815796,1.1391406059265137,1.1528476476669312,1.172438383102417,1.1135207414627075,1.2606513500213623,1.1869996786117554,1.4664738178253174,0.609160840511322,0.0,0.0,0.0,0.0,0.0,0.0,0.0,0.0,0.0,0.0,0.3265914022922516,0.761247992515564,0.8807896375656128,0.8798824548721313,0.8791775107383728,0.0,0.10000000149011612,0.125
1,85,,,,,,,,,,,,,,,,,,,,,,,,,,,,,,,,,,,,,,,,,,1.1325603723526,1.119769811630249,1.1562660932540894,1.1268068552017212,1.1075700521469116,1.1539427042007446,1.0849887132644653,1.1589810848236084,1.1650751829147339,1.4230059385299683,1.1628966331481934,1.0680955648422241,1.1114293336868286,1.065233826637268,1.0770243406295776,1.07401442527771,1.0533925294876099,1.1225711107254028,1.0589185953140259,1.0620518922805786,1.067700982093811,1.1699403524398804,1.1187211275100708,1.1325603723526,1.119769811630249,1.1562660932540894,1.1268068552017212,1.1075700521469116,1.1539427042007446,1.0849887132644653,1.1589810848236084,1.1650751829147339,1.4230059385299683,0.614225447177887,0.0,0.0,0.0,0.0,0.0,0.0,0.0,0.0,0.0,0.0,0.33390918374061584,0.7674919366836548,0.8847215175628662,0.8824955821037292,0.8808313608169556,0.10000000149011612,0.10000000149011612,0.17499999701976776
2,128,,,,,,,,,,,,,,,,,,,,,,,,,,,,,,,,,,,,,,,,,,1.1077561378479004,1.070791482925415,1.132222056388855,1.1128535270690918,1.071260690689087,1.131760597229004,1.0380423069000244,1.0260895490646362,1.1403762102127075,1.3753539323806763,1.1206507682800293,1.0466642379760742,1.101984977722168,1.032650113105774,1.0708411931991577,1.0706806182861328,1.0262070894241333,1.1082392930984497,1.0281901359558105,0.9678292274475098,1.0564343929290771,1.1522215604782104,1.0843249559402466,1.1077561378479004,1.070791482925415,1.132222056388855,1.1128535270690918,1.071260690689087,1.131760597229004,1.0380423069000244,1.0260895490646362,1.1403762102127075,1.3753539323806763,0.6425597071647644,0.0,0.0,0.0,0.0,0.0,0.0,0.0,0.0,0.0,0.0,0.33510857820510864,0.7721205949783325,0.892181932926178,0.8871681094169617,0.8839368224143982,0.10000000149011612,0.10000000149011612,0.22499999403953552
3,171,,,,,,,,,,,,,,,,,,,,,,,,,,,,,,,,,,,,,,,,,,1.0790647268295288,0.9852206707000732,1.0980072021484375,1.0987812280654907,1.0304661989212036,1.1024196147918701,0.9739875197410583,0.9027866721153259,1.103728175163269,1.3193130493164062,1.0693776607513428,1.0149421691894531,1.0937591791152954,0.970592200756073,1.0561532974243164,1.0672507286071777,0.992698073387146,1.088896632194519,0.981610894203186,0.8828591108322144,1.0336366891860962,1.130037546157837,1.0332030057907104,1.0790647268295288,0.9852206707000732,1.0980072021484375,1.0987812280654907,1.0304661989212036,1.1024196147918701,0.9739875197410583,0.9027866721153259,1.103728175163269,1.3193130493164062,0.6508811712265015,0.0,0.0,0.0,0.0,0.0,0.0,0.0,0.0,0.0,0.0,0.3170606195926666,0.7744042277336121,0.9038485884666443,0.8932330012321472,0.8860268592834473,0.10000000149011612,0.10000000149011612,0.22499999403953552
4,214,,,,,,,,,,,,,,,,,,,,,,,,,,,,,,,,,,,,,,,,,,1.039178490638733,0.8754619359970093,1.0505249500274658,1.0780788660049438,0.9734953045845032,1.0570045709609985,0.8744305372238159,0.7834519743919373,1.0414190292358398,1.2298675775527954,1.0002912282943726,0.9698349237442017,1.0778204202651978,0.8902360796928406,1.031063199043274,1.0594220161437988,0.9460321068763733,1.0607922077178955,0.9169217348098755,0.8000047206878662,0.991956889629364,1.090146780014038,0.9623134136199951,1.039178490638733,0.8754619359970093,1.0505249500274658,1.0780788660049438,0.9734953045845032,1.0570045709609985,0.8744305372238159,0.7834519743919373,1.0414190292358398,1.2298675775527954,0.6718366742134094,0.0,0.0,0.0,0.0,0.0,0.0,0.0,0.0,0.0,0.0,0.33431529998779297,0.7784273028373718,0.9213269352912903,0.898573100566864,0.8864642381668091,0.10000000149011612,0.10000000149011612,0.25
5,257,,,,,,,,,,,,,,,,,,,,,,,,,,,,,,,,,,,,,,,,,,0.9853731989860535,0.7206352949142456,0.9948840737342834,1.0549629926681519,0.898422360420227,0.956040620803833,0.764004647731781,0.6817465424537659,0.9419065713882446,1.1038174629211426,0.9101794362068176,0.9078382253646851,1.052239179611206,0.7770543694496155,0.9970614314079285,1.049725890159607,0.8893232941627502,0.9844202399253845,0.8524776697158813,0.7298782467842102,0.9265223145484924,1.0305497646331787,0.870202898979187,0.9853731989860535,0.7206352949142456,0.9948840737342834,1.0549629926681519,0.898422360420227,0.956040620803833,0.764004647731781,0.6817465424537659,0.9419065713882446,1.1038174629211426,0.6864286661148071,0.0,0.0,0.0,0.0,0.0,0.0,0.0,0.0,0.0,0.0,0.3426990509033203,0.7836889624595642,0.9425995349884033,0.9024745225906372,0.8841055035591125,0.10000000149011612,0.10000000149011612,0.2750000059604645
6,300,,,,,,,,,,,,,,,,,,,,,,,,,,,,,,,,,,,,,,,,,,0.9066762924194336,0.5434473752975464,0.9083940982818604,1.0280795097351074,0.8218070864677429,0.8226622939109802,0.6552407145500183,0.5881007313728333,0.8165560960769653,0.93719482421875,0.8028159737586975,0.8353667259216309,1.0099451541900635,0.6613823175430298,0.9341784119606018,1.0345908403396606,0.8397741317749023,0.8830141425132751,0.7954638004302979,0.6677716374397278,0.8486400246620178,0.9472838044166565,0.7604590058326721,0.9066762924194336,0.5434473752975464,0.9083940982818604,1.0280795097351074,0.8218070864677429,0.8226622939109802,0.6552407145500183,0.5881007313728333,0.8165560960769653,0.93719482421875,0.6923643946647644,0.0,0.0,0.0,0.0,0.0,0.0,0.0,0.0,0.0,0.0,0.3401834964752197,0.7887606620788574,0.970140814781189,0.9043200612068176,0.8729273080825806,0.10000000149011612,0.15000000596046448,0.30000001192092896
7,343,,,,,,,,,,,,,,,,,,,,,,,,,,,,,,,,,,,,,,,,,,0.8229213356971741,0.3909921944141388,0.8060597777366638,0.9936469793319702,0.7475529909133911,0.670402467250824,0.5410915613174438,0.5070199370384216,0.6728689670562744,0.7332279086112976,0.6885784268379211,0.7636722326278687,0.9595545530319214,0.5841931700706482,0.8594459891319275,1.013771891593933,0.8015719652175903,0.7733410000801086,0.7475181221961975,0.6163106560707092,0.7732247114181519,0.8458990454673767,0.6459012031555176,0.8229213356971741,0.3909921944141388,0.8060597777366638,0.9936469793319702,0.7475529909133911,0.670402467250824,0.5410915613174438,0.5070199370384216,0.6728689670562744,0.7332279086112976,0.703840970993042,0.0,0.0,0.0,0.0,0.0,0.0,0.0,0.0,0.0,0.0,0.3389209508895874,0.7952120900154114,0.9973093867301941,0.8994183540344238,0.8510385751724243,0.10000000149011612,0.15000000596046448,0.32499998807907104
8,386,,,,,,,,,,,,,,,,,,,,,,,,,,,,,,,,,,,,,,,,,,0.734494149684906,0.24583159387111664,0.692205011844635,0.9441900849342346,0.6930217742919922,0.48313072323799133,0.39410194754600525,0.4471791386604309,0.5246997475624084,0.5222129225730896,0.5681067109107971,0.7034471035003662,0.903943657875061,0.538813054561615,0.7862349152565002,0.9821978807449341,0.7763816118240356,0.6625915765762329,0.6920962333679199,0.5865541696548462,0.7107487916946411,0.7532127499580383,0.5335471630096436,0.734494149684906,0.24583159387111664,0.692205011844635,0.9441900849342346,0.6930217742919922,0.48313072323799133,0.39410194754600525,0.4471791386604309,0.5246997475624084,0.5222129225730896,0.7183771133422852,0.0,0.0,0.0,0.0,0.0,0.0,0.0,0.0,0.0,0.0,0.33731094002723694,0.8057736754417419,1.0214072465896606,0.8837668895721436,0.8153597712516785,0.10000000149011612,0.15000000596046448,0.32499998807907104
9,429,,,,,,,,,,,,,,,,,,,,,,,,,,,,,,,,,,,,,,,,,,0.6256970167160034,0.08550684154033661,0.5665457248687744,0.8725385665893555,0.6501308679580688,0.317428320646286,0.17117591202259064,0.31732258200645447,0.36983320116996765,0.33537518978118896,0.43115541338920593,0.6451953053474426,0.8203164935112,0.5140507817268372,0.7137200832366943,0.9316428303718567,0.7572848200798035,0.5864244699478149,0.6297582983970642,0.5232146382331848,0.6617757678031921,0.6774938702583313,0.40758657455444336,0.6256970167160034,0.08550684154033661,0.5665457248687744,0.8725385665893555,0.6501308679580688,0.317428320646286,0.17117591202259064,0.31732258200645447,0.36983320116996765,0.33537518978118896,0.7289702892303467,0.0,0.0,0.0,0.0,0.0,0.0,0.0,0.0,0.0,0.0,0.3318890631198883,0.8162659406661987,1.048936367034912,0.8621406555175781,0.7555322051048279,0.20000000298023224,0.20000000298023224,0.3499999940395355
10,472,,,,,,,,,,,,,,,,,,,,,,,,,,,,,,,,,,,,,,,,,,0.5038634538650513,-0.16830217838287354,0.43346086144447327,0.778637170791626,0.5973501205444336,0.13251827657222748,-0.1397015005350113,0.15300637483596802,0.14910253882408142,0.09070675075054169,0.25306418538093567,0.6008583903312683,0.7370960712432861,0.4952225387096405,0.6520337462425232,0.8648067712783813,0.7381690144538879,0.541541576385498,0.5730830430984497,0.4838647246360779,0.6227470636367798,0.6179556250572205,0.2620353400707245,0.5038634538650513,-0.16830217838287354,0.43346086144447327,0.778637170791626,0.5973501205444336,0.13251827657222748,-0.1397015005350113,0.15300637483596802,0.14910253882408142,0.09070675075054169,0.7437736392021179,0.0,0.0,0.0,0.0,0.0,0.0,0.0,0.0,0.0,0.0,0.3357415795326233,0.827085018157959,1.0641220808029175,0.8166413903236389,0.6646298170089722,0.10000000149011612,0.15000000596046448,0.3499999940395355
11,515,,,,,,,,,,,,,,,,,,,,,,,,,,,,,,,,,,,,,,,,,,0.3748171031475067,-0.36701369285583496,0.28095942735671997,0.6534779667854309,0.5365612506866455,-0.05979994684457779,-0.509800910949707,-0.15650762617588043,-0.05244852975010872,-0.1629246026277542,0.05373203381896019,0.5656676292419434,0.6632241606712341,0.4791465997695923,0.6095218658447266,0.7794625759124756,0.7230839729309082,0.5201491117477417,0.5386911034584045,0.43382886052131653,0.5968652963638306,0.5844332575798035,0.10099785029888153,0.3748171031475067,-0.36701369285583496,0.28095942735671997,0.6534779667854309,0.5365612506866455,-0.05979994684457779,-0.509800910949707,-0.15650762617588043,-0.05244852975010872,-0.1629246026277542,0.7536236643791199,0.0,0.0,0.0,0.0,0.0,0.0,0.0,0.0,0.0,0.0,0.33692467212677,0.8354406356811523,1.077021598815918,0.7641603350639343,0.5557674765586853,0.10000000149011612,0.20000000298023224,0.3499999940395355
12,558,,,,,,,,,,,,,,,,,,,,,,,,,,,,,,,,,,,,,,,,,,0.24170956015586853,-0.440375417470932,0.02565239742398262,0.4788621962070465,0.46401068568229675,-0.31347009539604187,-0.5780577063560486,-0.5275472402572632,-0.26306527853012085,-0.34829825162887573,-0.12605790793895721,0.530340850353241,0.5959762334823608,0.46721604466438293,0.5377577543258667,0.6654887795448303,0.705151379108429,0.492890328168869,0.5099117159843445,0.43029525876045227,0.5665605664253235,0.5487804412841797,-0.06491299718618393,0.24170956015586853,-0.440375417470932,0.02565239742398262,0.4788621962070465,0.46401068568229675,-0.31347009539604187,-0.5780577063560486,-0.5275472402572632,-0.26306527853012085,-0.34829825162887573,0.7616258263587952,0.0,0.0,0.0,0.0,0.0,0.0,0.0,0.0,0.0,0.0,0.33420896530151367,0.8398373126983643,1.089253544807434,0.7223748564720154,0.4600619971752167,0.20000000298023224,0.25,0.375
13,601,,,,,,,,,,,,,,,,,,,,,,,,,,,,,,,,,,,,,,,,,,0.09196669608354568,-0.5717104077339172,-0.1759059727191925,0.30691373348236084,0.3836476504802704,-0.50978684425354,-0.7444418668746948,-0.7551214098930359,-0.4254952371120453,-0.4610007703304291,-0.28609344363212585,0.4983425736427307,0.5518031716346741,0.4478406012058258,0.5138492584228516,0.5821218490600586,0.6896067261695862,0.47048231959342957,0.4792490303516388,0.387694388628006,0.5375428199768066,0.5209253430366516,-0.2176702320575714,0.09196669608354568,-0.5717104077339172,-0.1759059727191925,0.30691373348236084,0.3836476504802704,-0.50978684425354,-0.7444418668746948,-0.7551214098930359,-0.4254952371120453,-0.4610007703304291,0.7689706087112427,0.0,0.0,0.0,0.0,0.0,0.0,0.0,0.0,0.0,0.0,0.3340913653373718,0.8459253907203674,1.0955156087875366,0.6881961822509766,0.3893730640411377,0.20000000298023224,0.25,0.375
14,644,,,,,,,,,,,,,,,,,,,,,,,,,,,,,,,,,,,,,,,,,,-0.12156576663255692,-0.5941572189331055,-0.3081015348434448,0.17671965062618256,0.2888842821121216,-0.6110249757766724,-0.7744291424751282,-0.8622758984565735,-0.4710000455379486,-0.589718222618103,-0.38666683435440063,0.47840091586112976,0.5059757232666016,0.4474124610424042,0.500322699546814,0.5355807542800903,0.6777289509773254,0.45423179864883423,0.47277122735977173,0.3699840307235718,0.50750333070755,0.4968244731426239,-0.3320324122905731,-0.12156576663255692,-0.5941572189331055,-0.3081015348434448,0.17671965062618256,0.2888842821121216,-0.6110249757766724,-0.7744291424751282,-0.8622758984565735,-0.4710000455379486,-0.589718222618103,0.7768160104751587,0.0,0.0,0.0,0.0,0.0,0.0,0.0,0.0,0.0,0.0,0.3329203128814697,0.8513259291648865,1.0904631614685059,0.6580547094345093,0.3322474956512451,0.20000000298023224,0.25,0.375
15,687,,,,,,,,,,,,,,,,,,,,,,,,,,,,,,,,,,,,,,,,,,-0.35039690136909485,-0.6181378960609436,-0.45149245858192444,0.04356113076210022,0.14538943767547607,-0.6610826849937439,-0.7375166416168213,-0.8967072367668152,-0.5186004042625427,-0.6321154236793518,-0.46770989894866943,0.45916494727134705,0.4683654010295868,0.4228397011756897,0.48202309012413025,0.5019850134849548,0.6592707633972168,0.4485022723674774,0.4508990943431854,0.36030104756355286,0.4921186566352844,0.4743289649486542,-0.44924044609069824,-0.35039690136909485,-0.6181378960609436,-0.45149245858192444,0.04356113076210022,0.14538943767547607,-0.6610826849937439,-0.7375166416168213,-0.8967072367668152,-0.5186004042625427,-0.6321154236793518,0.7833998203277588,0.0,0.0,0.0,0.0,0.0,0.0,0.0,0.0,0.0,0.0,0.3314780294895172,0.8571333289146423,1.093363642692566,0.6320589184761047,0.2785312831401825,0.20000000298023224,0.25,0.375
16,730,,,,,,,,,,,,,,,,,,,,,,,,,,,,,,,,,,,,,,,,,,-0.5695582628250122,-0.692802369594574,-0.4855748116970062,-0.12200169265270233,0.019427062943577766,-0.639564037322998,-0.8046932220458984,-0.8897550106048584,-0.5205569267272949,-0.6342185139656067,-0.5339298248291016,0.44866499304771423,0.4489554166793823,0.4126681387424469,0.4680567979812622,0.4726221263408661,0.6445096135139465,0.4446899890899658,0.44274666905403137,0.36112478375434875,0.4768216013908386,0.4725043773651123,-0.5414048433303833,-0.5695582628250122,-0.692802369594574,-0.4855748116970062,-0.12200169265270233,0.019427062943577766,-0.639564037322998,-0.8046932220458984,-0.8897550106048584,-0.5205569267272949,-0.6342185139656067,0.7894268035888672,0.0,0.0,0.0,0.0,0.0,0.0,0.0,0.0,0.0,0.0,0.33179154992103577,0.8609686493873596,1.0890103578567505,0.6054679751396179,0.2263140231370926,0.20000000298023224,0.30000001192092896,0.42500001192092896
17,773,,,,,,,,,,,,,,,,,,,,,,,,,,,,,,,,,,,,,,,,,,-0.6792008876800537,-0.6825917363166809,-0.5325155258178711,-0.28081557154655457,-0.04933815449476242,-0.7398403882980347,-0.8047647476196289,-0.9944520592689514,-0.6724355220794678,-0.7277798056602478,-0.6163733601570129,0.43417131900787354,0.425414115190506,0.4040226936340332,0.459980309009552,0.466077983379364,0.6351823806762695,0.4321017861366272,0.43473342061042786,0.33791598677635193,0.45776960253715515,0.45380666851997375,-0.6377970576286316,-0.6792008876800537,-0.6825917363166809,-0.5325155258178711,-0.28081557154655457,-0.04933815449476242,-0.7398403882980347,-0.8047647476196289,-0.9944520592689514,-0.6724355220794678,-0.7277798056602478,0.7953392863273621,0.0,0.0,0.0,0.0,0.0,0.0,0.0,0.0,0.0,0.0,0.3327230215072632,0.8663758039474487,1.0948055982589722,0.5817267298698425,0.1775771826505661,0.20000000298023224,0.30000001192092896,0.42500001192092896
18,816,,,,,,,,,,,,,,,,,,,,,,,,,,,,,,,,,,,,,,,,,,-0.7824968099594116,-0.7679293751716614,-0.5443824529647827,-0.42854100465774536,-0.15430006384849548,-0.7765828371047974,-0.9323834776878357,-1.0510728359222412,-0.7158776521682739,-0.6844950318336487,-0.6838061213493347,0.4244741201400757,0.40747350454330444,0.3932143747806549,0.45550480484962463,0.4468684494495392,0.6212586164474487,0.4333755075931549,0.4309862554073334,0.3336983621120453,0.4471617639064789,0.43686866760253906,-0.707268238067627,-0.7824968099594116,-0.7679293751716614,-0.5443824529647827,-0.42854100465774536,-0.15430006384849548,-0.7765828371047974,-0.9323834776878357,-1.0510728359222412,-0.7158776521682739,-0.6844950318336487,0.799950122833252,0.0,0.0,0.0,0.0,0.0,0.0,0.0,0.0,0.0,0.0,0.33433064818382263,0.8704455494880676,1.096854567527771,0.5643953680992126,0.14828282594680786,0.30000001192092896,0.30000001192092896,0.44999998807907104
19,859,,,,,,,,,,,,,,,,,,,,,,,,,,,,,,,,,,,,,,,,,,-0.8312453031539917,-0.8106730580329895,-0.6294358372688293,-0.5700905919075012,-0.17493678629398346,-0.8317859768867493,-0.6759101152420044,-1.0928661823272705,-0.7924495339393616,-0.7784684300422668,-0.7187861800193787,0.40869247913360596,0.3893005847930908,0.3803718388080597,0.4317483901977539,0.42824605107307434,0.5918010473251343,0.4161223769187927,0.4184543490409851,0.32463881373405457,0.4227668344974518,0.43570858240127563,-0.7491984367370605,-0.8312453031539917,-0.8106730580329895,-0.6294358372688293,-0.5700905919075012,-0.17493678629398346,-0.8317859768867493,-0.6759101152420044,-1.0928661823272705,-0.7924495339393616,-0.7784684300422668,0.8047855496406555,0.0,0.0,0.0,0.0,0.0,0.0,0.0,0.0,0.0,0.0,0.32950589060783386,0.8765922784805298,1.098744511604309,0.5615566372871399,0.1319640427827835,0.30000001192092896,0.30000001192092896,0.44999998807907104
20,902,,,,,,,,,,,,,,,,,,,,,,,,,,,,,,,,,,,,,,,,,,-0.887295663356781,-0.7088761329650879,-0.6701366305351257,-0.5670987367630005,-0.16096723079681396,-0.8518010973930359,-0.8955864906311035,-1.0968149900436401,-0.8090298771858215,-0.7803308367729187,-0.7427937984466553,0.4028056561946869,0.38258808851242065,0.37962794303894043,0.41915658116340637,0.4289521276950836,0.5760271549224854,0.4129917025566101,0.4169521927833557,0.3214576840400696,0.41387104988098145,0.4196258783340454,-0.7622126340866089,-0.887295663356781,-0.7088761329650879,-0.6701366305351257,-0.5670987367630005,-0.16096723079681396,-0.8518010973930359,-0.8955864906311035,-1.0968149900436401,-0.8090298771858215,-0.7803308367729187,0.8087561130523682,0.0,0.0,0.0,0.0,0.0,0.0,0.0,0.0,0.0,0.0,0.32914936542510986,0.8817607164382935,1.0926142930984497,0.5497592091560364,0.12239130586385727,0.30000001192092896,0.25,0.4749999940395355
21,945,,,,,,,,,,,,,,,,,,,,,,,,,,,,,,,,,,,,,,,,,,-0.9434373378753662,-0.8361367583274841,-0.755324125289917,-0.6733620166778564,-0.36911869049072266,-0.9194665551185608,-0.8003089427947998,-1.134137511253357,-0.7929781079292297,-0.7533153295516968,-0.7977585196495056,0.38660532236099243,0.36788293719291687,0.363993376493454,0.40147826075553894,0.41151830554008484,0.5412392020225525,0.3949728310108185,0.3986830711364746,0.314696341753006,0.4023454487323761,0.41222187876701355,-0.8293845653533936,-0.9434373378753662,-0.8361367583274841,-0.755324125289917,-0.6733620166778564,-0.36911869049072266,-0.9194665551185608,-0.8003089427947998,-1.134137511253357,-0.7929781079292297,-0.7533153295516968,0.8115090131759644,0.0,0.0,0.0,0.0,0.0,0.0,0.0,0.0,0.0,0.0,0.324981153011322,0.8859997391700745,1.0970312356948853,0.549340009689331,0.1138695552945137,0.30000001192092896,0.25,0.4749999940395355
22,988,,,,,,,,,,,,,,,,,,,,,,,,,,,,,,,,,,,,,,,,,,-1.022597312927246,-0.8346230387687683,-0.7676602005958557,-0.6487570405006409,-0.33976200222969055,-0.9145693778991699,-0.8342810869216919,-1.1143581867218018,-0.8783194422721863,-0.8480418920516968,-0.8202968835830688,0.3853045701980591,0.3617475628852844,0.3671177923679352,0.39229950308799744,0.4097912311553955,0.5269871950149536,0.3916998505592346,0.39800766110420227,0.3171902596950531,0.396014004945755,0.4102081060409546,-0.8449509143829346,-1.022597312927246,-0.8346230387687683,-0.7676602005958557,-0.6487570405006409,-0.33976200222969055,-0.9145693778991699,-0.8342810869216919,-1.1143581867218018,-0.8783194422721863,-0.8480418920516968,0.8152012825012207,0.0,0.0,0.0,0.0,0.0,0.0,0.0,0.0,0.0,0.0,0.32855865359306335,0.8892821073532104,1.0917167663574219,0.530250072479248,0.11124631017446518,0.30000001192092896,0.25,0.4749999940395355
23,999,-1.0757665634155273,-1.327901840209961,-0.6248544454574585,-0.7889898419380188,-0.8206843137741089,-1.282555341720581,-1.0971324443817139,-1.5318572521209717,-0.9915251731872559,-1.141297698020935,-1.0682564973831177,0.23050746321678162,0.24312590062618256,0.34873533248901367,0.3439823091030121,0.30026280879974365,0.36448127031326294,0.24408191442489624,0.1933322548866272,0.32953569293022156,0.322571337223053,-1.0757665634155273,-1.327901840209961,-0.6248544454574585,-0.7889898419380188,-0.8206843137741089,-1.282555341720581,-1.0971324443817139,-1.5318572521209717,-0.9915251731872559,-1.141297698020935,0.0,0.0,0.0,0.0,0.0,0.0,0.0,0.0,0.0,0.0,,,,,,,,,,,,,,,,,,,,,,,,,,,,,,,,,,,,,,,,,,,,,,,,,,,,
23,1031,,,,,,,,,,,,,,,,,,,,,,,,,,,,,,,,,,,,,,,,,,-1.0284627676010132,-0.8368510007858276,-0.8696445822715759,-0.691175103187561,-0.42602574825286865,-0.9169963598251343,-1.0045751333236694,-1.1970202922821045,-0.9598626494407654,-0.8654530048370361,-0.8796066641807556,0.37379881739616394,0.35576507449150085,0.3546271026134491,0.38381779193878174,0.394391268491745,0.5030338168144226,0.38060036301612854,0.38766804337501526,0.3076518177986145,0.38935723900794983,0.39195743203163147,-0.8990330696105957,-1.0284627676010132,-0.8368510007858276,-0.8696445822715759,-0.691175103187561,-0.42602574825286865,-0.9169963598251343,-1.0045751333236694,-1.1970202922821045,-0.9598626494407654,-0.8654530048370361,0.8181291818618774,0.0,0.0,0.0,0.0,0.0,0.0,0.0,0.0,0.0,0.0,0.3259563744068146,0.8920183777809143,1.087318778038025,0.5258331894874573,0.1068120077252388,0.30000001192092896,0.25,0.5
24,1074,,,,,,,,,,,,,,,,,,,,,,,,,,,,,,,,,,,,,,,,,,-1.1121963262557983,-0.9373305439949036,-0.7829357385635376,-0.791686475276947,-0.5046314597129822,-0.9384822845458984,-1.040670394897461,-1.1576621532440186,-0.9183276295661926,-0.8521669507026672,-0.9036089181900024,0.36853304505348206,0.34710216522216797,0.3469662070274353,0.3745628297328949,0.3908342123031616,0.47872430086135864,0.38157975673675537,0.388266384601593,0.31054770946502686,0.37868544459342957,0.39099177718162537,-0.9255186915397644,-1.1121963262557983,-0.9373305439949036,-0.7829357385635376,-0.791686475276947,-0.5046314597129822,-0.9384822845458984,-1.040670394897461,-1.1576621532440186,-0.9183276295661926,-0.8521669507026672,0.8203791379928589,0.0,0.0,0.0,0.0,0.0,0.0,0.0,0.0,0.0,0.0,0.32489943504333496,0.8944038152694702,1.0849246978759766,0.5237389206886292,0.10435076802968979,0.30000001192092896,0.25,0.5249999761581421
25,1117,,,,,,,,,,,,,,,,,,,,,,,,,,,,,,,,,,,,,,,,,,-1.1310598850250244,-0.9348376393318176,-0.8800265192985535,-0.8639688491821289,-0.6592592597007751,-0.9982335567474365,-0.7934733629226685,-1.2636266946792603,-1.0094236135482788,-0.8923670649528503,-0.9426275491714478,0.3591245114803314,0.34311217069625854,0.3430745005607605,0.3621653914451599,0.37896937131881714,0.45474955439567566,0.37383851408958435,0.37963011860847473,0.30146563053131104,0.3727158010005951,0.3785149157047272,-0.9787100553512573,-1.1310598850250244,-0.9348376393318176,-0.8800265192985535,-0.8639688491821289,-0.6592592597007751,-0.9982335567474365,-0.7934733629226685,-1.2636266946792603,-1.0094236135482788,-0.8923670649528503,0.8226134181022644,0.0,0.0,0.0,0.0,0.0,0.0,0.0,0.0,0.0,0.0,0.3263927400112152,0.8961507081985474,1.0900598764419556,0.5160274505615234,0.09958723187446594,0.30000001192092896,0.25,0.5249999761581421
26,1160,,,,,,,,,,,,,,,,,,,,,,,,,,,,,,,,,,,,,,,,,,-1.1479895114898682,-0.9657265543937683,-0.8746683597564697,-0.879592776298523,-0.6717986464500427,-1.0387381315231323,-0.9522931575775146,-1.2345781326293945,-0.9535115361213684,-0.9439425468444824,-0.9662837386131287,0.36044517159461975,0.33958154916763306,0.34142571687698364,0.36869606375694275,0.38776659965515137,0.44464972615242004,0.36764007806777954,0.3915448784828186,0.30969029664993286,0.36605826020240784,0.378200501203537,-0.9972033500671387,-1.1479895114898682,-0.9657265543937683,-0.8746683597564697,-0.879592776298523,-0.6717986464500427,-1.0387381315231323,-0.9522931575775146,-1.2345781326293945,-0.9535115361213684,-0.9439425468444824,0.825415313243866,0.0,0.0,0.0,0.0,0.0,0.0,0.0,0.0,0.0,0.0,0.3236013352870941,0.8980423212051392,1.0777859687805176,0.501582145690918,0.0965680330991745,0.30000001192092896,0.25,0.5249999761581421
27,1203,,,,,,,,,,,,,,,,,,,,,,,,,,,,,,,,,,,,,,,,,,-1.1776565313339233,-1.0462641716003418,-0.8755489587783813,-0.8973522186279297,-0.7128809094429016,-1.0718879699707031,-1.0397847890853882,-1.2757869958877563,-1.1145026683807373,-0.8936659693717957,-1.0105332136154175,0.34879669547080994,0.33727017045021057,0.3363567590713501,0.35160982608795166,0.36971515417099,0.4303087592124939,0.3596946895122528,0.369810551404953,0.3045436143875122,0.3618418872356415,0.3638373911380768,-1.0292322635650635,-1.1776565313339233,-1.0462641716003418,-0.8755489587783813,-0.8973522186279297,-0.7128809094429016,-1.0718879699707031,-1.0397847890853882,-1.2757869958877563,-1.1145026683807373,-0.8936659693717957,0.8258926272392273,0.0,0.0,0.0,0.0,0.0,0.0,0.0,0.0,0.0,0.0,0.32521045207977295,0.899125874042511,1.0915147066116333,0.5090758204460144,0.09407242387533188,0.30000001192092896,0.25,0.5249999761581421
28,1246,,,,,,,,,,,,,,,,,,,,,,,,,,,,,,,,,,,,,,,,,,-1.2511309385299683,-1.019708514213562,-0.956779420375824,-0.9339572191238403,-0.660054087638855,-1.0646564960479736,-0.9834018349647522,-1.28590726852417,-1.105941653251648,-0.9566947817802429,-1.0218232870101929,0.3483910858631134,0.3334123492240906,0.33515769243240356,0.34906649589538574,0.36558300256729126,0.42052996158599854,0.362408846616745,0.3689661920070648,0.30251848697662354,0.3578086495399475,0.35997629165649414,-1.0456154346466064,-1.2511309385299683,-1.019708514213562,-0.956779420375824,-0.9339572191238403,-0.660054087638855,-1.0646564960479736,-0.9834018349647522,-1.28590726852417,-1.105941653251648,-0.9566947817802429,0.8285148739814758,0.0,0.0,0.0,0.0,0.0,0.0,0.0,0.0,0.0,0.0,0.3243952989578247,0.900732159614563,1.0729204416275024,0.4916503429412842,0.0912574976682663,0.30000001192092896,0.25,0.5249999761581421
29,1289,,,,,,,,,,,,,,,,,,,,,,,,,,,,,,,,,,,,,,,,,,-1.1923707723617554,-1.0438838005065918,-0.9722692966461182,-0.9039126634597778,-0.754515528678894,-1.0526500940322876,-0.9570483565330505,-1.3003240823745728,-1.092424988746643,-0.95090651512146,-1.0220307111740112,0.3493359088897705,0.33143362402915955,0.3333335816860199,0.35811924934387207,0.3721771538257599,0.4155846834182739,0.35786211490631104,0.3658631443977356,0.29783475399017334,0.3581200838088989,0.36624565720558167,-1.0523229837417603,-1.1923707723617554,-1.0438838005065918,-0.9722692966461182,-0.9039126634597778,-0.754515528678894,-1.0526500940322876,-0.9570483565330505,-1.3003240823745728,-1.092424988746643,-0.95090651512146,0.8314195275306702,0.0,0.0,0.0,0.0,0.0,0.0,0.0,0.0,0.0,0.0,0.32413941621780396,0.9025524854660034,1.066577672958374,0.47807109355926514,0.08759291470050812,0.30000001192092896,0.25,0.5249999761581421
30,1332,,,,,,,,,,,,,,,,,,,,,,,,,,,,,,,,,,,,,,,,,,-1.2001838684082031,-1.010530948638916,-0.9659839868545532,-0.9346259832382202,-0.7463715076446533,-1.14584219455719,-0.9725489616394043,-1.3630943298339844,-0.929685115814209,-0.9923335313796997,-1.0261200666427612,0.3376723825931549,0.3337987959384918,0.33020761609077454,0.33867859840393066,0.35803839564323425,0.39654892683029175,0.3424296975135803,0.3660620450973511,0.2911539673805237,0.35919511318206787,0.35031405091285706,-1.057281732559204,-1.2001838684082031,-1.010530948638916,-0.9659839868545532,-0.9346259832382202,-0.7463715076446533,-1.14584219455719,-0.9725489616394043,-1.3630943298339844,-0.929685115814209,-0.9923335313796997,0.831655740737915,0.0,0.0,0.0,0.0,0.0,0.0,0.0,0.0,0.0,0.0,0.32185810804367065,0.9038540124893188,1.07683265209198,0.4989887773990631,0.08705761283636093,0.4000000059604645,0.25,0.550000011920929
31,1375,,,,,,,,,,,,,,,,,,,,,,,,,,,,,,,,,,,,,,,,,,-1.3010555505752563,-1.0996932983398438,-1.0225231647491455,-1.0228925943374634,-0.7506569623947144,-1.1387301683425903,-0.9507684111595154,-1.3716816902160645,-1.1569416522979736,-1.0222437381744385,-1.0837186574935913,0.33750343322753906,0.3250502347946167,0.33307740092277527,0.33655351400375366,0.3537254333496094,0.3929862678050995,0.3494761288166046,0.3668612241744995,0.29037925601005554,0.3501890003681183,0.3414607048034668,-1.1187974214553833,-1.3010555505752563,-1.0996932983398438,-1.0225231647491455,-1.0228925943374634,-0.7506569623947144,-1.1387301683425903,-0.9507684111595154,-1.3716816902160645,-1.1569416522979736,-1.0222437381744385,0.8351731300354004,0.0,0.0,0.0,0.0,0.0,0.0,0.0,0.0,0.0,0.0,0.32366564869880676,0.905559778213501,1.0699706077575684,0.4717229902744293,0.08517953753471375,0.4000000059604645,0.3499999940395355,0.5249999761581421
32,1418,,,,,,,,,,,,,,,,,,,,,,,,,,,,,,,,,,,,,,,,,,-1.3335844278335571,-1.0631606578826904,-1.0583354234695435,-1.0260720252990723,-0.8019334077835083,-1.189498782157898,-1.0455020666122437,-1.3832733631134033,-1.0825682878494263,-1.0864534378051758,-1.1070382595062256,0.33326485753059387,0.3211645185947418,0.3247542679309845,0.32964402437210083,0.35308700799942017,0.3893517255783081,0.33912402391433716,0.35994482040405273,0.2920958697795868,0.34378620982170105,0.3341488838195801,-1.1352843046188354,-1.3335844278335571,-1.0631606578826904,-1.0583354234695435,-1.0260720252990723,-0.8019334077835083,-1.189498782157898,-1.0455020666122437,-1.3832733631134033,-1.0825682878494263,-1.0864534378051758,0.8357619047164917,0.0,0.0,0.0,0.0,0.0,0.0,0.0,0.0,0.0,0.0,0.32274964451789856,0.906741201877594,1.0692107677459717,0.4711722135543823,0.08149325102567673,0.4000000059604645,0.3499999940395355,0.550000011920929
33,1461,,,,,,,,,,,,,,,,,,,,,,,,,,,,,,,,,,,,,,,,,,-1.367621898651123,-1.1338170766830444,-1.0893350839614868,-1.0667881965637207,-0.7289205193519592,-1.144681692123413,-1.0191148519515991,-1.389975666999817,-1.1856303215026855,-1.0193778276443481,-1.1145262718200684,0.3308328688144684,0.3225749135017395,0.3188019394874573,0.3318692147731781,0.34452617168426514,0.3866892457008362,0.3459556996822357,0.36260345578193665,0.28529947996139526,0.34302181005477905,0.33619654178619385,-1.1437578201293945,-1.367621898651123,-1.1338170766830444,-1.0893350839614868,-1.0667881965637207,-0.7289205193519592,-1.144681692123413,-1.0191148519515991,-1.389975666999817,-1.1856303215026855,-1.0193778276443481,0.8378336429595947,0.0,0.0,0.0,0.0,0.0,0.0,0.0,0.0,0.0,0.0,0.32356706261634827,0.9084116220474243,1.0653080940246582,0.46816563606262207,0.08210605382919312,0.4000000059604645,0.4000000059604645,0.550000011920929
34,1504,,,,,,,,,,,,,,,,,,,,,,,,,,,,,,,,,,,,,,,,,,-1.3692965507507324,-1.161743402481079,-1.1039907932281494,-1.015632152557373,-0.8702801465988159,-1.1496919393539429,-0.9957304000854492,-1.4077781438827515,-1.2343907356262207,-1.0754039287567139,-1.1383938789367676,0.33156347274780273,0.3257025182247162,0.32242313027381897,0.33256077766418457,0.3423033356666565,0.39629751443862915,0.33873477578163147,0.356942355632782,0.2846698462963104,0.33926308155059814,0.3340417444705963,-1.1672521829605103,-1.3692965507507324,-1.161743402481079,-1.1039907932281494,-1.015632152557373,-0.8702801465988159,-1.1496919393539429,-0.9957304000854492,-1.4077781438827515,-1.2343907356262207,-1.0754039287567139,0.838647186756134,0.0,0.0,0.0,0.0,0.0,0.0,0.0,0.0,0.0,0.0,0.3235100209712982,0.9090822339057922,1.0558974742889404,0.4562537372112274,0.0775914117693901,0.4000000059604645,0.4000000059604645,0.550000011920929
35,1547,,,,,,,,,,,,,,,,,,,,,,,,,,,,,,,,,,,,,,,,,,-1.323335886001587,-1.0854313373565674,-1.071865200996399,-1.0675262212753296,-0.7395926117897034,-1.2212047576904297,-0.9905679821968079,-1.4264451265335083,-1.183573842048645,-1.056047797203064,-1.1165590286254883,0.3262109160423279,0.3208686113357544,0.31748294830322266,0.3292927145957947,0.3395436406135559,0.37976956367492676,0.33808135986328125,0.35603275895118713,0.28491389751434326,0.3381202816963196,0.32810261845588684,-1.1446728706359863,-1.323335886001587,-1.0854313373565674,-1.071865200996399,-1.0675262212753296,-0.7395926117897034,-1.2212047576904297,-0.9905679821968079,-1.4264451265335083,-1.183573842048645,-1.056047797203064,0.839550793170929,0.0,0.0,0.0,0.0,0.0,0.0,0.0,0.0,0.0,0.0,0.3198346793651581,0.9105172753334045,1.0600122213363647,0.47253838181495667,0.08137998729944229,0.4000000059604645,0.44999998807907104,0.550000011920929
36,1590,,,,,,,,,,,,,,,,,,,,,,,,,,,,,,,,,,,,,,,,,,-1.3805115222930908,-1.1553343534469604,-1.1459959745407104,-1.1598228216171265,-0.8407495617866516,-1.2444394826889038,-1.103151798248291,-1.4516937732696533,-1.304600477218628,-1.0631961822509766,-1.184949517250061,0.32285043597221375,0.31824254989624023,0.3159281313419342,0.319844514131546,0.33190348744392395,0.37567609548568726,0.3411928713321686,0.3626849949359894,0.2794423997402191,0.3326292037963867,0.3331085443496704,-1.2168645858764648,-1.3805115222930908,-1.1553343534469604,-1.1459959745407104,-1.1598228216171265,-0.8407495617866516,-1.2444394826889038,-1.103151798248291,-1.4516937732696533,-1.304600477218628,-1.0631961822509766,0.8423488736152649,0.0,0.0,0.0,0.0,0.0,0.0,0.0,0.0,0.0,0.0,0.32312899827957153,0.9119730591773987,1.0575754642486572,0.45687946677207947,0.07587001472711563,0.4000000059604645,0.44999998807907104,0.550000011920929
37,1633,,,,,,,,,,,,,,,,,,,,,,,,,,,,,,,,,,,,,,,,,,-1.4563525915145874,-1.2572168111801147,-1.140553593635559,-1.1233124732971191,-0.7727122902870178,-1.2831298112869263,-0.9689248204231262,-1.4472037553787231,-1.1790841817855835,-1.100492238998413,-1.1728981733322144,0.3212713897228241,0.31548699736595154,0.31099313497543335,0.32834070920944214,0.33378392457962036,0.36938512325286865,0.328530490398407,0.35353603959083557,0.28707191348075867,0.3308575451374054,0.31762591004371643,-1.2025322914123535,-1.4563525915145874,-1.2572168111801147,-1.140553593635559,-1.1233124732971191,-0.7727122902870178,-1.2831298112869263,-0.9689248204231262,-1.4472037553787231,-1.1790841817855835,-1.100492238998413,0.8422882556915283,0.0,0.0,0.0,0.0,0.0,0.0,0.0,0.0,0.0,0.0,0.3202965259552002,0.9126575589179993,1.0519410371780396,0.45891082286834717,0.07894694060087204,0.4000000059604645,0.5,0.5249999761581421
38,1676,,,,,,,,,,,,,,,,,,,,,,,,,,,,,,,,,,,,,,,,,,-1.4319535493850708,-1.2331432104110718,-1.1891541481018066,-1.1940230131149292,-0.8631568551063538,-1.310988426208496,-1.0813682079315186,-1.5218340158462524,-1.3815313577651978,-1.0889192819595337,-1.229607343673706,0.31656506657600403,0.3148472309112549,0.31088340282440186,0.3151756823062897,0.32458844780921936,0.36807700991630554,0.3244155943393707,0.34635600447654724,0.27644142508506775,0.3296178877353668,0.31539303064346313,-1.2521915435791016,-1.4319535493850708,-1.2331432104110718,-1.1891541481018066,-1.1940230131149292,-0.8631568551063538,-1.310988426208496,-1.0813682079315186,-1.5218340158462524,-1.3815313577651978,-1.0889192819595337,0.8427578806877136,0.0,0.0,0.0,0.0,0.0,0.0,0.0,0.0,0.0,0.0,0.32528817653656006,0.9137961864471436,1.0645909309387207,0.4565139710903168,0.07467471063137054,0.4000000059604645,0.44999998807907104,0.550000011920929
39,1719,,,,,,,,,,,,,,,,,,,,,,,,,,,,,,,,,,,,,,,,,,-1.4788036346435547,-1.2585077285766602,-1.1894282102584839,-1.2181848287582397,-0.8887560963630676,-1.332674264907837,-1.1866376399993896,-1.5016359090805054,-1.3035171031951904,-1.2007205486297607,-1.2558865547180176,0.31301620602607727,0.30931469798088074,0.3091537058353424,0.30920177698135376,0.32648134231567383,0.3630297780036926,0.3160301744937897,0.3434218466281891,0.2752249538898468,0.3275473713874817,0.3052155673503876,-1.2835488319396973,-1.4788036346435547,-1.2585077285766602,-1.1894282102584839,-1.2181848287582397,-0.8887560963630676,-1.332674264907837,-1.1866376399993896,-1.5016359090805054,-1.3035171031951904,-1.2007205486297607,0.843890368938446,0.0,0.0,0.0,0.0,0.0,0.0,0.0,0.0,0.0,0.0,0.32760393619537354,0.9142302870750427,1.0733623504638672,0.45509016513824463,0.07128320634365082,0.4000000059604645,0.5,0.550000011920929
40,1762,,,,,,,,,,,,,,,,,,,,,,,,,,,,,,,,,,,,,,,,,,-1.474526047706604,-1.2582257986068726,-1.192179560661316,-1.2603267431259155,-0.9752267003059387,-1.3233113288879395,-0.9644812941551208,-1.4960523843765259,-1.3897391557693481,-1.1058480739593506,-1.2439918518066406,0.3129259943962097,0.31042492389678955,0.31088560819625854,0.30757826566696167,0.32355862855911255,0.36117854714393616,0.3170607089996338,0.35620853304862976,0.27771326899528503,0.325031042098999,0.3038053512573242,-1.2800283432006836,-1.474526047706604,-1.2582257986068726,-1.192179560661316,-1.2603267431259155,-0.9752267003059387,-1.3233113288879395,-0.9644812941551208,-1.4960523843765259,-1.3897391557693481,-1.1058480739593506,0.8454858660697937,0.0,0.0,0.0,0.0,0.0,0.0,0.0,0.0,0.0,0.0,0.32402878999710083,0.9149661064147949,1.0704554319381714,0.45019006729125977,0.0711120069026947,0.4000000059604645,0.5,0.574999988079071
41,1805,,,,,,,,,,,,,,,,,,,,,,,,,,,,,,,,,,,,,,,,,,-1.4707667827606201,-1.269860863685608,-1.1678465604782104,-1.2562267780303955,-0.8911285400390625,-1.3485502004623413,-0.9302540421485901,-1.4580302238464355,-1.322581171989441,-1.1517281532287598,-1.2266970872879028,0.3104943335056305,0.3101017475128174,0.3057663142681122,0.3072300851345062,0.3179716467857361,0.3575036823749542,0.3088836371898651,0.34577780961990356,0.28620466589927673,0.32157960534095764,0.30254116654396057,-1.256189227104187,-1.4707667827606201,-1.269860863685608,-1.1678465604782104,-1.2562267780303955,-0.8911285400390625,-1.3485502004623413,-0.9302540421485901,-1.4580302238464355,-1.322581171989441,-1.1517281532287598,0.8449224829673767,0.0,0.0,0.0,0.0,0.0,0.0,0.0,0.0,0.0,0.0,0.3268863260746002,0.9172897338867188,1.0794677734375,0.46410688757896423,0.07316524535417557,0.4000000059604645,0.5,0.550000011920929
42,1848,,,,,,,,,,,,,,,,,,,,,,,,,,,,,,,,,,,,,,,,,,-1.4995015859603882,-1.2606759071350098,-1.1549263000488281,-1.2444685697555542,-0.9082515239715576,-1.3251208066940308,-1.152851939201355,-1.3133063316345215,-1.4315561056137085,-1.2514026165008545,-1.2542059421539307,0.30821892619132996,0.30786821246147156,0.3108997046947479,0.30382877588272095,0.3184213936328888,0.35446682572364807,0.30952033400535583,0.335511714220047,0.28219547867774963,0.32051828503608704,0.2968342900276184,-1.278279423713684,-1.4995015859603882,-1.2606759071350098,-1.1549263000488281,-1.2444685697555542,-0.9082515239715576,-1.3251208066940308,-1.152851939201355,-1.3133063316345215,-1.4315561056137085,-1.2514026165008545,0.8468399047851562,0.0,0.0,0.0,0.0,0.0,0.0,0.0,0.0,0.0,0.0,0.3219142258167267,0.9167587757110596,1.0670220851898193,0.4606877565383911,0.07166515290737152,0.4000000059604645,0.5,0.550000011920929
43,1891,,,,,,,,,,,,,,,,,,,,,,,,,,,,,,,,,,,,,,,,,,-1.5061521530151367,-1.3492510318756104,-1.2251856327056885,-1.2762154340744019,-0.8864090442657471,-1.3338688611984253,-1.0803484916687012,-1.5598766803741455,-1.3884369134902954,-1.2420250177383423,-1.2847769260406494,0.30397582054138184,0.3090737760066986,0.2998489439487457,0.3050723969936371,0.31251826882362366,0.3533463478088379,0.31396105885505676,0.33598196506500244,0.2686193883419037,0.31652772426605225,0.2922040522098541,-1.316024661064148,-1.5061521530151367,-1.3492510318756104,-1.2251856327056885,-1.2762154340744019,-0.8864090442657471,-1.3338688611984253,-1.0803484916687012,-1.5598766803741455,-1.3884369134902954,-1.2420250177383423,0.8487356305122375,0.0,0.0,0.0,0.0,0.0,0.0,0.0,0.0,0.0,0.0,0.3255195617675781,0.9191737771034241,1.0750818252563477,0.45136749744415283,0.0704454630613327,0.5,0.5,0.550000011920929
44,1934,,,,,,,,,,,,,,,,,,,,,,,,,,,,,,,,,,,,,,,,,,-1.5111088752746582,-1.368354082107544,-1.1905020475387573,-1.2602628469467163,-0.8494930863380432,-1.3765177726745605,-1.1426321268081665,-1.5572221279144287,-1.3137251138687134,-1.2372459173202515,-1.280706524848938,0.30214011669158936,0.304243266582489,0.3004682958126068,0.3031232953071594,0.3180381953716278,0.3521524965763092,0.3007887899875641,0.33212971687316895,0.271942138671875,0.3153959810733795,0.2891075909137726,-1.326635718345642,-1.5111088752746582,-1.368354082107544,-1.1905020475387573,-1.2602628469467163,-0.8494930863380432,-1.3765177726745605,-1.1426321268081665,-1.5572221279144287,-1.3137251138687134,-1.2372459173202515,0.8509553074836731,0.0,0.0,0.0,0.0,0.0,0.0,0.0,0.0,0.0,0.0,0.3274948000907898,0.9206516742706299,1.065452218055725,0.43269118666648865,0.06644483655691147,0.5,0.5,0.550000011920929
45,1977,,,,,,,,,,,,,,,,,,,,,,,,,,,,,,,,,,,,,,,,,,-1.5303007364273071,-1.3567432165145874,-1.2509498596191406,-1.3123396635055542,-0.8777757287025452,-1.419033169746399,-1.2239787578582764,-1.5894285440444946,-1.4131518602371216,-1.3321781158447266,-1.3305879831314087,0.3008503317832947,0.307984858751297,0.29879051446914673,0.3028443157672882,0.31876376271247864,0.35314851999282837,0.3089834153652191,0.33024120330810547,0.2683424949645996,0.31257909536361694,0.28359296917915344,-1.3633569478988647,-1.5303007364273071,-1.3567432165145874,-1.2509498596191406,-1.3123396635055542,-0.8777757287025452,-1.419033169746399,-1.2239787578582764,-1.5894285440444946,-1.4131518602371216,-1.3321781158447266,0.8516072630882263,0.0,0.0,0.0,0.0,0.0,0.0,0.0,0.0,0.0,0.0,0.3274383544921875,0.920549750328064,1.0563602447509766,0.43686139583587646,0.06680715084075928,0.5,0.5,0.550000011920929
46,1999,-1.9421942234039307,-1.5221278667449951,-1.5676252841949463,-1.51542329788208,-1.442319393157959,-1.5796148777008057,-1.2878888845443726,-2.227091073989868,-1.8415257930755615,-1.8730707168579102,-1.679888129234314,0.31393343210220337,0.31297820806503296,0.2506774067878723,0.36445820331573486,0.3415789008140564,0.289065420627594,0.34484806656837463,0.18163037300109863,0.282382071018219,0.23927506804466248,-1.9421942234039307,-1.5221278667449951,-1.5676252841949463,-1.51542329788208,-1.442319393157959,-1.5796148777008057,-1.2878888845443726,-2.227091073989868,-1.8415257930755615,-1.8730707168579102,0.0,0.0,0.0,0.0,0.0,0.0,0.0,0.0,0.0,0.0,,,,,,,,,,,,,,,,,,,,,,,,,,,,,,,,,,,,,,,,,,,,,,,,,,,,
46,2020,,,,,,,,,,,,,,,,,,,,,,,,,,,,,,,,,,,,,,,,,,-1.5253756046295166,-1.3902244567871094,-1.2653281688690186,-1.287233829498291,-0.9384985566139221,-1.4626559019088745,-1.0555336475372314,-1.5116820335388184,-1.2913836240768433,-1.2707130908966064,-1.2998627424240112,0.3015766441822052,0.29904887080192566,0.29890692234039307,0.30587902665138245,0.32012608647346497,0.34910959005355835,0.30313217639923096,0.3361941874027252,0.27146339416503906,0.3088611364364624,0.28910237550735474,-1.3485093116760254,-1.5253756046295166,-1.3902244567871094,-1.2653281688690186,-1.287233829498291,-0.9384985566139221,-1.4626559019088745,-1.0555336475372314,-1.5116820335388184,-1.2913836240768433,-1.2707130908966064,0.8535484671592712,0.0,0.0,0.0,0.0,0.0,0.0,0.0,0.0,0.0,0.0,0.3267415761947632,0.9228641390800476,1.0504788160324097,0.4252636134624481,0.06665799021720886,0.5,0.5,0.5249999761581421
47,2063,,,,,,,,,,,,,,,,,,,,,,,,,,,,,,,,,,,,,,,,,,-1.555088758468628,-1.3905043601989746,-1.2594596147537231,-1.313948631286621,-0.8876765370368958,-1.4621336460113525,-1.203708529472351,-1.5508183240890503,-1.5051597356796265,-1.324891209602356,-1.3453388214111328,0.29736974835395813,0.297555148601532,0.29705551266670227,0.29671207070350647,0.31040361523628235,0.3470398485660553,0.2999289333820343,0.3294694423675537,0.2665959596633911,0.3028334081172943,0.2799038887023926,-1.3770298957824707,-1.555088758468628,-1.3905043601989746,-1.2594596147537231,-1.313948631286621,-0.8876765370368958,-1.4621336460113525,-1.203708529472351,-1.5508183240890503,-1.5051597356796265,-1.324891209602356,0.8547654747962952,0.0,0.0,0.0,0.0,0.0,0.0,0.0,0.0,0.0,0.0,0.3276461660861969,0.9231787323951721,1.057978868484497,0.42796212434768677,0.0663168802857399,0.5,0.44999998807907104,0.550000011920929
48,2106,,,,,,,,,,,,,,,,,,,,,,,,,,,,,,,,,,,,,,,,,,-1.602560043334961,-1.3892155885696411,-1.3457993268966675,-1.319798469543457,-0.9132604598999023,-1.4432545900344849,-1.143343210220337,-1.6719610691070557,-1.4456087350845337,-1.3865247964859009,-1.3661327362060547,0.29407447576522827,0.29217109084129333,0.3013802766799927,0.29462289810180664,0.2997489869594574,0.3432353734970093,0.2998778522014618,0.3253345787525177,0.26289230585098267,0.30058640241622925,0.27819663286209106,-1.3977655172348022,-1.602560043334961,-1.3892155885696411,-1.3457993268966675,-1.319798469543457,-0.9132604598999023,-1.4432545900344849,-1.143343210220337,-1.6719610691070557,-1.4456087350845337,-1.3865247964859009,0.8547848463058472,0.0,0.0,0.0,0.0,0.0,0.0,0.0,0.0,0.0,0.0,0.3265843093395233,0.923086941242218,1.0655790567398071,0.4319176971912384,0.06672502309083939,0.5,0.44999998807907104,0.550000011920929
49,2149,,,,,,,,,,,,,,,,,,,,,,,,,,,,,,,,,,,,,,,,,,-1.5603686571121216,-1.4197949171066284,-1.359663724899292,-1.415587067604065,-0.9888535737991333,-1.5066817998886108,-1.2025723457336426,-1.5912772417068481,-1.5150105953216553,-1.3919295072555542,-1.3951739072799683,0.29107600450515747,0.29389506578445435,0.29462721943855286,0.29008346796035767,0.2992716431617737,0.34146028757095337,0.29386457800865173,0.32360029220581055,0.2611072063446045,0.3024161756038666,0.2720800042152405,-1.4309728145599365,-1.5603686571121216,-1.4197949171066284,-1.359663724899292,-1.415587067604065,-0.9888535737991333,-1.5066817998886108,-1.2025723457336426,-1.5912772417068481,-1.5150105953216553,-1.3919295072555542,0.8571913838386536,0.0,0.0,0.0,0.0,0.0,0.0,0.0,0.0,0.0,0.0,0.3274417221546173,0.9221793413162231,1.070677638053894,0.4307965934276581,0.06560799479484558,0.5,0.44999998807907104,0.574999988079071
50,2192,,,,,,,,,,,,,,,,,,,,,,,,,,,,,,,,,,,,,,,,,,-1.6242297887802124,-1.4010592699050903,-1.3918864727020264,-1.3951724767684937,-0.8909989595413208,-1.4598708152770996,-1.1592614650726318,-1.604957103729248,-1.5328303575515747,-1.4417052268981934,-1.3901970386505127,0.2916446328163147,0.29572993516921997,0.2910822033882141,0.2905178666114807,0.29889586567878723,0.33755165338516235,0.3061380982398987,0.3244723677635193,0.2642161250114441,0.2952001094818115,0.268907368183136,-1.4304087162017822,-1.6242297887802124,-1.4010592699050903,-1.3918864727020264,-1.3951724767684937,-0.8909989595413208,-1.4598708152770996,-1.1592614650726318,-1.604957103729248,-1.5328303575515747,-1.4417052268981934,0.8586106896400452,0.0,0.0,0.0,0.0,0.0,0.0,0.0,0.0,0.0,0.0,0.33236363530158997,0.9265108108520508,1.0567494630813599,0.4183623194694519,0.06511098146438599,0.5,0.44999998807907104,0.6000000238418579
51,2235,,,,,,,,,,,,,,,,,,,,,,,,,,,,,,,,,,,,,,,,,,-1.6417840719223022,-1.458149790763855,-1.324639081954956,-1.4036898612976074,-0.9674760103225708,-1.5363682508468628,-1.193183422088623,-1.5656269788742065,-1.4371129274368286,-1.3903803825378418,-1.3918410539627075,0.2875315546989441,0.2938040494918823,0.2869012951850891,0.2923957109451294,0.2889115512371063,0.33817192912101746,0.28610673546791077,0.32087332010269165,0.26813769340515137,0.30294856429100037,0.2684481739997864,-1.4305956363677979,-1.6417840719223022,-1.458149790763855,-1.324639081954956,-1.4036898612976074,-0.9674760103225708,-1.5363682508468628,-1.193183422088623,-1.5656269788742065,-1.4371129274368286,-1.3903803825378418,0.8593727946281433,0.0,0.0,0.0,0.0,0.0,0.0,0.0,0.0,0.0,0.0,0.3283365070819855,0.9261870384216309,1.0591379404067993,0.427046000957489,0.06513295322656631,0.5,0.44999998807907104,0.574999988079071
52,2278,,,,,,,,,,,,,,,,,,,,,,,,,,,,,,,,,,,,,,,,,,-1.611666202545166,-1.4863580465316772,-1.3379765748977661,-1.4031497240066528,-0.9747223854064941,-1.5372421741485596,-1.1149977445602417,-1.6571285724639893,-1.4658734798431396,-1.4612271785736084,-1.4050341844558716,0.284951388835907,0.2886321246623993,0.2810450792312622,0.28564974665641785,0.2900221645832062,0.33582547307014465,0.28936338424682617,0.3225953280925751,0.26336604356765747,0.29426079988479614,0.263430655002594,-1.450898289680481,-1.611666202545166,-1.4863580465316772,-1.3379765748977661,-1.4031497240066528,-0.9747223854064941,-1.5372421741485596,-1.1149977445602417,-1.6571285724639893,-1.4658734798431396,-1.4612271785736084,0.8614341616630554,0.0,0.0,0.0,0.0,0.0,0.0,0.0,0.0,0.0,0.0,0.32963401079177856,0.9276950359344482,1.054262399673462,0.41294920444488525,0.06315790861845016,0.5,0.44999998807907104,0.6000000238418579
53,2321,,,,,,,,,,,,,,,,,,,,,,,,,,,,,,,,,,,,,,,,,,-1.5954554080963135,-1.4526121616363525,-1.3389757871627808,-1.3912845849990845,-1.0018926858901978,-1.5645705461502075,-1.1284205913543701,-1.6454254388809204,-1.5360013246536255,-1.389493465423584,-1.4044132232666016,0.28239211440086365,0.2897801101207733,0.28174692392349243,0.28408005833625793,0.2881118655204773,0.33109208941459656,0.2856704592704773,0.32017195224761963,0.25654280185699463,0.28640830516815186,0.26133131980895996,-1.448893666267395,-1.5954554080963135,-1.4526121616363525,-1.3389757871627808,-1.3912845849990845,-1.0018926858901978,-1.5645705461502075,-1.1284205913543701,-1.6454254388809204,-1.5360013246536255,-1.389493465423584,0.8630594611167908,0.0,0.0,0.0,0.0,0.0,0.0,0.0,0.0,0.0,0.0,0.3298072814941406,0.9281774759292603,1.0619486570358276,0.4125522971153259,0.06290921568870544,0.5,0.44999998807907104,0.6000000238418579
54,2364,,,,,,,,,,,,,,,,,,,,,,,,,,,,,,,,,,,,,,,,,,-1.645033597946167,-1.5415270328521729,-1.4131054878234863,-1.3966233730316162,-1.1005253791809082,-1.5276050567626953,-1.208890676498413,-1.6454664468765259,-1.5719317197799683,-1.4079556465148926,-1.4458662271499634,0.28548112511634827,0.28501495718955994,0.2786619961261749,0.2906491160392761,0.29073694348335266,0.33183205127716064,0.2982180118560791,0.3177196979522705,0.25668084621429443,0.28586137294769287,0.27928680181503296,-1.484641194343567,-1.645033597946167,-1.5415270328521729,-1.4131054878234863,-1.3966233730316162,-1.1005253791809082,-1.5276050567626953,-1.208890676498413,-1.6454664468765259,-1.5719317197799683,-1.4079556465148926,0.8665894269943237,0.0,0.0,0.0,0.0,0.0,0.0,0.0,0.0,0.0,0.0,0.3311903476715088,0.9259939193725586,1.0533275604248047,0.40474483370780945,0.060878217220306396,0.5,0.44999998807907104,0.625
55,2407,,,,,,,,,,,,,,,,,,,,,,,,,,,,,,,,,,,,,,,,,,-1.6792480945587158,-1.4811134338378906,-1.476670742034912,-1.4273526668548584,-0.9880587458610535,-1.5680774450302124,-1.2855769395828247,-1.6857569217681885,-1.5799239873886108,-1.4419952630996704,-1.461377501487732,0.27752575278282166,0.2822011113166809,0.27896836400032043,0.2778344452381134,0.27980491518974304,0.3274373412132263,0.2780740559101105,0.30810192227363586,0.2582349479198456,0.280956894159317,0.26003995537757874,-1.505232810974121,-1.6792480945587158,-1.4811134338378906,-1.476670742034912,-1.4273526668548584,-0.9880587458610535,-1.5680774450302124,-1.2855769395828247,-1.6857569217681885,-1.5799239873886108,-1.4419952630996704,0.8641511797904968,0.0,0.0,0.0,0.0,0.0,0.0,0.0,0.0,0.0,0.0,0.3295941948890686,0.9283668398857117,1.064155101776123,0.41805753111839294,0.06247329339385033,0.5,0.44999998807907104,0.6000000238418579
56,2450,,,,,,,,,,,,,,,,,,,,,,,,,,,,,,,,,,,,,,,,,,-1.6922931671142578,-1.552601933479309,-1.4611502885818481,-1.4648915529251099,-1.0625512599945068,-1.5609865188598633,-1.3455100059509277,-1.5160937309265137,-1.6586719751358032,-1.471930742263794,-1.478667974472046,0.2771984338760376,0.2813292443752289,0.27423104643821716,0.2771652638912201,0.2757593095302582,0.3223133087158203,0.28085267543792725,0.31223633885383606,0.2669945955276489,0.2776011526584625,0.2533714473247528,-1.5081113576889038,-1.6922931671142578,-1.552601933479309,-1.4611502885818481,-1.4648915529251099,-1.0625512599945068,-1.5609865188598633,-1.3455100059509277,-1.5160937309265137,-1.6586719751358032,-1.471930742263794,0.8654652237892151,0.0,0.0,0.0,0.0,0.0,0.0,0.0,0.0,0.0,0.0,0.331321120262146,0.928398609161377,1.0524007081985474,0.40971776843070984,0.06116538867354393,0.5,0.5,0.625
57,2493,,,,,,,,,,,,,,,,,,,,,,,,,,,,,,,,,,,,,,,,,,-1.7284612655639648,-1.508618712425232,-1.3555309772491455,-1.4253863096237183,-0.9179235100746155,-1.611928105354309,-1.3252811431884766,-1.637351393699646,-1.6396256685256958,-1.4730397462844849,-1.4623147249221802,0.27164551615715027,0.2774507701396942,0.27184903621673584,0.27469155192375183,0.26952317357063293,0.3280629813671112,0.27324095368385315,0.30632907152175903,0.25061169266700745,0.2741367816925049,0.2511698007583618,-1.5052118301391602,-1.7284612655639648,-1.508618712425232,-1.3555309772491455,-1.4253863096237183,-0.9179235100746155,-1.611928105354309,-1.3252811431884766,-1.637351393699646,-1.6396256685256958,-1.4730397462844849,0.8662642240524292,0.0,0.0,0.0,0.0,0.0,0.0,0.0,0.0,0.0,0.0,0.33308321237564087,0.9314488768577576,1.0643508434295654,0.4107852280139923,0.06212407723069191,0.5,0.5,0.625
58,2536,,,,,,,,,,,,,,,,,,,,,,,,,,,,,,,,,,,,,,,,,,-1.7237778902053833,-1.6300560235977173,-1.5065586566925049,-1.4462289810180664,-1.1348347663879395,-1.5986093282699585,-1.3247144222259521,-1.6273001432418823,-1.6553627252578735,-1.5093505382537842,-1.515679121017456,0.27170830965042114,0.2767876982688904,0.27116891741752625,0.27276918292045593,0.27446845173835754,0.31945866346359253,0.27439752221107483,0.3100709915161133,0.2524379789829254,0.271795392036438,0.24544183909893036,-1.5526008605957031,-1.7237778902053833,-1.6300560235977173,-1.5065586566925049,-1.4462289810180664,-1.1348347663879395,-1.5986093282699585,-1.3247144222259521,-1.6273001432418823,-1.6553627252578735,-1.5093505382537842,0.8701194524765015,0.0,0.0,0.0,0.0,0.0,0.0,0.0,0.0,0.0,0.0,0.3344115614891052,0.9298850893974304,1.0573327541351318,0.39571845531463623,0.05775151774287224,0.5,0.5,0.625
59,2579,,,,,,,,,,,,,,,,,,,,,,,,,,,,,,,,,,,,,,,,,,-1.7752279043197632,-1.452238917350769,-1.4765605926513672,-1.4240347146987915,-1.1214547157287598,-1.6094996929168701,-1.3084657192230225,-1.6941335201263428,-1.6343846321105957,-1.5234843492507935,-1.5019484758377075,0.27074140310287476,0.2730899751186371,0.27639520168304443,0.2712376117706299,0.2818114459514618,0.3180818557739258,0.2816009819507599,0.30859336256980896,0.25002339482307434,0.27096569538116455,0.24942637979984283,-1.5464885234832764,-1.7752279043197632,-1.452238917350769,-1.4765605926513672,-1.4240347146987915,-1.1214547157287598,-1.6094996929168701,-1.3084657192230225,-1.6941335201263428,-1.6343846321105957,-1.5234843492507935,0.872107744216919,0.0,0.0,0.0,0.0,0.0,0.0,0.0,0.0,0.0,0.0,0.3346511423587799,0.930223286151886,1.0540492534637451,0.39892396330833435,0.05917023867368698,0.5,0.5,0.625
60,2622,,,,,,,,,,,,,,,,,,,,,,,,,,,,,,,,,,,,,,,,,,-1.7142168283462524,-1.4669759273529053,-1.4620212316513062,-1.4991638660430908,-1.0123153924942017,-1.6473925113677979,-1.1733005046844482,-1.6530393362045288,-1.6394909620285034,-1.5552046298980713,-1.4823120832443237,0.2662704586982727,0.2740192413330078,0.26782095432281494,0.26768502593040466,0.27489611506462097,0.31420063972473145,0.2649995684623718,0.30297908186912537,0.25038883090019226,0.27056774497032166,0.24120768904685974,-1.5332984924316406,-1.7142168283462524,-1.4669759273529053,-1.4620212316513062,-1.4991638660430908,-1.0123153924942017,-1.6473925113677979,-1.1733005046844482,-1.6530393362045288,-1.6394909620285034,-1.5552046298980713,0.8707880973815918,0.0,0.0,0.0,0.0,0.0,0.0,0.0,0.0,0.0,0.0,0.33174675703048706,0.931032121181488,1.0606871843338013,0.4015424847602844,0.060782190412282944,0.5,0.5,0.625
61,2665,,,,,,,,,,,,,,,,,,,,,,,,,,,,,,,,,,,,,,,,,,-1.7498061656951904,-1.5455358028411865,-1.5601226091384888,-1.507617712020874,-1.1589508056640625,-1.6645463705062866,-1.3256421089172363,-1.6844117641448975,-1.6895214319229126,-1.540360927581787,-1.5426515340805054,0.2628137767314911,0.27240732312202454,0.2672787308692932,0.26491162180900574,0.2684423327445984,0.3077027499675751,0.25936418771743774,0.3026348352432251,0.2468591332435608,0.2663503587245941,0.23899900913238525,-1.5821608304977417,-1.7498061656951904,-1.5455358028411865,-1.5601226091384888,-1.507617712020874,-1.1589508056640625,-1.6645463705062866,-1.3256421089172363,-1.6844117641448975,-1.6895214319229126,-1.540360927581787,0.8712874054908752,0.0,0.0,0.0,0.0,0.0,0.0,0.0,0.0,0.0,0.0,0.3328942060470581,0.932540237903595,1.0737674236297607,0.4036579132080078,0.05715811252593994,0.5,0.5,0.625
62,2708,,,,,,,,,,,,,,,,,,,,,,,,,,,,,,,,,,,,,,,,,,-1.757668375968933,-1.5821781158447266,-1.4972323179244995,-1.4712138175964355,-1.170064926147461,-1.5851248502731323,-1.3455791473388672,-1.631473422050476,-1.6743206977844238,-1.5410714149475098,-1.5255929231643677,0.2624058723449707,0.2725854218006134,0.26258325576782227,0.26479700207710266,0.26925384998321533,0.305678129196167,0.2762649357318878,0.30484145879745483,0.2493828386068344,0.26414528489112854,0.2370692789554596,-1.5869735479354858,-1.757668375968933,-1.5821781158447266,-1.4972323179244995,-1.4712138175964355,-1.170064926147461,-1.5851248502731323,-1.3455791473388672,-1.631473422050476,-1.6743206977844238,-1.5410714149475098,0.8747788667678833,0.0,0.0,0.0,0.0,0.0,0.0,0.0,0.0,0.0,0.0,0.33386555314064026,0.9323973655700684,1.0583966970443726,0.39727479219436646,0.05724615976214409,0.5,0.5,0.625
63,2751,,,,,,,,,,,,,,,,,,,,,,,,,,,,,,,,,,,,,,,,,,-1.7718974351882935,-1.6221400499343872,-1.587317705154419,-1.5407966375350952,-1.1929466724395752,-1.6655468940734863,-1.3841784000396729,-1.7351231575012207,-1.7276251316070557,-1.6023920774459839,-1.5829963684082031,0.25739020109176636,0.26751911640167236,0.26215431094169617,0.2579655051231384,0.25932592153549194,0.30042195320129395,0.2573946714401245,0.29979658126831055,0.2438715100288391,0.25979605317115784,0.23265817761421204,-1.6243139505386353,-1.7718974351882935,-1.6221400499343872,-1.587317705154419,-1.5407966375350952,-1.1929466724395752,-1.6655468940734863,-1.3841784000396729,-1.7351231575012207,-1.7276251316070557,-1.6023920774459839,0.8747578263282776,0.0,0.0,0.0,0.0,0.0,0.0,0.0,0.0,0.0,0.0,0.33445313572883606,0.9338902235031128,1.0663069486618042,0.3935995101928711,0.05553703010082245,0.5,0.5,0.625
64,2794,,,,,,,,,,,,,,,,,,,,,,,,,,,,,,,,,,,,,,,,,,-1.7781203985214233,-1.6300173997879028,-1.4922819137573242,-1.5066336393356323,-1.1196820735931396,-1.6240768432617188,-1.301577091217041,-1.7285465002059937,-1.6802852153778076,-1.610387921333313,-1.5471608638763428,0.2589460611343384,0.2660246193408966,0.2615297734737396,0.27120617032051086,0.2690032422542572,0.2997204065322876,0.25933563709259033,0.30284684896469116,0.24298402667045593,0.2626195251941681,0.2334759533405304,-1.5965256690979004,-1.7781203985214233,-1.6300173997879028,-1.4922819137573242,-1.5066336393356323,-1.1196820735931396,-1.6240768432617188,-1.301577091217041,-1.7285465002059937,-1.6802852153778076,-1.610387921333313,0.8768742084503174,0.0,0.0,0.0,0.0,0.0,0.0,0.0,0.0,0.0,0.0,0.334842711687088,0.9327669739723206,1.0529578924179077,0.3978346288204193,0.059949323534965515,0.5,0.5,0.625
65,2837,,,,,,,,,,,,,,,,,,,,,,,,,,,,,,,,,,,,,,,,,,-1.713409423828125,-1.6228928565979004,-1.5319812297821045,-1.4758884906768799,-1.195801019668579,-1.6444004774093628,-1.29341721534729,-1.6592994928359985,-1.745561957359314,-1.6284745931625366,-1.5511126518249512,0.2587250769138336,0.2676783800125122,0.26090294122695923,0.2600776255130768,0.2623850703239441,0.30216434597969055,0.26014289259910583,0.3091142177581787,0.24730509519577026,0.2535054087638855,0.23478105664253235,-1.605864405632019,-1.713409423828125,-1.6228928565979004,-1.5319812297821045,-1.4758884906768799,-1.195801019668579,-1.6444004774093628,-1.29341721534729,-1.6592994928359985,-1.745561957359314,-1.6284745931625366,0.8792824149131775,0.0,0.0,0.0,0.0,0.0,0.0,0.0,0.0,0.0,0.0,0.3367598056793213,0.9345594644546509,1.0450494289398193,0.3754737973213196,0.054336510598659515,0.5,0.5,0.625
66,2880,,,,,,,,,,,,,,,,,,,,,,,,,,,,,,,,,,,,,,,,,,-1.7858405113220215,-1.6055865287780762,-1.6091632843017578,-1.5240355730056763,-1.1593079566955566,-1.6790306568145752,-1.2776641845703125,-1.7408814430236816,-1.7812045812606812,-1.5245188474655151,-1.5687233209609985,0.2546160817146301,0.26622483134269714,0.261884868144989,0.25008946657180786,0.2546217739582062,0.2913277745246887,0.24967412650585175,0.31226885318756104,0.24014204740524292,0.25136175751686096,0.24061907827854156,-1.6078407764434814,-1.7858405113220215,-1.6055865287780762,-1.6091632843017578,-1.5240355730056763,-1.1593079566955566,-1.6790306568145752,-1.2776641845703125,-1.7408814430236816,-1.7812045812606812,-1.5245188474655151,0.8779904842376709,0.0,0.0,0.0,0.0,0.0,0.0,0.0,0.0,0.0,0.0,0.3345707058906555,0.9338614344596863,1.0621871948242188,0.3933444917201996,0.057052694261074066,0.5,0.5,0.625
67,2923,,,,,,,,,,,,,,,,,,,,,,,,,,,,,,,,,,,,,,,,,,-1.7774003744125366,-1.615744709968567,-1.6183826923370361,-1.5509570837020874,-1.1597107648849487,-1.7177233695983887,-1.2446246147155762,-1.694469928741455,-1.7543214559555054,-1.613351583480835,-1.574668526649475,0.25157761573791504,0.2608913779258728,0.2543913722038269,0.25406745076179504,0.2564767003059387,0.291703999042511,0.24669140577316284,0.29870274662971497,0.24092376232147217,0.24844959378242493,0.22946879267692566,-1.621200680732727,-1.7774003744125366,-1.615744709968567,-1.6183826923370361,-1.5509570837020874,-1.1597107648849487,-1.7177233695983887,-1.2446246147155762,-1.694469928741455,-1.7543214559555054,-1.613351583480835,0.8799789547920227,0.0,0.0,0.0,0.0,0.0,0.0,0.0,0.0,0.0,0.0,0.3365856409072876,0.9349043369293213,1.059992790222168,0.3875299394130707,0.056015778332948685,0.5,0.5,0.625
68,2966,,,,,,,,,,,,,,,,,,,,,,,,,,,,,,,,,,,,,,,,,,-1.7951273918151855,-1.6575678586959839,-1.6401231288909912,-1.5850380659103394,-1.2375057935714722,-1.7296147346496582,-1.4285427331924438,-1.6950160264968872,-1.7534352540969849,-1.6401005983352661,-1.616207242012024,0.24848416447639465,0.25822511315345764,0.25367051362991333,0.24939148128032684,0.2521975636482239,0.28705716133117676,0.24675843119621277,0.28996938467025757,0.2441249042749405,0.24722731113433838,0.2254870980978012,-1.6705775260925293,-1.7951273918151855,-1.6575678586959839,-1.6401231288909912,-1.5850380659103394,-1.2375057935714722,-1.7296147346496582,-1.4285427331924438,-1.6950160264968872,-1.7534352540969849,-1.6401005983352661,0.8811948895454407,0.0,0.0,0.0,0.0,0.0,0.0,0.0,0.0,0.0,0.0,0.3352828323841095,0.9352024793624878,1.0559163093566895,0.3782098591327667,0.05197787657380104,0.5,0.5,0.625
69,2999,-2.3876984119415283,-2.076047658920288,-1.9530460834503174,-1.599409818649292,-1.3732037544250488,-1.73344087600708,-1.7381316423416138,-1.9518752098083496,-1.9539989233016968,-1.896498680114746,-1.866335153579712,0.19485823810100555,0.13896095752716064,0.14902696013450623,0.2720479369163513,0.22416406869888306,0.13783487677574158,0.22017931938171387,0.1918528974056244,0.24269826710224152,0.15721553564071655,-2.3876984119415283,-2.076047658920288,-1.9530460834503174,-1.599409818649292,-1.3732037544250488,-1.73344087600708,-1.7381316423416138,-1.9518752098083496,-1.9539989233016968,-1.896498680114746,0.0,0.0,0.0,0.0,0.0,0.0,0.0,0.0,0.0,0.0,,,,,,,,,,,,,,,,,,,,,,,,,,,,,,,,,,,,,,,,,,,,,,,,,,,,
69,3009,,,,,,,,,,,,,,,,,,,,,,,,,,,,,,,,,,,,,,,,,,-1.8005900382995605,-1.5656341314315796,-1.6291776895523071,-1.621777892112732,-1.2695317268371582,-1.751250982284546,-1.3267858028411865,-1.681639552116394,-1.827681064605713,-1.6499358415603638,-1.6124005317687988,0.24709443747997284,0.2584676444530487,0.26247328519821167,0.24775362014770508,0.24747838079929352,0.2880691885948181,0.24574553966522217,0.29432615637779236,0.24457629024982452,0.24245738983154297,0.22083967924118042,-1.6567782163619995,-1.8005900382995605,-1.5656341314315796,-1.6291776895523071,-1.621777892112732,-1.2695317268371582,-1.751250982284546,-1.3267858028411865,-1.681639552116394,-1.827681064605713,-1.6499358415603638,0.880014955997467,0.0,0.0,0.0,0.0,0.0,0.0,0.0,0.0,0.0,0.0,0.33162572979927063,0.9350590109825134,1.0675249099731445,0.3929414749145508,0.054959844797849655,0.5,0.5,0.625
70,3052,,,,,,,,,,,,,,,,,,,,,,,,,,,,,,,,,,,,,,,,,,-1.748275876045227,-1.6756714582443237,-1.616182565689087,-1.551906943321228,-1.2294200658798218,-1.755486011505127,-1.4964721202850342,-1.7478008270263672,-1.7808380126953125,-1.6659573316574097,-1.6268012523651123,0.24495571851730347,0.2560495436191559,0.25143736600875854,0.24789954721927643,0.2532714903354645,0.27789539098739624,0.24036507308483124,0.2852165400981903,0.23895737528800964,0.24316050112247467,0.22487476468086243,-1.682926893234253,-1.748275876045227,-1.6756714582443237,-1.616182565689087,-1.551906943321228,-1.2294200658798218,-1.755486011505127,-1.4964721202850342,-1.7478008270263672,-1.7808380126953125,-1.6659573316574097,0.8833038806915283,0.0,0.0,0.0,0.0,0.0,0.0,0.0,0.0,0.0,0.0,0.33270263671875,0.9365269541740417,1.053557276725769,0.3747543394565582,0.051640793681144714,0.5,0.5,0.625
71,3095,,,,,,,,,,,,,,,,,,,,,,,,,,,,,,,,,,,,,,,,,,-1.7698224782943726,-1.6684131622314453,-1.6551451683044434,-1.6095131635665894,-1.2937184572219849,-1.7232543230056763,-1.3630855083465576,-1.7590645551681519,-1.7912471294403076,-1.7181127071380615,-1.6351375579833984,0.24586805701255798,0.2571260631084442,0.2496558129787445,0.2417997270822525,0.24727025628089905,0.2872943878173828,0.24296844005584717,0.2926781475543976,0.2394166886806488,0.24820618331432343,0.2244553118944168,-1.6880593299865723,-1.7698224782943726,-1.6684131622314453,-1.6551451683044434,-1.6095131635665894,-1.2937184572219849,-1.7232543230056763,-1.3630855083465576,-1.7590645551681519,-1.7912471294403076,-1.7181127071380615,0.8852934837341309,0.0,0.0,0.0,0.0,0.0,0.0,0.0,0.0,0.0,0.0,0.33954623341560364,0.9364698529243469,1.0588403940200806,0.37646791338920593,0.05264444276690483,0.5,0.5,0.625
72,3138,,,,,,,,,,,,,,,,,,,,,,,,,,,,,,,,,,,,,,,,,,-1.7615045309066772,-1.709848165512085,-1.6238669157028198,-1.6207261085510254,-1.242671251296997,-1.7573479413986206,-1.3946775197982788,-1.7837172746658325,-1.793902039527893,-1.7355866432189941,-1.642384648323059,0.2403639703989029,0.25201311707496643,0.24678345024585724,0.24192224442958832,0.2397330105304718,0.2766846716403961,0.23544631898403168,0.285504013299942,0.23873691260814667,0.2384389191865921,0.22169479727745056,-1.6950852870941162,-1.7615045309066772,-1.709848165512085,-1.6238669157028198,-1.6207261085510254,-1.242671251296997,-1.7573479413986206,-1.3946775197982788,-1.7837172746658325,-1.793902039527893,-1.7355866432189941,0.8834092020988464,0.0,0.0,0.0,0.0,0.0,0.0,0.0,0.0,0.0,0.0,0.3332585394382477,0.9372492432594299,1.0789638757705688,0.37822479009628296,0.05065726861357689,0.5,0.5,0.6499999761581421
73,3181,,,,,,,,,,,,,,,,,,,,,,,,,,,,,,,,,,,,,,,,,,-1.7715388536453247,-1.672460913658142,-1.6637486219406128,-1.6079554557800293,-1.340088963508606,-1.7465723752975464,-1.4613394737243652,-1.7943384647369385,-1.8716168403625488,-1.7518936395645142,-1.668155312538147,0.24062058329582214,0.2503705620765686,0.2448691874742508,0.24202218651771545,0.24839997291564941,0.2755032777786255,0.24583107233047485,0.2833252549171448,0.23605242371559143,0.23792457580566406,0.22112509608268738,-1.7228511571884155,-1.7715388536453247,-1.672460913658142,-1.6637486219406128,-1.6079554557800293,-1.340088963508606,-1.7465723752975464,-1.4613394737243652,-1.7943384647369385,-1.8716168403625488,-1.7518936395645142,0.8856220245361328,0.0,0.0,0.0,0.0,0.0,0.0,0.0,0.0,0.0,0.0,0.33512866497039795,0.9374644756317139,1.0563197135925293,0.3720812499523163,0.04998328164219856,0.5,0.5,0.6499999761581421
74,3224,,,,,,,,,,,,,,,,,,,,,,,,,,,,,,,,,,,,,,,,,,-1.8238511085510254,-1.6848880052566528,-1.6471145153045654,-1.6371840238571167,-1.2358120679855347,-1.762575387954712,-1.426440715789795,-1.8097105026245117,-1.8627395629882812,-1.7552108764648438,-1.6645526885986328,0.23935237526893616,0.25013360381126404,0.250963032245636,0.24212969839572906,0.23854279518127441,0.276136577129364,0.23427893221378326,0.28988057374954224,0.23317666351795197,0.23639464378356934,0.21940000355243683,-1.7171785831451416,-1.8238511085510254,-1.6848880052566528,-1.6471145153045654,-1.6371840238571167,-1.2358120679855347,-1.762575387954712,-1.426440715789795,-1.8097105026245117,-1.8627395629882812,-1.7552108764648438,0.887508749961853,0.0,0.0,0.0,0.0,0.0,0.0,0.0,0.0,0.0,0.0,0.33829909563064575,0.9378378987312317,1.0548113584518433,0.3674669563770294,0.050307780504226685,0.5,0.5,0.6499999761581421
75,3267,,,,,,,,,,,,,,,,,,,,,,,,,,,,,,,,,,,,,,,,,,-1.7236406803131104,-1.6007441282272339,-1.6650159358978271,-1.604668378829956,-1.343277096748352,-1.771382212638855,-1.4368104934692383,-1.7462565898895264,-1.9007229804992676,-1.6309306621551514,-1.6423448324203491,0.24020840227603912,0.2514011263847351,0.25029119849205017,0.2383030503988266,0.2440456598997116,0.2679004967212677,0.23301918804645538,0.2792482376098633,0.23402665555477142,0.23623323440551758,0.23491603136062622,-1.696018934249878,-1.7236406803131104,-1.6007441282272339,-1.6650159358978271,-1.604668378829956,-1.343277096748352,-1.771382212638855,-1.4368104934692383,-1.7462565898895264,-1.9007229804992676,-1.6309306621551514,0.8880279660224915,0.0,0.0,0.0,0.0,0.0,0.0,0.0,0.0,0.0,0.0,0.33823925256729126,0.937275230884552,1.0477186441421509,0.3684024512767792,0.05140421539545059,0.5,0.5,0.6499999761581421
76,3310,,,,,,,,,,,,,,,,,,,,,,,,,,,,,,,,,,,,,,,,,,-1.7811627388000488,-1.6800684928894043,-1.5976836681365967,-1.670371651649475,-1.2721203565597534,-1.7653260231018066,-1.4246658086776733,-1.7531344890594482,-1.900618553161621,-1.6891844272613525,-1.6534336805343628,0.23529945313930511,0.2481248378753662,0.2410079836845398,0.23498938977718353,0.24061961472034454,0.27002909779548645,0.2270900309085846,0.27770861983299255,0.23478290438652039,0.23646137118339539,0.2171679139137268,-1.7070034742355347,-1.7811627388000488,-1.6800684928894043,-1.5976836681365967,-1.670371651649475,-1.2721203565597534,-1.7653260231018066,-1.4246658086776733,-1.7531344890594482,-1.900618553161621,-1.6891844272613525,0.8865944147109985,0.0,0.0,0.0,0.0,0.0,0.0,0.0,0.0,0.0,0.0,0.33341044187545776,0.9390103816986084,1.0535801649093628,0.3768145740032196,0.05145636573433876,0.5,0.5,0.675000011920929
77,3353,,,,,,,,,,,,,,,,,,,,,,,,,,,,,,,,,,,,,,,,,,-1.7765984535217285,-1.7046217918395996,-1.6823259592056274,-1.6716160774230957,-1.3755601644515991,-1.7776014804840088,-1.4086803197860718,-1.7999587059020996,-1.8705124855041504,-1.7265238761901855,-1.679399847984314,0.23276211321353912,0.246877521276474,0.23900975286960602,0.2326333373785019,0.23557518422603607,0.2628384828567505,0.23077262938022614,0.27905750274658203,0.23244522511959076,0.23287779092788696,0.21540698409080505,-1.7369251251220703,-1.7765984535217285,-1.7046217918395996,-1.6823259592056274,-1.6716160774230957,-1.3755601644515991,-1.7776014804840088,-1.4086803197860718,-1.7999587059020996,-1.8705124855041504,-1.7265238761901855,0.8895294070243835,0.0,0.0,0.0,0.0,0.0,0.0,0.0,0.0,0.0,0.0,0.334217369556427,0.939437747001648,1.0513159036636353,0.3640681207180023,0.04879026859998703,0.5,0.5,0.675000011920929
78,3396,,,,,,,,,,,,,,,,,,,,,,,,,,,,,,,,,,,,,,,,,,-1.7983566522598267,-1.7777881622314453,-1.69840669631958,-1.6618000268936157,-1.4128894805908203,-1.794106364250183,-1.404162049293518,-1.7843607664108276,-1.8410680294036865,-1.780754566192627,-1.6953693628311157,0.2321946918964386,0.24731886386871338,0.23735569417476654,0.2336757630109787,0.23015160858631134,0.26729610562324524,0.2299063801765442,0.2759380340576172,0.23106426000595093,0.23217260837554932,0.2129744291305542,-1.752772569656372,-1.7983566522598267,-1.7777881622314453,-1.69840669631958,-1.6618000268936157,-1.4128894805908203,-1.794106364250183,-1.404162049293518,-1.7843607664108276,-1.8410680294036865,-1.780754566192627,0.8914734125137329,0.0,0.0,0.0,0.0,0.0,0.0,0.0,0.0,0.0,0.0,0.3368195593357086,0.938759982585907,1.0527945756912231,0.3609565794467926,0.04850601777434349,0.5,0.5,0.699999988079071
79,3439,,,,,,,,,,,,,,,,,,,,,,,,,,,,,,,,,,,,,,,,,,-1.7725051641464233,-1.7650848627090454,-1.6930263042449951,-1.663950800895691,-1.374831199645996,-1.823939561843872,-1.5628734827041626,-1.583736538887024,-1.883740782737732,-1.795674443244934,-1.6919366121292114,0.23302066326141357,0.2449663132429123,0.24065864086151123,0.22777245938777924,0.23219943046569824,0.2681436538696289,0.22382159531116486,0.2742542326450348,0.2648984491825104,0.22877447307109833,0.20870940387248993,-1.744864821434021,-1.7725051641464233,-1.7650848627090454,-1.6930263042449951,-1.663950800895691,-1.374831199645996,-1.823939561843872,-1.5628734827041626,-1.583736538887024,-1.883740782737732,-1.795674443244934,0.890869140625,0.0,0.0,0.0,0.0,0.0,0.0,0.0,0.0,0.0,0.0,0.34195268154144287,0.9381512403488159,1.0546343326568604,0.3651373088359833,0.048598092049360275,0.5,0.5,0.675000011920929
80,3482,,,,,,,,,,,,,,,,,,,,,,,,,,,,,,,,,,,,,,,,,,-1.8051671981811523,-1.704654574394226,-1.734810709953308,-1.682889461517334,-1.4309186935424805,-1.8150460720062256,-1.385589599609375,-1.7821476459503174,-1.8965710401535034,-1.7830958366394043,-1.7020890712738037,0.2279435247182846,0.24231326580047607,0.2385568916797638,0.22689972817897797,0.23054352402687073,0.25915053486824036,0.22202914953231812,0.28248220682144165,0.2297978550195694,0.2282799929380417,0.20717595517635345,-1.7618095874786377,-1.8051671981811523,-1.704654574394226,-1.734810709953308,-1.682889461517334,-1.4309186935424805,-1.8150460720062256,-1.385589599609375,-1.7821476459503174,-1.8965710401535034,-1.7830958366394043,0.8921666145324707,0.0,0.0,0.0,0.0,0.0,0.0,0.0,0.0,0.0,0.0,0.33731207251548767,0.9395936727523804,1.0660383701324463,0.36592522263526917,0.04989317059516907,0.5,0.5,0.699999988079071
81,3525,,,,,,,,,,,,,,,,,,,,,,,,,,,,,,,,,,,,,,,,,,-1.8055343627929688,-1.7690703868865967,-1.6856344938278198,-1.6579399108886719,-1.310876488685608,-1.8451950550079346,-1.4896268844604492,-1.781550407409668,-1.874775767326355,-1.7436774969100952,-1.6963881254196167,0.22685861587524414,0.24313193559646606,0.23267590999603271,0.22409196197986603,0.22917647659778595,0.26029103994369507,0.2234133929014206,0.2736547887325287,0.23470300436019897,0.22548426687717438,0.20694373548030853,-1.748559594154358,-1.8055343627929688,-1.7690703868865967,-1.6856344938278198,-1.6579399108886719,-1.310876488685608,-1.8451950550079346,-1.4896268844604492,-1.781550407409668,-1.874775767326355,-1.7436774969100952,0.891228199005127,0.0,0.0,0.0,0.0,0.0,0.0,0.0,0.0,0.0,0.0,0.33695584535598755,0.9403898119926453,1.0684001445770264,0.36650168895721436,0.048305924981832504,0.5,0.5,0.675000011920929
82,3568,,,,,,,,,,,,,,,,,,,,,,,,,,,,,,,,,,,,,,,,,,-1.8226011991500854,-1.7703821659088135,-1.782370686531067,-1.7019197940826416,-1.3311420679092407,-1.8533798456192017,-1.5055159330368042,-1.7818496227264404,-1.9804190397262573,-1.8016595840454102,-1.733124017715454,0.22585397958755493,0.24051982164382935,0.23355329036712646,0.22045406699180603,0.2265191674232483,0.25362324714660645,0.2202531397342682,0.2719981372356415,0.23612067103385925,0.22422946989536285,0.21215419471263885,-1.790132999420166,-1.8226011991500854,-1.7703821659088135,-1.782370686531067,-1.7019197940826416,-1.3311420679092407,-1.8533798456192017,-1.5055159330368042,-1.7818496227264404,-1.9804190397262573,-1.8016595840454102,0.8909889459609985,0.0,0.0,0.0,0.0,0.0,0.0,0.0,0.0,0.0,0.0,0.3378439247608185,0.939629316329956,1.0601691007614136,0.36436134576797485,0.04709383472800255,0.5,0.5,0.699999988079071
83,3611,,,,,,,,,,,,,,,,,,,,,,,,,,,,,,,,,,,,,,,,,,-1.8156267404556274,-1.8166450262069702,-1.7175657749176025,-1.6713727712631226,-1.4332784414291382,-1.8422445058822632,-1.5262823104858398,-1.8732049465179443,-1.9366533756256104,-1.7830814123153687,-1.7415952682495117,0.22228442132472992,0.2391795963048935,0.2270549088716507,0.22483983635902405,0.22193962335586548,0.2513695955276489,0.22327885031700134,0.2634742558002472,0.2204444855451584,0.22067448496818542,0.21006068587303162,-1.801082968711853,-1.8156267404556274,-1.8166450262069702,-1.7175657749176025,-1.6713727712631226,-1.4332784414291382,-1.8422445058822632,-1.5262823104858398,-1.8732049465179443,-1.9366533756256104,-1.7830814123153687,0.8953326344490051,0.0,0.0,0.0,0.0,0.0,0.0,0.0,0.0,0.0,0.0,0.33493685722351074,0.9395194053649902,1.0504885911941528,0.35326915979385376,0.045903630554676056,0.5,0.5,0.699999988079071
84,3654,,,,,,,,,,,,,,,,,,,,,,,,,,,,,,,,,,,,,,,,,,-1.8075231313705444,-1.774796724319458,-1.7901149988174438,-1.7106599807739258,-1.4285619258880615,-1.876515507698059,-1.640478491783142,-1.7974827289581299,-1.9661210775375366,-1.8107749223709106,-1.7603029012680054,0.2207026183605194,0.23982207477092743,0.23387135565280914,0.21656434237957,0.22456401586532593,0.2474621832370758,0.21473176777362823,0.26781681180000305,0.22940485179424286,0.21705366671085358,0.20824402570724487,-1.828363299369812,-1.8075231313705444,-1.774796724319458,-1.7901149988174438,-1.7106599807739258,-1.4285619258880615,-1.876515507698059,-1.640478491783142,-1.7974827289581299,-1.9661210775375366,-1.8107749223709106,0.8935204148292542,0.0,0.0,0.0,0.0,0.0,0.0,0.0,0.0,0.0,0.0,0.33505913615226746,0.9399133324623108,1.0674965381622314,0.36000004410743713,0.044970281422138214,0.5,0.5,0.699999988079071
85,3697,,,,,,,,,,,,,,,,,,,,,,,,,,,,,,,,,,,,,,,,,,-1.766739845275879,-1.8101648092269897,-1.8051731586456299,-1.7609961032867432,-1.3517223596572876,-1.777360200881958,-1.5323446989059448,-1.8231838941574097,-1.9452650547027588,-1.8141942024230957,-1.738714337348938,0.22162167727947235,0.23566487431526184,0.22894540429115295,0.2156158834695816,0.22041739523410797,0.2543352544307709,0.2268226593732834,0.28209105134010315,0.22280752658843994,0.21924768388271332,0.20535819232463837,-1.7991724014282227,-1.766739845275879,-1.8101648092269897,-1.8051731586456299,-1.7609961032867432,-1.3517223596572876,-1.777360200881958,-1.5323446989059448,-1.8231838941574097,-1.9452650547027588,-1.8141942024230957,0.8952553272247314,0.0,0.0,0.0,0.0,0.0,0.0,0.0,0.0,0.0,0.0,0.34051188826560974,0.9396646022796631,1.0743297338485718,0.35785698890686035,0.046497736126184464,0.5,0.5,0.699999988079071
86,3740,,,,,,,,,,,,,,,,,,,,,,,,,,,,,,,,,,,,,,,,,,-1.8009566068649292,-1.8298977613449097,-1.7396214008331299,-1.6836782693862915,-1.4357587099075317,-1.8273226022720337,-1.563429832458496,-1.7860921621322632,-1.9313615560531616,-1.8200364112854004,-1.7418155670166016,0.22175990045070648,0.23427161574363708,0.22871430218219757,0.22067871689796448,0.22872930765151978,0.24918781220912933,0.21608497202396393,0.26961299777030945,0.2297581136226654,0.21408210694789886,0.2030172348022461,-1.801260232925415,-1.8009566068649292,-1.8298977613449097,-1.7396214008331299,-1.6836782693862915,-1.4357587099075317,-1.8273226022720337,-1.563429832458496,-1.7860921621322632,-1.9313615560531616,-1.8200364112854004,0.8973038792610168,0.0,0.0,0.0,0.0,0.0,0.0,0.0,0.0,0.0,0.0,0.34164106845855713,0.9406552314758301,1.0583921670913696,0.3502811789512634,0.04457288235425949,0.5,0.5,0.699999988079071
87,3783,,,,,,,,,,,,,,,,,,,,,,,,,,,,,,,,,,,,,,,,,,-1.823624849319458,-1.841513752937317,-1.7488272190093994,-1.7425581216812134,-1.4189180135726929,-1.7585959434509277,-1.6756681203842163,-1.8384642601013184,-1.9560885429382324,-1.7940973043441772,-1.7598354816436768,0.2212245911359787,0.23623953759670258,0.2283078134059906,0.2195567786693573,0.22012193500995636,0.2547589838504791,0.23694674670696259,0.25957247614860535,0.2238965928554535,0.210562065243721,0.20555876195430756,-1.8215574026107788,-1.823624849319458,-1.841513752937317,-1.7488272190093994,-1.7425581216812134,-1.4189180135726929,-1.7585959434509277,-1.6756681203842163,-1.8384642601013184,-1.9560885429382324,-1.7940973043441772,0.8984126448631287,0.0,0.0,0.0,0.0,0.0,0.0,0.0,0.0,0.0,0.0,0.34091809391975403,0.9411880373954773,1.0471746921539307,0.34512341022491455,0.043586451560258865,0.5,0.5,0.699999988079071
88,3826,,,,,,,,,,,,,,,,,,,,,,,,,,,,,,,,,,,,,,,,,,-1.869478702545166,-1.8193297386169434,-1.8277117013931274,-1.7382171154022217,-1.4123131036758423,-1.8183096647262573,-1.6179368495941162,-1.8577686548233032,-1.9619241952896118,-1.7976495027542114,-1.7720640897750854,0.21697813272476196,0.23150619864463806,0.22635890543460846,0.21015241742134094,0.21730272471904755,0.24235373735427856,0.21635909378528595,0.2633987367153168,0.22061428427696228,0.21178747713565826,0.20201289653778076,-1.8349026441574097,-1.869478702545166,-1.8193297386169434,-1.8277117013931274,-1.7382171154022217,-1.4123131036758423,-1.8183096647262573,-1.6179368495941162,-1.8577686548233032,-1.9619241952896118,-1.7976495027542114,0.897660493850708,0.0,0.0,0.0,0.0,0.0,0.0,0.0,0.0,0.0,0.0,0.34271499514579773,0.9408981204032898,1.0596765279769897,0.34872502088546753,0.04355362057685852,0.5,0.5,0.7250000238418579
89,3869,,,,,,,,,,,,,,,,,,,,,,,,,,,,,,,,,,,,,,,,,,-1.8350225687026978,-1.7959190607070923,-1.8113350868225098,-1.750966191291809,-1.534030556678772,-1.8596868515014648,-1.6123453378677368,-1.885345697402954,-1.9691330194473267,-1.8227516412734985,-1.7876534461975098,0.21510671079158783,0.2337905615568161,0.2286788374185562,0.2090790867805481,0.21388524770736694,0.24542419612407684,0.2086075395345688,0.2602282762527466,0.22195303440093994,0.21348783373832703,0.1990373581647873,-1.8492565155029297,-1.8350225687026978,-1.7959190607070923,-1.8113350868225098,-1.750966191291809,-1.534030556678772,-1.8596868515014648,-1.6123453378677368,-1.885345697402954,-1.9691330194473267,-1.8227516412734985,0.8959903120994568,0.0,0.0,0.0,0.0,0.0,0.0,0.0,0.0,0.0,0.0,0.33903664350509644,0.9416549205780029,1.0719331502914429,0.3535356819629669,0.0430435910820961,0.5,0.5,0.7250000238418579
90,3912,,,,,,,,,,,,,,,,,,,,,,,,,,,,,,,,,,,,,,,,,,-1.7671111822128296,-1.854616403579712,-1.7268593311309814,-1.6978442668914795,-1.4835587739944458,-1.8457186222076416,-1.5816974639892578,-1.8408360481262207,-1.9814902544021606,-1.8827087879180908,-1.7662440538406372,0.21792098879814148,0.23271124064922333,0.2281479388475418,0.21180720627307892,0.21706990897655487,0.25208723545074463,0.22147248685359955,0.2630622684955597,0.22561001777648926,0.2106579840183258,0.20018920302391052,-1.8318419456481934,-1.7671111822128296,-1.854616403579712,-1.7268593311309814,-1.6978442668914795,-1.4835587739944458,-1.8457186222076416,-1.5816974639892578,-1.8408360481262207,-1.9814902544021606,-1.8827087879180908,0.8990219235420227,0.0,0.0,0.0,0.0,0.0,0.0,0.0,0.0,0.0,0.0,0.3442417085170746,0.940726637840271,1.0599991083145142,0.34619271755218506,0.042695302516222,0.5,0.5,0.7250000238418579
91,3955,,,,,,,,,,,,,,,,,,,,,,,,,,,,,,,,,,,,,,,,,,-1.8075933456420898,-1.8497753143310547,-1.7448853254318237,-1.6745998859405518,-1.4852670431137085,-1.8825950622558594,-1.5617409944534302,-1.8701553344726562,-1.9104961156845093,-1.8538916110992432,-1.7641000747680664,0.21536093950271606,0.2310914248228073,0.22591474652290344,0.21603240072727203,0.2215922623872757,0.24096575379371643,0.21018382906913757,0.2704392969608307,0.21660223603248596,0.21014313399791718,0.20018455386161804,-1.8313668966293335,-1.8075933456420898,-1.8497753143310547,-1.7448853254318237,-1.6745998859405518,-1.4852670431137085,-1.8825950622558594,-1.5617409944534302,-1.8701553344726562,-1.9104961156845093,-1.8538916110992432,0.8999726176261902,0.0,0.0,0.0,0.0,0.0,0.0,0.0,0.0,0.0,0.0,0.3431779146194458,0.9419350624084473,1.070589542388916,0.345214307308197,0.041659433394670486,0.5,0.5,0.7250000238418579
92,3998,,,,,,,,,,,,,,,,,,,,,,,,,,,,,,,,,,,,,,,,,,-1.7601807117462158,-1.8379857540130615,-1.826686143875122,-1.711335301399231,-1.3901702165603638,-1.8522993326187134,-1.6294546127319336,-1.8510843515396118,-1.945912480354309,-1.8318965435028076,-1.7637006044387817,0.2108735740184784,0.2326182723045349,0.22042720019817352,0.20578844845294952,0.21849437057971954,0.23845471441745758,0.22076033055782318,0.2533600628376007,0.2271551489830017,0.20339597761631012,0.19890795648097992,-1.8432166576385498,-1.7601807117462158,-1.8379857540130615,-1.826686143875122,-1.711335301399231,-1.3901702165603638,-1.8522993326187134,-1.6294546127319336,-1.8510843515396118,-1.945912480354309,-1.8318965435028076,0.8994173407554626,0.0,0.0,0.0,0.0,0.0,0.0,0.0,0.0,0.0,0.0,0.3356223702430725,0.9430028200149536,1.0703153610229492,0.3504475951194763,0.042022693902254105,0.5,0.5,0.7250000238418579
93,3999,-2.2146217823028564,-2.038541316986084,-2.2124927043914795,-1.9813873767852783,-2.1756672859191895,-2.083131790161133,-2.202792167663574,-2.1101160049438477,-2.223238468170166,-2.174185276031494,-2.1416172981262207,0.13279375433921814,0.1143074557185173,0.13264429569244385,0.11674439162015915,0.063412144780159,0.1050313264131546,0.0799659937620163,0.1334153413772583,0.10345185548067093,0.10167528688907623,-2.2146217823028564,-2.038541316986084,-2.2124927043914795,-1.9813873767852783,-2.1756672859191895,-2.083131790161133,-2.202792167663574,-2.1101160049438477,-2.223238468170166,-2.174185276031494,0.0,0.0,0.0,0.0,0.0,0.0,0.0,0.0,0.0,0.0,,,,,,,,,,,,,,,,,,,,,,,,,,,,,,,,,,,,,,,,,,,,,,,,,,,,
93,4041,,,,,,,,,,,,,,,,,,,,,,,,,,,,,,,,,,,,,,,,,,-1.8775595426559448,-1.8752795457839966,-1.8424623012542725,-1.7493155002593994,-1.5788556337356567,-1.8888756036758423,-1.6806751489639282,-1.8944753408432007,-1.974165678024292,-1.865845799446106,-1.8227510452270508,0.20987163484096527,0.22957447171211243,0.21958748996257782,0.207253560423851,0.2120988667011261,0.23543132841587067,0.20574194192886353,0.25560614466667175,0.2163313329219818,0.2083265483379364,0.19952820241451263,-1.8876034021377563,-1.8775595426559448,-1.8752795457839966,-1.8424623012542725,-1.7493155002593994,-1.5788556337356567,-1.8888756036758423,-1.6806751489639282,-1.8944753408432007,-1.974165678024292,-1.865845799446106,0.9005762934684753,0.0,0.0,0.0,0.0,0.0,0.0,0.0,0.0,0.0,0.0,0.33964428305625916,0.9417725801467896,1.0795738697052002,0.3441265821456909,0.04027284309267998,0.5,0.5,0.7250000238418579
94,4084,,,,,,,,,,,,,,,,,,,,,,,,,,,,,,,,,,,,,,,,,,-1.7976906299591064,-1.775532841682434,-1.8108665943145752,-1.798778772354126,-1.46366286277771,-1.8733278512954712,-1.6896010637283325,-1.8985545635223389,-2.0182735919952393,-1.9113045930862427,-1.8037594556808472,0.2104073464870453,0.22607295215129852,0.23332488536834717,0.20740579068660736,0.2063162624835968,0.2350817620754242,0.21112565696239471,0.25470346212387085,0.21620096266269684,0.20393326878547668,0.1949385553598404,-1.858677625656128,-1.7976906299591064,-1.775532841682434,-1.8108665943145752,-1.798778772354126,-1.46366286277771,-1.8733278512954712,-1.6896010637283325,-1.8985545635223389,-2.0182735919952393,-1.9113045930862427,0.8996815085411072,0.0,0.0,0.0,0.0,0.0,0.0,0.0,0.0,0.0,0.0,0.339980810880661,0.9417883157730103,1.0729180574417114,0.34683340787887573,0.0410316064953804,0.5,0.5,0.7250000238418579
95,4127,,,,,,,,,,,,,,,,,,,,,,,,,,,,,,,,,,,,,,,,,,-1.8909443616867065,-1.8665962219238281,-1.8878576755523682,-1.7223749160766602,-1.579289197921753,-1.8823165893554688,-1.6007544994354248,-1.8878577947616577,-2.0103096961975098,-1.8484152555465698,-1.8176716566085815,0.2074866145849228,0.22490130364894867,0.21595731377601624,0.2031501978635788,0.21790571510791779,0.23126855492591858,0.20280982553958893,0.2577298581600189,0.21419882774353027,0.20273719727993011,0.19735920429229736,-1.8970082998275757,-1.8909443616867065,-1.8665962219238281,-1.8878576755523682,-1.7223749160766602,-1.579289197921753,-1.8823165893554688,-1.6007544994354248,-1.8878577947616577,-2.0103096961975098,-1.8484152555465698,0.9007303714752197,0.0,0.0,0.0,0.0,0.0,0.0,0.0,0.0,0.0,0.0,0.33937567472457886,0.9423483610153198,1.0808411836624146,0.3446187376976013,0.04040877893567085,0.5,0.5,0.7250000238418579
96,4170,,,,,,,,,,,,,,,,,,,,,,,,,,,,,,,,,,,,,,,,,,-1.8245244026184082,-1.8566135168075562,-1.8183799982070923,-1.7827376127243042,-1.5777158737182617,-1.8739128112792969,-1.5785776376724243,-1.904049038887024,-2.010448932647705,-1.8826429843902588,-1.810960292816162,0.20815634727478027,0.22609199583530426,0.21807894110679626,0.20830149948596954,0.21239599585533142,0.23264536261558533,0.2069006711244583,0.25326913595199585,0.21430997550487518,0.19964690506458282,0.19485509395599365,-1.8690794706344604,-1.8245244026184082,-1.8566135168075562,-1.8183799982070923,-1.7827376127243042,-1.5777158737182617,-1.8739128112792969,-1.5785776376724243,-1.904049038887024,-2.010448932647705,-1.8826429843902588,0.9012036323547363,0.0,0.0,0.0,0.0,0.0,0.0,0.0,0.0,0.0,0.0,0.3391447961330414,0.9425426721572876,1.0669876337051392,0.3444339632987976,0.041770171374082565,0.5,0.5,0.7250000238418579
97,4213,,,,,,,,,,,,,,,,,,,,,,,,,,,,,,,,,,,,,,,,,,-1.846940040588379,-1.8917121887207031,-1.9101170301437378,-1.7274527549743652,-1.4728270769119263,-1.9221864938735962,-1.6642656326293945,-1.8716256618499756,-2.0031449794769287,-1.8713937997817993,-1.8181666135787964,0.20652414858341217,0.2245454043149948,0.2146541178226471,0.20133769512176514,0.21164503693580627,0.23937545716762543,0.20409664511680603,0.24984696507453918,0.21774964034557343,0.20019075274467468,0.1948058009147644,-1.8834402561187744,-1.846940040588379,-1.8917121887207031,-1.9101170301437378,-1.7274527549743652,-1.4728270769119263,-1.9221864938735962,-1.6642656326293945,-1.8716256618499756,-2.0031449794769287,-1.8713937997817993,0.9011446237564087,0.0,0.0,0.0,0.0,0.0,0.0,0.0,0.0,0.0,0.0,0.34309136867523193,0.9440334439277649,1.0731956958770752,0.343508780002594,0.0390373133122921,0.5,0.550000011920929,0.7250000238418579
98,4256,,,,,,,,,,,,,,,,,,,,,,,,,,,,,,,,,,,,,,,,,,-1.8030246496200562,-1.905937910079956,-1.8569821119308472,-1.775246262550354,-1.5857019424438477,-1.888143539428711,-1.6888489723205566,-1.853302001953125,-2.0481460094451904,-1.8885382413864136,-1.8293874263763428,0.20628465712070465,0.22440163791179657,0.21618732810020447,0.19989724457263947,0.20904812216758728,0.2297072857618332,0.2074347287416458,0.2537941038608551,0.21263495087623596,0.19684827327728271,0.19524255394935608,-1.8919203281402588,-1.8030246496200562,-1.905937910079956,-1.8569821119308472,-1.775246262550354,-1.5857019424438477,-1.888143539428711,-1.6888489723205566,-1.853302001953125,-2.0481460094451904,-1.8885382413864136,0.9023716449737549,0.0,0.0,0.0,0.0,0.0,0.0,0.0,0.0,0.0,0.0,0.34356963634490967,0.9416295289993286,1.079987645149231,0.34471678733825684,0.041496723890304565,0.5,0.550000011920929,0.7250000238418579
99,4299,,,,,,,,,,,,,,,,,,,,,,,,,,,,,,,,,,,,,,,,,,-1.800323486328125,-1.8549009561538696,-1.847629189491272,-1.7851521968841553,-1.5970373153686523,-1.90756356716156,-1.6854207515716553,-1.8849693536758423,-2.0098729133605957,-1.941379189491272,-1.8314248323440552,0.20384134352207184,0.22373493015766144,0.2134351283311844,0.19844843447208405,0.2070654183626175,0.2278200089931488,0.20135456323623657,0.25062111020088196,0.2105502337217331,0.19491338729858398,0.19256964325904846,-1.885340690612793,-1.800323486328125,-1.8549009561538696,-1.847629189491272,-1.7851521968841553,-1.5970373153686523,-1.90756356716156,-1.6854207515716553,-1.8849693536758423,-2.0098729133605957,-1.941379189491272,0.9029671549797058,0.0,0.0,0.0,0.0,0.0,0.0,0.0,0.0,0.0,0.0,0.34295961260795593,0.9430757164955139,1.075883388519287,0.34290432929992676,0.04089993238449097,0.5,0.550000011920929,0.7250000238418579
100,4342,,,,,,,,,,,,,,,,,,,,,,,,,,,,,,,,,,,,,,,,,,-1.9106459617614746,-1.9249999523162842,-1.8453038930892944,-1.7882705926895142,-1.5760225057601929,-1.8944870233535767,-1.734357237815857,-1.9469635486602783,-2.013110399246216,-1.9145350456237793,-1.8548696041107178,0.20426014065742493,0.22150295972824097,0.20975373685359955,0.20951972901821136,0.20726747810840607,0.22920753061771393,0.20717698335647583,0.25182098150253296,0.20771169662475586,0.1964648813009262,0.19386035203933716,-1.926917314529419,-1.9106459617614746,-1.9249999523162842,-1.8453038930892944,-1.7882705926895142,-1.5760225057601929,-1.8944870233535767,-1.734357237815857,-1.9469635486602783,-2.013110399246216,-1.9145350456237793,0.9041076898574829,0.0,0.0,0.0,0.0,0.0,0.0,0.0,0.0,0.0,0.0,0.3450050950050354,0.9428536891937256,1.0702804327011108,0.33857524394989014,0.03930891305208206,0.5,0.550000011920929,0.7250000238418579
101,4385,,,,,,,,,,,,,,,,,,,,,,,,,,,,,,,,,,,,,,,,,,-1.8560433387756348,-1.897928237915039,-1.8730273246765137,-1.8421674966812134,-1.5908145904541016,-1.8697344064712524,-1.6917556524276733,-1.8662216663360596,-2.0180139541625977,-1.913783311843872,-1.8419491052627563,0.2012062966823578,0.22314147651195526,0.20728197693824768,0.19997024536132812,0.2034149020910263,0.22456979751586914,0.1985539048910141,0.24948619306087494,0.22613687813282013,0.19252441823482513,0.19222483038902283,-1.915150761604309,-1.8560433387756348,-1.897928237915039,-1.8730273246765137,-1.8421674966812134,-1.5908145904541016,-1.8697344064712524,-1.6917556524276733,-1.8662216663360596,-2.0180139541625977,-1.913783311843872,0.9027543663978577,0.0,0.0,0.0,0.0,0.0,0.0,0.0,0.0,0.0,0.0,0.340450644493103,0.9429320096969604,1.093575119972229,0.3441850244998932,0.038605108857154846,0.5,0.550000011920929,0.7250000238418579
102,4428,,,,,,,,,,,,,,,,,,,,,,,,,,,,,,,,,,,,,,,,,,-1.8116477727890015,-1.8741456270217896,-1.8809705972671509,-1.7526541948318481,-1.5782891511917114,-1.8816001415252686,-1.7332892417907715,-1.9260425567626953,-1.993035912513733,-1.9084731340408325,-1.834014892578125,0.20485536754131317,0.22173382341861725,0.21591442823410034,0.2013564258813858,0.21816261112689972,0.22842052578926086,0.20104548335075378,0.2510705888271332,0.2100663185119629,0.19454394280910492,0.19395685195922852,-1.913805365562439,-1.8116477727890015,-1.8741456270217896,-1.8809705972671509,-1.7526541948318481,-1.5782891511917114,-1.8816001415252686,-1.7332892417907715,-1.9260425567626953,-1.993035912513733,-1.9084731340408325,0.9060035347938538,0.0,0.0,0.0,0.0,0.0,0.0,0.0,0.0,0.0,0.0,0.3481130599975586,0.9425573945045471,1.0732332468032837,0.32870081067085266,0.03768949210643768,0.5,0.6000000238418579,0.7250000238418579
103,4471,,,,,,,,,,,,,,,,,,,,,,,,,,,,,,,,,,,,,,,,,,-1.804977297782898,-1.8352879285812378,-1.8891346454620361,-1.782499074935913,-1.5891038179397583,-1.8866348266601562,-1.703190803527832,-1.9127399921417236,-2.008617401123047,-1.9945234060287476,-1.8406708240509033,0.20029374957084656,0.2296430617570877,0.2095266729593277,0.1963624358177185,0.20894737541675568,0.22566987574100494,0.19727939367294312,0.2469961941242218,0.21124710142612457,0.1965627670288086,0.18827082216739655,-1.9251457452774048,-1.804977297782898,-1.8352879285812378,-1.8891346454620361,-1.782499074935913,-1.5891038179397583,-1.8866348266601562,-1.703190803527832,-1.9127399921417236,-2.008617401123047,-1.9945234060287476,0.9030856490135193,0.0,0.0,0.0,0.0,0.0,0.0,0.0,0.0,0.0,0.0,0.3429083526134491,0.9441874027252197,1.087040662765503,0.33998119831085205,0.037292029708623886,0.5,0.6000000238418579,0.7250000238418579
104,4514,,,,,,,,,,,,,,,,,,,,,,,,,,,,,,,,,,,,,,,,,,-1.8113293647766113,-1.8520151376724243,-1.8879739046096802,-1.7915643453598022,-1.6415443420410156,-1.9221235513687134,-1.693239450454712,-1.9563204050064087,-2.004526376724243,-1.9649462699890137,-1.8525582551956177,0.19896440207958221,0.2215823233127594,0.21183373034000397,0.19668209552764893,0.20227573812007904,0.21775726974010468,0.2005879133939743,0.24474093317985535,0.20516516268253326,0.1887926459312439,0.1861569732427597,-1.930616855621338,-1.8113293647766113,-1.8520151376724243,-1.8879739046096802,-1.7915643453598022,-1.6415443420410156,-1.9221235513687134,-1.693239450454712,-1.9563204050064087,-2.004526376724243,-1.9649462699890137,0.9050402641296387,0.0,0.0,0.0,0.0,0.0,0.0,0.0,0.0,0.0,0.0,0.34405529499053955,0.9440935850143433,1.0854214429855347,0.32954326272010803,0.036668263375759125,0.4000000059604645,0.6000000238418579,0.7250000238418579
105,4557,,,,,,,,,,,,,,,,,,,,,,,,,,,,,,,,,,,,,,,,,,-1.7759606838226318,-1.9638748168945312,-1.937049150466919,-1.793809175491333,-1.6848689317703247,-1.8770179748535156,-1.8000805377960205,-1.9542577266693115,-1.993988037109375,-1.9391086101531982,-1.87200129032135,0.20094266533851624,0.22215473651885986,0.2042955458164215,0.19618619978427887,0.20901650190353394,0.22302831709384918,0.20334956049919128,0.24944019317626953,0.20455271005630493,0.192461758852005,0.19354479014873505,-1.9491028785705566,-1.7759606838226318,-1.9638748168945312,-1.937049150466919,-1.793809175491333,-1.6848689317703247,-1.8770179748535156,-1.8000805377960205,-1.9542577266693115,-1.993988037109375,-1.9391086101531982,0.9065967202186584,0.0,0.0,0.0,0.0,0.0,0.0,0.0,0.0,0.0,0.0,0.3445010185241699,0.9431198835372925,1.0822603702545166,0.32417726516723633,0.03517235070466995,0.4000000059604645,0.6000000238418579,0.7250000238418579
106,4600,,,,,,,,,,,,,,,,,,,,,,,,,,,,,,,,,,,,,,,,,,-1.8023152351379395,-1.8961232900619507,-1.926666259765625,-1.8280034065246582,-1.5738378763198853,-1.8912551403045654,-1.7170284986495972,-1.9554468393325806,-1.9953720569610596,-1.9967236518859863,-1.8582770824432373,0.1980183869600296,0.22019228339195251,0.20637093484401703,0.194064199924469,0.2045096904039383,0.2245938926935196,0.19933901727199554,0.24666142463684082,0.20196804404258728,0.18904335796833038,0.18579089641571045,-1.9312117099761963,-1.8023152351379395,-1.8961232900619507,-1.926666259765625,-1.8280034065246582,-1.5738378763198853,-1.8912551403045654,-1.7170284986495972,-1.9554468393325806,-1.9953720569610596,-1.9967236518859863,0.9054545164108276,0.0,0.0,0.0,0.0,0.0,0.0,0.0,0.0,0.0,0.0,0.3429999351501465,0.9444851279258728,1.0934343338012695,0.3324894607067108,0.035893652588129044,0.4000000059604645,0.6000000238418579,0.7250000238418579
107,4643,,,,,,,,,,,,,,,,,,,,,,,,,,,,,,,,,,,,,,,,,,-1.8665250539779663,-1.924106478691101,-1.901510238647461,-1.8101568222045898,-1.6223580837249756,-1.928875207901001,-1.784475564956665,-1.9089064598083496,-1.9990824460983276,-1.9797961711883545,-1.8725792169570923,0.19903522729873657,0.2182842642068863,0.2046092450618744,0.1927766054868698,0.20738288760185242,0.22174392640590668,0.19858548045158386,0.24754075706005096,0.20751233398914337,0.18732188642024994,0.18606729805469513,-1.9400757551193237,-1.8665250539779663,-1.924106478691101,-1.901510238647461,-1.8101568222045898,-1.6223580837249756,-1.928875207901001,-1.784475564956665,-1.9089064598083496,-1.9990824460983276,-1.9797961711883545,0.9068881273269653,0.0,0.0,0.0,0.0,0.0,0.0,0.0,0.0,0.0,0.0,0.3514029085636139,0.9437854290008545,1.0867435932159424,0.3242812156677246,0.0360601581633091,0.4000000059604645,0.6000000238418579,0.7250000238418579
108,4686,,,,,,,,,,,,,,,,,,,,,,,,,,,,,,,,,,,,,,,,,,-1.864192247390747,-1.9729241132736206,-1.9042607545852661,-1.8573415279388428,-1.5967844724655151,-1.8604285717010498,-1.7973235845565796,-1.9177786111831665,-2.0445284843444824,-1.996492624282837,-1.881205439567566,0.19740858674049377,0.2192946821451187,0.20411546528339386,0.19541922211647034,0.19972966611385345,0.2180800586938858,0.19638538360595703,0.24454963207244873,0.20962174236774445,0.1889050155878067,0.1875876486301422,-1.9489930868148804,-1.864192247390747,-1.9729241132736206,-1.9042607545852661,-1.8573415279388428,-1.5967844724655151,-1.8604285717010498,-1.7973235845565796,-1.9177786111831665,-2.0445284843444824,-1.996492624282837,0.9041336178779602,0.0,0.0,0.0,0.0,0.0,0.0,0.0,0.0,0.0,0.0,0.3455977737903595,0.9437181353569031,1.1118756532669067,0.3332727253437042,0.03569132089614868,0.4000000059604645,0.6000000238418579,0.7250000238418579
109,4729,,,,,,,,,,,,,,,,,,,,,,,,,,,,,,,,,,,,,,,,,,-1.833940863609314,-1.7939229011535645,-1.9138273000717163,-1.8798497915267944,-1.585714340209961,-1.9028220176696777,-1.8273226022720337,-1.9491232633590698,-2.0657413005828857,-2.034722089767456,-1.8786985874176025,0.19705380499362946,0.21680393815040588,0.21362408995628357,0.1957264095544815,0.20107123255729675,0.21875576674938202,0.1978062093257904,0.24400433897972107,0.20892950892448425,0.1845116913318634,0.18423129618167877,-1.9429442882537842,-1.833940863609314,-1.7939229011535645,-1.9138273000717163,-1.8798497915267944,-1.585714340209961,-1.9028220176696777,-1.8273226022720337,-1.9491232633590698,-2.0657413005828857,-2.034722089767456,0.9070494771003723,0.0,0.0,0.0,0.0,0.0,0.0,0.0,0.0,0.0,0.0,0.3506990373134613,0.9427403211593628,1.0886112451553345,0.3328804075717926,0.037128642201423645,0.4000000059604645,0.6000000238418579,0.7250000238418579
110,4772,,,,,,,,,,,,,,,,,,,,,,,,,,,,,,,,,,,,,,,,,,-1.8551220893859863,-1.8832237720489502,-1.9518225193023682,-1.8841530084609985,-1.6143697500228882,-1.915010929107666,-1.7541871070861816,-1.9560085535049438,-2.077807903289795,-2.046191453933716,-1.8937897682189941,0.19573183357715607,0.2153942734003067,0.20810678601264954,0.1920519471168518,0.20210090279579163,0.21540161967277527,0.20132584869861603,0.24464131891727448,0.2024337649345398,0.18413184583187103,0.18595781922340393,-1.9632266759872437,-1.8551220893859863,-1.8832237720489502,-1.9518225193023682,-1.8841530084609985,-1.6143697500228882,-1.915010929107666,-1.7541871070861816,-1.9560085535049438,-2.077807903289795,-2.046191453933716,0.9070782661437988,0.0,0.0,0.0,0.0,0.0,0.0,0.0,0.0,0.0,0.0,0.35151511430740356,0.9436066746711731,1.100414514541626,0.33185598254203796,0.03614930436015129,0.4000000059604645,0.6000000238418579,0.7250000238418579
111,4815,,,,,,,,,,,,,,,,,,,,,,,,,,,,,,,,,,,,,,,,,,-1.8295811414718628,-1.9140318632125854,-1.8852611780166626,-1.777319312095642,-1.6011927127838135,-1.9110596179962158,-1.8043975830078125,-1.9086514711380005,-2.0188071727752686,-2.017982006072998,-1.866828441619873,0.1963958591222763,0.2157786637544632,0.20237337052822113,0.19581113755702972,0.1978277713060379,0.21727591753005981,0.19685989618301392,0.24139241874217987,0.20270352065563202,0.1890600472688675,0.1835557073354721,-1.9388114213943481,-1.8295811414718628,-1.9140318632125854,-1.8852611780166626,-1.777319312095642,-1.6011927127838135,-1.9110596179962158,-1.8043975830078125,-1.9086514711380005,-2.0188071727752686,-2.017982006072998,0.9079219102859497,0.0,0.0,0.0,0.0,0.0,0.0,0.0,0.0,0.0,0.0,0.3481077253818512,0.9440012574195862,1.090814232826233,0.3240058720111847,0.03552979975938797,0.4000000059604645,0.6000000238418579,0.7250000238418579
112,4858,,,,,,,,,,,,,,,,,,,,,,,,,,,,,,,,,,,,,,,,,,-1.817403793334961,-1.9222383499145508,-1.919020175933838,-1.8322780132293701,-1.6075931787490845,-1.9251680374145508,-1.8828675746917725,-1.904999017715454,-2.042133331298828,-1.9925984144210815,-1.8846299648284912,0.1927523910999298,0.21710030734539032,0.19844596087932587,0.18960116803646088,0.1973981261253357,0.21151545643806458,0.19416138529777527,0.24171587824821472,0.2026444524526596,0.18565483391284943,0.18161922693252563,-1.968300223350525,-1.817403793334961,-1.9222383499145508,-1.919020175933838,-1.8322780132293701,-1.6075931787490845,-1.9251680374145508,-1.8828675746917725,-1.904999017715454,-2.042133331298828,-1.9925984144210815,0.9078603982925415,0.0,0.0,0.0,0.0,0.0,0.0,0.0,0.0,0.0,0.0,0.34764984250068665,0.9446455240249634,1.1143461465835571,0.3250790536403656,0.03494538366794586,0.4000000059604645,0.6000000238418579,0.7250000238418579
113,4901,,,,,,,,,,,,,,,,,,,,,,,,,,,,,,,,,,,,,,,,,,-1.841142177581787,-1.964260458946228,-1.9133750200271606,-1.8583343029022217,-1.6106785535812378,-1.9070898294448853,-1.8304363489151,-1.9322808980941772,-2.068718671798706,-1.9837405681610107,-1.8910056352615356,0.19351741671562195,0.2162124365568161,0.19824862480163574,0.1971883475780487,0.19947881996631622,0.2200036644935608,0.1988987773656845,0.23982833325862885,0.20226529240608215,0.18059410154819489,0.184537872672081,-1.9759823083877563,-1.841142177581787,-1.964260458946228,-1.9133750200271606,-1.8583343029022217,-1.6106785535812378,-1.9070898294448853,-1.8304363489151,-1.9322808980941772,-2.068718671798706,-1.9837405681610107,0.9080972075462341,0.0,0.0,0.0,0.0,0.0,0.0,0.0,0.0,0.0,0.0,0.3496949374675751,0.9447070360183716,1.1080303192138672,0.3257668912410736,0.033902157098054886,0.4000000059604645,0.6000000238418579,0.7250000238418579
114,4944,,,,,,,,,,,,,,,,,,,,,,,,,,,,,,,,,,,,,,,,,,-1.835762858390808,-1.9838680028915405,-1.8794301748275757,-1.8153966665267944,-1.690933346748352,-1.8935208320617676,-1.8229786157608032,-1.9023065567016602,-2.0783791542053223,-2.052398204803467,-1.8954973220825195,0.19348761439323425,0.21487782895565033,0.19699959456920624,0.19449163973331451,0.1980580985546112,0.21404868364334106,0.19853395223617554,0.23541097342967987,0.20284417271614075,0.1790405511856079,0.1828688234090805,-1.985028624534607,-1.835762858390808,-1.9838680028915405,-1.8794301748275757,-1.8153966665267944,-1.690933346748352,-1.8935208320617676,-1.8229786157608032,-1.9023065567016602,-2.0783791542053223,-2.052398204803467,0.9089356660842896,0.0,0.0,0.0,0.0,0.0,0.0,0.0,0.0,0.0,0.0,0.34972241520881653,0.9454124569892883,1.0992130041122437,0.31857579946517944,0.03387577459216118,0.4000000059604645,0.6000000238418579,0.7250000238418579
115,4987,,,,,,,,,,,,,,,,,,,,,,,,,,,,,,,,,,,,,,,,,,-1.8364017009735107,-1.9105547666549683,-1.8874990940093994,-1.8272805213928223,-1.6891660690307617,-1.8943876028060913,-1.8217554092407227,-1.8838722705841064,-2.0762155055999756,-2.0149059295654297,-1.8842039108276367,0.19545847177505493,0.2132655531167984,0.20480136573314667,0.19559815526008606,0.19424554705619812,0.2157672941684723,0.201309934258461,0.24710910022258759,0.20375928282737732,0.18287323415279388,0.18189334869384766,-1.9764434099197388,-1.8364017009735107,-1.9105547666549683,-1.8874990940093994,-1.8272805213928223,-1.6891660690307617,-1.8943876028060913,-1.8217554092407227,-1.8838722705841064,-2.0762155055999756,-2.0149059295654297,0.9100872874259949,0.0,0.0,0.0,0.0,0.0,0.0,0.0,0.0,0.0,0.0,0.35503825545310974,0.9446607232093811,1.102952003479004,0.31398260593414307,0.03306100517511368,0.4000000059604645,0.6000000238418579,0.7250000238418579
116,4999,-2.3648905754089355,-2.0879077911376953,-2.3321259021759033,-1.9487969875335693,-2.1708199977874756,-1.5736596584320068,-2.3962149620056152,-2.5303826332092285,-2.646507740020752,-2.3911519050598145,-2.244245767593384,0.1521679013967514,0.23699626326560974,0.16124625504016876,0.10639317333698273,0.19274801015853882,0.20964208245277405,0.17746451497077942,0.1377110332250595,0.09686337411403656,0.15388448536396027,-2.3648905754089355,-2.0879077911376953,-2.3321259021759033,-1.9487969875335693,-2.1708199977874756,-1.5736596584320068,-2.3962149620056152,-2.5303826332092285,-2.646507740020752,-2.3911519050598145,0.0,0.0,0.0,0.0,0.0,0.0,0.0,0.0,0.0,0.0,,,,,,,,,,,,,,,,,,,,,,,,,,,,,,,,,,,,,,,,,,,,,,,,,,,,
116,5030,,,,,,,,,,,,,,,,,,,,,,,,,,,,,,,,,,,,,,,,,,-1.8567379713058472,-1.9486253261566162,-1.9536398649215698,-1.8377361297607422,-1.6310263872146606,-1.9379397630691528,-1.8189743757247925,-1.9253259897232056,-2.0626583099365234,-2.0493319034576416,-1.902199387550354,0.19008439779281616,0.21142302453517914,0.19700324535369873,0.18781885504722595,0.1991058588027954,0.2064691185951233,0.19139732420444489,0.23914596438407898,0.19897203147411346,0.17898347973823547,0.17942388355731964,-1.9959123134613037,-1.8567379713058472,-1.9486253261566162,-1.9536398649215698,-1.8377361297607422,-1.6310263872146606,-1.9379397630691528,-1.8189743757247925,-1.9253259897232056,-2.0626583099365234,-2.0493319034576416,0.9093773365020752,0.0,0.0,0.0,0.0,0.0,0.0,0.0,0.0,0.0,0.0,0.3501436114311218,0.9456226825714111,1.113401174545288,0.3179722726345062,0.03272850438952446,0.4000000059604645,0.6000000238418579,0.7250000238418579
117,5073,,,,,,,,,,,,,,,,,,,,,,,,,,,,,,,,,,,,,,,,,,-1.844064712524414,-1.9860975742340088,-1.9531209468841553,-1.8502765893936157,-1.7275617122650146,-1.901159405708313,-1.870192050933838,-1.971417784690857,-2.06577730178833,-2.0795278549194336,-1.924919605255127,0.1899917870759964,0.2131127119064331,0.19647090137004852,0.18879243731498718,0.20460447669029236,0.20785674452781677,0.19473861157894135,0.24034006893634796,0.19685114920139313,0.17772743105888367,0.17956936359405518,-2.0150983333587646,-1.844064712524414,-1.9860975742340088,-1.9531209468841553,-1.8502765893936157,-1.7275617122650146,-1.901159405708313,-1.870192050933838,-1.971417784690857,-2.06577730178833,-2.0795278549194336,0.9096410274505615,0.0,0.0,0.0,0.0,0.0,0.0,0.0,0.0,0.0,0.0,0.35005640983581543,0.9444952011108398,1.1110045909881592,0.3213353753089905,0.03314473107457161,0.4000000059604645,0.6000000238418579,0.7250000238418579
118,5116,,,,,,,,,,,,,,,,,,,,,,,,,,,,,,,,,,,,,,,,,,-1.788185715675354,-1.9696317911148071,-1.9580732583999634,-1.751116394996643,-1.6901172399520874,-1.923880696296692,-1.8352450132369995,-1.9723706245422363,-2.0727627277374268,-2.043415069580078,-1.9004796743392944,0.1915508210659027,0.21271102130413055,0.20035509765148163,0.18768811225891113,0.2023753821849823,0.206673726439476,0.20061364769935608,0.2374611347913742,0.19500723481178284,0.18491493165493011,0.1803453415632248,-1.9967420101165771,-1.788185715675354,-1.9696317911148071,-1.9580732583999634,-1.751116394996643,-1.6901172399520874,-1.923880696296692,-1.8352450132369995,-1.9723706245422363,-2.0727627277374268,-2.043415069580078,0.9104930758476257,0.0,0.0,0.0,0.0,0.0,0.0,0.0,0.0,0.0,0.0,0.3531852066516876,0.9454230070114136,1.1028143167495728,0.3143587112426758,0.03246152400970459,0.4000000059604645,0.6000000238418579,0.7250000238418579
119,5159,,,,,,,,,,,,,,,,,,,,,,,,,,,,,,,,,,,,,,,,,,-1.8408458232879639,-1.9742376804351807,-1.9897432327270508,-1.8489172458648682,-1.7229385375976562,-1.95004403591156,-1.9096636772155762,-1.9657241106033325,-2.040935754776001,-2.0805695056915283,-1.9323618412017822,0.18886803090572357,0.2185027003288269,0.19593049585819244,0.1862257421016693,0.19388115406036377,0.20717842876911163,0.1891043335199356,0.23481376469135284,0.20354226231575012,0.18061679601669312,0.17874644696712494,-2.027881383895874,-1.8408458232879639,-1.9742376804351807,-1.9897432327270508,-1.8489172458648682,-1.7229385375976562,-1.95004403591156,-1.9096636772155762,-1.9657241106033325,-2.040935754776001,-2.0805695056915283,0.9092024564743042,0.0,0.0,0.0,0.0,0.0,0.0,0.0,0.0,0.0,0.0,0.34864917397499084,0.9451599717140198,1.1179896593093872,0.32075637578964233,0.03174297511577606,0.4000000059604645,0.6000000238418579,0.7250000238418579
120,5202,,,,,,,,,,,,,,,,,,,,,,,,,,,,,,,,,,,,,,,,,,-1.845011830329895,-1.9712669849395752,-1.9753090143203735,-1.783913493156433,-1.7923357486724854,-1.845896601676941,-1.7923436164855957,-1.969334363937378,-2.0314900875091553,-2.061575412750244,-1.9068477153778076,0.19107697904109955,0.21076451241970062,0.1990792155265808,0.1872253566980362,0.204720601439476,0.20985595881938934,0.21023599803447723,0.24600054323673248,0.19751755893230438,0.1805182844400406,0.17914754152297974,-2.00942063331604,-1.845011830329895,-1.9712669849395752,-1.9753090143203735,-1.783913493156433,-1.7923357486724854,-1.845896601676941,-1.7923436164855957,-1.969334363937378,-2.0314900875091553,-2.061575412750244,0.911716639995575,0.0,0.0,0.0,0.0,0.0,0.0,0.0,0.0,0.0,0.0,0.35472553968429565,0.9440087676048279,1.1176518201828003,0.31870198249816895,0.03380884975194931,0.4000000059604645,0.6000000238418579,0.7250000238418579
121,5245,,,,,,,,,,,,,,,,,,,,,,,,,,,,,,,,,,,,,,,,,,-1.8619340658187866,-2.005540609359741,-1.9857336282730103,-1.750719428062439,-1.7124353647232056,-1.8693783283233643,-1.891495704650879,-1.980412483215332,-2.0381736755371094,-1.99375319480896,-1.908957600593567,0.1896761655807495,0.20945411920547485,0.19412915408611298,0.18850859999656677,0.19712118804454803,0.21425122022628784,0.20392529666423798,0.23639367520809174,0.195286363363266,0.1775684803724289,0.1787165105342865,-2.014261484146118,-1.8619340658187866,-2.005540609359741,-1.9857336282730103,-1.750719428062439,-1.7124353647232056,-1.8693783283233643,-1.891495704650879,-1.980412483215332,-2.0381736755371094,-1.99375319480896,0.9113904237747192,0.0,0.0,0.0,0.0,0.0,0.0,0.0,0.0,0.0,0.0,0.3499886095523834,0.9454435706138611,1.1176306009292603,0.3116622269153595,0.03148562088608742,0.4000000059604645,0.6000000238418579,0.7250000238418579
122,5288,,,,,,,,,,,,,,,,,,,,,,,,,,,,,,,,,,,,,,,,,,-1.8583422899246216,-1.9498324394226074,-1.983682632446289,-1.820785641670227,-1.7202576398849487,-1.9515917301177979,-1.8792109489440918,-1.94240403175354,-2.0349268913269043,-2.0577890872955322,-1.9198825359344482,0.1881808340549469,0.20940271019935608,0.1929481029510498,0.18822075426578522,0.2032216340303421,0.20842479169368744,0.19511345028877258,0.22843146324157715,0.20117922127246857,0.17878594994544983,0.1774379462003708,-2.0086052417755127,-1.8583422899246216,-1.9498324394226074,-1.983682632446289,-1.820785641670227,-1.7202576398849487,-1.9515917301177979,-1.8792109489440918,-1.94240403175354,-2.0349268913269043,-2.0577890872955322,0.9108298420906067,0.0,0.0,0.0,0.0,0.0,0.0,0.0,0.0,0.0,0.0,0.35273677110671997,0.9456342458724976,1.1104239225387573,0.31778034567832947,0.0317833237349987,0.4000000059604645,0.6000000238418579,0.7250000238418579
123,5331,,,,,,,,,,,,,,,,,,,,,,,,,,,,,,,,,,,,,,,,,,-1.8598535060882568,-2.0040462017059326,-1.9115239381790161,-1.8496652841567993,-1.6566076278686523,-1.9253419637680054,-1.8540842533111572,-1.9395743608474731,-2.0220162868499756,-2.0315685272216797,-1.9054282903671265,0.1865146905183792,0.20931975543498993,0.19312509894371033,0.1863577663898468,0.19332295656204224,0.20662790536880493,0.19311875104904175,0.23387455940246582,0.20364700257778168,0.17682848870754242,0.1772230565547943,-2.0056886672973633,-1.8598535060882568,-2.0040462017059326,-1.9115239381790161,-1.8496652841567993,-1.6566076278686523,-1.9253419637680054,-1.8540842533111572,-1.9395743608474731,-2.0220162868499756,-2.0315685272216797,0.9106870889663696,0.0,0.0,0.0,0.0,0.0,0.0,0.0,0.0,0.0,0.0,0.3495001792907715,0.9458709359169006,1.1254905462265015,0.3181791603565216,0.03204014524817467,0.4000000059604645,0.6000000238418579,0.7250000238418579
124,5374,,,,,,,,,,,,,,,,,,,,,,,,,,,,,,,,,,,,,,,,,,-1.8595837354660034,-1.9903961420059204,-2.021397829055786,-1.8860036134719849,-1.7215403318405151,-1.8845012187957764,-1.9366663694381714,-1.9520944356918335,-2.04646897315979,-2.0321598052978516,-1.9330812692642212,0.18497483432292938,0.21017330884933472,0.19251631200313568,0.18382160365581512,0.18817290663719177,0.20399507880210876,0.19291287660598755,0.2306685447692871,0.20034106075763702,0.17558561265468597,0.1773630678653717,-2.034311294555664,-1.8595837354660034,-1.9903961420059204,-2.021397829055786,-1.8860036134719849,-1.7215403318405151,-1.8845012187957764,-1.9366663694381714,-1.9520944356918335,-2.04646897315979,-2.0321598052978516,0.9104107618331909,0.0,0.0,0.0,0.0,0.0,0.0,0.0,0.0,0.0,0.0,0.34321245551109314,0.9455101490020752,1.1457452774047852,0.31908905506134033,0.030582936480641365,0.4000000059604645,0.6000000238418579,0.7250000238418579
125,5417,,,,,,,,,,,,,,,,,,,,,,,,,,,,,,,,,,,,,,,,,,-1.8196134567260742,-1.9858214855194092,-1.964836597442627,-1.8007700443267822,-1.6673386096954346,-1.8684844970703125,-1.899218201637268,-1.9642798900604248,-2.0981900691986084,-2.053040027618408,-1.9121593236923218,0.18714241683483124,0.2121603786945343,0.1930849552154541,0.1850573867559433,0.2001653015613556,0.2285463660955429,0.19738364219665527,0.22573819756507874,0.1921953409910202,0.17593799531459808,0.17620083689689636,-2.0259299278259277,-1.8196134567260742,-1.9858214855194092,-1.964836597442627,-1.8007700443267822,-1.6673386096954346,-1.8684844970703125,-1.899218201637268,-1.9642798900604248,-2.0981900691986084,-2.053040027618408,0.9118862152099609,0.0,0.0,0.0,0.0,0.0,0.0,0.0,0.0,0.0,0.0,0.3515617251396179,0.9458211660385132,1.1224968433380127,0.31505557894706726,0.03146952763199806,0.4000000059604645,0.6000000238418579,0.7250000238418579
126,5460,,,,,,,,,,,,,,,,,,,,,,,,,,,,,,,,,,,,,,,,,,-1.8963022232055664,-1.978468418121338,-1.9923614263534546,-1.8267415761947632,-1.7223068475723267,-1.8833811283111572,-1.9196057319641113,-2.023613214492798,-2.0853984355926514,-2.0917844772338867,-1.941996455192566,0.18512175977230072,0.20959986746311188,0.19224333763122559,0.1863538771867752,0.19084002077579498,0.2085493803024292,0.19716769456863403,0.22692380845546722,0.19137023389339447,0.1728786677122116,0.17641401290893555,-2.0620741844177246,-1.8963022232055664,-1.978468418121338,-1.9923614263534546,-1.8267415761947632,-1.7223068475723267,-1.8833811283111572,-1.9196057319641113,-2.023613214492798,-2.0853984355926514,-2.0917844772338867,0.9123563170433044,0.0,0.0,0.0,0.0,0.0,0.0,0.0,0.0,0.0,0.0,0.3566717207431793,0.9465636610984802,1.126335620880127,0.30917686223983765,0.030481424182653427,0.4000000059604645,0.6000000238418579,0.7250000238418579
127,5503,,,,,,,,,,,,,,,,,,,,,,,,,,,,,,,,,,,,,,,,,,-1.8844447135925293,-1.9656695127487183,-1.9659045934677124,-1.8758472204208374,-1.7483494281768799,-1.7952991724014282,-1.9669431447982788,-1.9355896711349487,-2.089937925338745,-2.0506608486175537,-1.9278644323349,0.18770939111709595,0.2073896825313568,0.19495807588100433,0.18770340085029602,0.19894413650035858,0.20625197887420654,0.20843283832073212,0.22603411972522736,0.19384220242500305,0.17361746728420258,0.17980605363845825,-2.0346248149871826,-1.8844447135925293,-1.9656695127487183,-1.9659045934677124,-1.8758472204208374,-1.7483494281768799,-1.7952991724014282,-1.9669431447982788,-1.9355896711349487,-2.089937925338745,-2.0506608486175537,0.9135432839393616,0.0,0.0,0.0,0.0,0.0,0.0,0.0,0.0,0.0,0.0,0.3578945994377136,0.9460607171058655,1.106587529182434,0.3059525191783905,0.030575141310691833,0.4000000059604645,0.6000000238418579,0.7250000238418579
128,5546,,,,,,,,,,,,,,,,,,,,,,,,,,,,,,,,,,,,,,,,,,-1.8019026517868042,-2.0117297172546387,-2.0436480045318604,-1.877989411354065,-1.7475475072860718,-1.8712917566299438,-1.9291502237319946,-1.982845664024353,-2.100058078765869,-2.050179958343506,-1.9416342973709106,0.18306314945220947,0.20790229737758636,0.18996913731098175,0.1840774267911911,0.1895626038312912,0.20654413104057312,0.19008135795593262,0.22863031923770905,0.1923442929983139,0.17020754516124725,0.17686942219734192,-2.0582826137542725,-1.8019026517868042,-2.0117297172546387,-2.0436480045318604,-1.877989411354065,-1.7475475072860718,-1.8712917566299438,-1.9291502237319946,-1.982845664024353,-2.100058078765869,-2.050179958343506,0.9121928811073303,0.0,0.0,0.0,0.0,0.0,0.0,0.0,0.0,0.0,0.0,0.35263076424598694,0.9464299082756042,1.1452871561050415,0.31421390175819397,0.030734580010175705,0.4000000059604645,0.6000000238418579,0.7250000238418579
129,5589,,,,,,,,,,,,,,,,,,,,,,,,,,,,,,,,,,,,,,,,,,-1.8493494987487793,-2.0130136013031006,-2.01466965675354,-1.8832024335861206,-1.7963241338729858,-1.9394686222076416,-1.9054858684539795,-1.949125051498413,-2.0671284198760986,-2.030425548553467,-1.944819450378418,0.1836410015821457,0.20703525841236115,0.19365699589252472,0.18409830331802368,0.1872991919517517,0.20188279449939728,0.1852751076221466,0.2293665111064911,0.19642554223537445,0.1733068823814392,0.17735520005226135,-2.0415329933166504,-1.8493494987487793,-2.0130136013031006,-2.01466965675354,-1.8832024335861206,-1.7963241338729858,-1.9394686222076416,-1.9054858684539795,-1.949125051498413,-2.0671284198760986,-2.030425548553467,0.9110826253890991,0.0,0.0,0.0,0.0,0.0,0.0,0.0,0.0,0.0,0.0,0.35172727704048157,0.9454911351203918,1.159158706665039,0.31952789425849915,0.03110949508845806,0.4000000059604645,0.6000000238418579,0.7250000238418579
130,5632,,,,,,,,,,,,,,,,,,,,,,,,,,,,,,,,,,,,,,,,,,-1.8645347356796265,-1.9494541883468628,-1.9908231496810913,-1.8965246677398682,-1.764970302581787,-1.903977394104004,-1.9710559844970703,-1.9736618995666504,-2.0703752040863037,-2.0298101902008057,-1.9415189027786255,0.18209393322467804,0.20664724707603455,0.19524787366390228,0.18334870040416718,0.1867620199918747,0.2064187228679657,0.18767108023166656,0.22354157269001007,0.1897377222776413,0.1720867156982422,0.17349585890769958,-2.0431299209594727,-1.8645347356796265,-1.9494541883468628,-1.9908231496810913,-1.8965246677398682,-1.764970302581787,-1.903977394104004,-1.9710559844970703,-1.9736618995666504,-2.0703752040863037,-2.0298101902008057,0.9122049808502197,0.0,0.0,0.0,0.0,0.0,0.0,0.0,0.0,0.0,0.0,0.3540220260620117,0.9468331933021545,1.1484638452529907,0.3164055645465851,0.030062029138207436,0.4000000059604645,0.6000000238418579,0.7250000238418579
131,5675,,,,,,,,,,,,,,,,,,,,,,,,,,,,,,,,,,,,,,,,,,-1.875961422920227,-2.017670154571533,-1.9725021123886108,-1.7881734371185303,-1.7253670692443848,-1.8630176782608032,-1.9207878112792969,-1.9218709468841553,-2.0336296558380127,-2.0028955936431885,-1.9121874570846558,0.18455243110656738,0.20521922409534454,0.1878320872783661,0.18704606592655182,0.20149488747119904,0.20870113372802734,0.19510923326015472,0.2252872884273529,0.1907002180814743,0.16937841475009918,0.17629680037498474,-2.0427322387695312,-1.875961422920227,-2.017670154571533,-1.9725021123886108,-1.7881734371185303,-1.7253670692443848,-1.8630176782608032,-1.9207878112792969,-1.9218709468841553,-2.0336296558380127,-2.0028955936431885,0.9145632982254028,0.0,0.0,0.0,0.0,0.0,0.0,0.0,0.0,0.0,0.0,0.3533754050731659,0.9468950033187866,1.1375430822372437,0.3007639944553375,0.029119335114955902,0.4000000059604645,0.6000000238418579,0.7250000238418579
132,5718,,,,,,,,,,,,,,,,,,,,,,,,,,,,,,,,,,,,,,,,,,-1.862721562385559,-2.0287580490112305,-1.913785696029663,-1.9086776971817017,-1.792555332183838,-1.930557131767273,-1.9631447792053223,-1.9963701963424683,-2.061743974685669,-2.087264060974121,-1.9545578956604004,0.18333224952220917,0.2035473734140396,0.19410058856010437,0.19046245515346527,0.19009710848331451,0.20412622392177582,0.1925087869167328,0.2368444800376892,0.18588627874851227,0.16995829343795776,0.17249450087547302,-2.055227756500244,-1.862721562385559,-2.0287580490112305,-1.913785696029663,-1.9086776971817017,-1.792555332183838,-1.930557131767273,-1.9631447792053223,-1.9963701963424683,-2.061743974685669,-2.087264060974121,0.9146119952201843,0.0,0.0,0.0,0.0,0.0,0.0,0.0,0.0,0.0,0.0,0.35911238193511963,0.9461772441864014,1.1430141925811768,0.3061748743057251,0.029657810926437378,0.4000000059604645,0.6000000238418579,0.7250000238418579
133,5761,,,,,,,,,,,,,,,,,,,,,,,,,,,,,,,,,,,,,,,,,,-1.8394237756729126,-2.0504589080810547,-1.9901328086853027,-1.9007539749145508,-1.7437516450881958,-1.9590531587600708,-1.8707526922225952,-1.8782321214675903,-2.0597681999206543,-2.056832790374756,-1.9349162578582764,0.18131139874458313,0.20574186742305756,0.19210460782051086,0.18345512449741364,0.18429288268089294,0.19965633749961853,0.1856183260679245,0.22784972190856934,0.19546207785606384,0.1707826554775238,0.17302975058555603,-2.046983242034912,-1.8394237756729126,-2.0504589080810547,-1.9901328086853027,-1.9007539749145508,-1.7437516450881958,-1.9590531587600708,-1.8707526922225952,-1.8782321214675903,-2.0597681999206543,-2.056832790374756,0.9126942157745361,0.0,0.0,0.0,0.0,0.0,0.0,0.0,0.0,0.0,0.0,0.35126060247421265,0.9474042654037476,1.1519900560379028,0.3145502805709839,0.030200500041246414,0.4000000059604645,0.6000000238418579,0.7250000238418579
134,5804,,,,,,,,,,,,,,,,,,,,,,,,,,,,,,,,,,,,,,,,,,-1.891633152961731,-1.9903687238693237,-1.9559946060180664,-1.871240258216858,-1.7890357971191406,-1.9425526857376099,-1.947172999382019,-1.8930439949035645,-2.047187089920044,-2.0700159072875977,-1.9398243427276611,0.1816577911376953,0.20554974675178528,0.1884978860616684,0.18222294747829437,0.1903972029685974,0.1992686539888382,0.1920122504234314,0.2256147414445877,0.19129805266857147,0.17022375762462616,0.17475613951683044,-2.0549540519714355,-1.891633152961731,-1.9903687238693237,-1.9559946060180664,-1.871240258216858,-1.7890357971191406,-1.9425526857376099,-1.947172999382019,-1.8930439949035645,-2.047187089920044,-2.0700159072875977,0.9135352969169617,0.0,0.0,0.0,0.0,0.0,0.0,0.0,0.0,0.0,0.0,0.3531282842159271,0.9466886520385742,1.1477372646331787,0.31103596091270447,0.030352091416716576,0.4000000059604645,0.6000000238418579,0.7250000238418579
135,5847,,,,,,,,,,,,,,,,,,,,,,,,,,,,,,,,,,,,,,,,,,-1.8344322443008423,-2.035212516784668,-2.011274814605713,-1.9170681238174438,-1.7635509967803955,-1.979742169380188,-1.913780927658081,-1.9537642002105713,-2.0843300819396973,-2.049858570098877,-1.954301357269287,0.17945757508277893,0.20566517114639282,0.18707680702209473,0.18254122138023376,0.18378271162509918,0.19985046982765198,0.1836240440607071,0.21904495358467102,0.1877535879611969,0.16692408919334412,0.1735243946313858,-2.0717477798461914,-1.8344322443008423,-2.035212516784668,-2.011274814605713,-1.9170681238174438,-1.7635509967803955,-1.979742169380188,-1.913780927658081,-1.9537642002105713,-2.0843300819396973,-2.049858570098877,0.9137433767318726,0.0,0.0,0.0,0.0,0.0,0.0,0.0,0.0,0.0,0.0,0.3551422655582428,0.9479169845581055,1.1544581651687622,0.3090623617172241,0.02986210212111473,0.4000000059604645,0.6000000238418579,0.7250000238418579
136,5890,,,,,,,,,,,,,,,,,,,,,,,,,,,,,,,,,,,,,,,,,,-1.9256534576416016,-1.973031759262085,-1.9897360801696777,-1.9015699625015259,-1.7564765214920044,-1.9848694801330566,-2.011122941970825,-1.9309568405151367,-2.087688446044922,-2.0398759841918945,-1.960098147392273,0.18050245940685272,0.20373529195785522,0.1878988891839981,0.1831582933664322,0.18992289900779724,0.19925574958324432,0.18774424493312836,0.21811611950397491,0.18651428818702698,0.16982795298099518,0.17618699371814728,-2.0646355152130127,-1.9256534576416016,-1.973031759262085,-1.9897360801696777,-1.9015699625015259,-1.7564765214920044,-1.9848694801330566,-2.011122941970825,-1.9309568405151367,-2.087688446044922,-2.0398759841918945,0.9135020971298218,0.0,0.0,0.0,0.0,0.0,0.0,0.0,0.0,0.0,0.0,0.3536408543586731,0.9458853602409363,1.1508965492248535,0.3112374544143677,0.03027934394776821,0.4000000059604645,0.6000000238418579,0.7250000238418579
137,5933,,,,,,,,,,,,,,,,,,,,,,,,,,,,,,,,,,,,,,,,,,-1.825407862663269,-1.970400333404541,-2.0279290676116943,-1.9221280813217163,-1.7698613405227661,-1.884049415588379,-1.9874628782272339,-1.9935712814331055,-2.0863196849823,-2.0704832077026367,-1.953761339187622,0.17957483232021332,0.203792005777359,0.19181235134601593,0.18333172798156738,0.18852967023849487,0.20229633152484894,0.19315174221992493,0.21655961871147156,0.18314668536186218,0.16721881926059723,0.17520813643932343,-2.0774881839752197,-1.825407862663269,-1.970400333404541,-2.0279290676116943,-1.9221280813217163,-1.7698613405227661,-1.884049415588379,-1.9874628782272339,-1.9935712814331055,-2.0863196849823,-2.0704832077026367,0.9146118760108948,0.0,0.0,0.0,0.0,0.0,0.0,0.0,0.0,0.0,0.0,0.35267266631126404,0.9466281533241272,1.1447222232818604,0.30869099497795105,0.02963770553469658,0.4000000059604645,0.6000000238418579,0.7250000238418579
138,5976,,,,,,,,,,,,,,,,,,,,,,,,,,,,,,,,,,,,,,,,,,-1.8979039192199707,-1.9949396848678589,-2.0252339839935303,-1.8649516105651855,-1.8296781778335571,-1.9431138038635254,-2.0477194786071777,-1.954372763633728,-2.0733683109283447,-2.0593912601470947,-1.9690673351287842,0.17910754680633545,0.20199108123779297,0.1885894387960434,0.18217241764068604,0.18876270949840546,0.19634036719799042,0.18766196072101593,0.21775294840335846,0.18783573806285858,0.16785591840744019,0.1745079755783081,-2.081409454345703,-1.8979039192199707,-1.9949396848678589,-2.0252339839935303,-1.8649516105651855,-1.8296781778335571,-1.9431138038635254,-2.0477194786071777,-1.954372763633728,-2.0733683109283447,-2.0593912601470947,0.914462685585022,0.0,0.0,0.0,0.0,0.0,0.0,0.0,0.0,0.0,0.0,0.3564143478870392,0.9471889138221741,1.1579434871673584,0.30455178022384644,0.028681067749857903,0.4000000059604645,0.6000000238418579,0.7250000238418579
139,5999,-2.910661220550537,-2.602701187133789,-2.5890767574310303,-2.512157678604126,-2.1953630447387695,-2.3135523796081543,-2.1471729278564453,-3.1448898315429688,-2.784144163131714,-2.671685218811035,-2.5871403217315674,0.18341633677482605,0.1920073926448822,0.15553832054138184,0.23208467662334442,0.20702317357063293,0.2334444522857666,0.2373628318309784,0.07630021870136261,0.15781061351299286,0.15153267979621887,-2.910661220550537,-2.602701187133789,-2.5890767574310303,-2.512157678604126,-2.1953630447387695,-2.3135523796081543,-2.1471729278564453,-3.1448898315429688,-2.784144163131714,-2.671685218811035,0.0,0.0,0.0,0.0,0.0,0.0,0.0,0.0,0.0,0.0,,,,,,,,,,,,,,,,,,,,,,,,,,,,,,,,,,,,,,,,,,,,,,,,,,,,
139,6019,,,,,,,,,,,,,,,,,,,,,,,,,,,,,,,,,,,,,,,,,,-1.8595125675201416,-1.9569756984710693,-2.030240535736084,-1.7729078531265259,-1.8214268684387207,-1.9197951555252075,-1.9577288627624512,-1.8954488039016724,-2.072248697280884,-2.0749924182891846,-1.936127781867981,0.17899607121944427,0.20122651755809784,0.18784059584140778,0.18178494274616241,0.19944295287132263,0.20138081908226013,0.18759717047214508,0.21639209985733032,0.18734273314476013,0.16692136228084564,0.17364074289798737,-2.0739269256591797,-1.8595125675201416,-1.9569756984710693,-2.030240535736084,-1.7729078531265259,-1.8214268684387207,-1.9197951555252075,-1.9577288627624512,-1.8954488039016724,-2.072248697280884,-2.0749924182891846,0.9151397943496704,0.0,0.0,0.0,0.0,0.0,0.0,0.0,0.0,0.0,0.0,0.35536760091781616,0.9480657577514648,1.1529808044433594,0.3034515082836151,0.029412614181637764,0.4000000059604645,0.6000000238418579,0.7250000238418579
140,6062,,,,,,,,,,,,,,,,,,,,,,,,,,,,,,,,,,,,,,,,,,-1.8453948497772217,-2.026235818862915,-2.015157699584961,-1.8595579862594604,-1.8216955661773682,-1.9723583459854126,-1.9797707796096802,-1.801882028579712,-2.0312588214874268,-2.0818073749542236,-1.943511962890625,0.18120770156383514,0.20355957746505737,0.18541845679283142,0.183843195438385,0.19575636088848114,0.19464166462421417,0.18834689259529114,0.2168855369091034,0.1926671415567398,0.17086590826511383,0.17250390350818634,-2.0585978031158447,-1.8453948497772217,-2.026235818862915,-2.015157699584961,-1.8595579862594604,-1.8216955661773682,-1.9723583459854126,-1.9797707796096802,-1.801882028579712,-2.0312588214874268,-2.0818073749542236,0.9156585931777954,0.0,0.0,0.0,0.0,0.0,0.0,0.0,0.0,0.0,0.0,0.35844117403030396,0.9472297430038452,1.1449697017669678,0.3005313277244568,0.02912445180118084,0.4000000059604645,0.6000000238418579,0.7250000238418579
141,6105,,,,,,,,,,,,,,,,,,,,,,,,,,,,,,,,,,,,,,,,,,-1.854154348373413,-2.0269312858581543,-1.9874547719955444,-1.8776894807815552,-1.7172348499298096,-1.9438393115997314,-2.0318078994750977,-1.9135977029800415,-2.0768067836761475,-2.0670018196105957,-1.949651837348938,0.17781035602092743,0.20314836502075195,0.18960724771022797,0.17965351045131683,0.1839355230331421,0.20119789242744446,0.18406064808368683,0.216042160987854,0.1864200383424759,0.1679983288049698,0.17416390776634216,-2.0740747451782227,-1.854154348373413,-2.0269312858581543,-1.9874547719955444,-1.8776894807815552,-1.7172348499298096,-1.9438393115997314,-2.0318078994750977,-1.9135977029800415,-2.0768067836761475,-2.0670018196105957,0.9143645167350769,0.0,0.0,0.0,0.0,0.0,0.0,0.0,0.0,0.0,0.0,0.3560743033885956,0.9477648735046387,1.1714977025985718,0.30839911103248596,0.02862594462931156,0.4000000059604645,0.6000000238418579,0.7250000238418579
142,6148,,,,,,,,,,,,,,,,,,,,,,,,,,,,,,,,,,,,,,,,,,-1.8482468128204346,-2.018157720565796,-2.0504302978515625,-1.9136285781860352,-1.7596025466918945,-1.9727386236190796,-1.9972082376480103,-1.9828619956970215,-2.0509748458862305,-2.0616614818573,-1.9655510187149048,0.1774783432483673,0.20162910223007202,0.18725505471229553,0.18000034987926483,0.1859944760799408,0.194414883852005,0.18673251569271088,0.21274469792842865,0.18548938632011414,0.16862371563911438,0.17171300947666168,-2.0847482681274414,-1.8482468128204346,-2.018157720565796,-2.0504302978515625,-1.9136285781860352,-1.7596025466918945,-1.9727386236190796,-1.9972082376480103,-1.9828619956970215,-2.0509748458862305,-2.0616614818573,0.9149243235588074,0.0,0.0,0.0,0.0,0.0,0.0,0.0,0.0,0.0,0.0,0.356900691986084,0.9486284852027893,1.1574517488479614,0.3028810918331146,0.028135553002357483,0.4000000059604645,0.6000000238418579,0.7250000238418579
143,6191,,,,,,,,,,,,,,,,,,,,,,,,,,,,,,,,,,,,,,,,,,-1.8490365743637085,-2.0336148738861084,-2.046067237854004,-1.9220494031906128,-1.731845736503601,-1.926895022392273,-2.0093796253204346,-1.9570579528808594,-2.0196516513824463,-2.0701000690460205,-1.9565699100494385,0.17763370275497437,0.1978561133146286,0.1865607500076294,0.17959170043468475,0.18438509106636047,0.19673533737659454,0.18504472076892853,0.21585577726364136,0.1880219578742981,0.17037762701511383,0.17195676267147064,-2.090590476989746,-1.8490365743637085,-2.0336148738861084,-2.046067237854004,-1.9220494031906128,-1.731845736503601,-1.926895022392273,-2.0093796253204346,-1.9570579528808594,-2.0196516513824463,-2.0701000690460205,0.9153924584388733,0.0,0.0,0.0,0.0,0.0,0.0,0.0,0.0,0.0,0.0,0.3586048185825348,0.9483403563499451,1.1615476608276367,0.2978532016277313,0.028182119131088257,0.4000000059604645,0.6000000238418579,0.7250000238418579
144,6234,,,,,,,,,,,,,,,,,,,,,,,,,,,,,,,,,,,,,,,,,,-1.9021817445755005,-1.987864375114441,-2.059150218963623,-1.9578064680099487,-1.7904225587844849,-1.9883522987365723,-1.9462569952011108,-1.8887302875518799,-2.0705180168151855,-2.0483176708221436,-1.9639604091644287,0.17747266590595245,0.20374251902103424,0.18968737125396729,0.18521513044834137,0.18278466165065765,0.20201916992664337,0.18561793863773346,0.22433814406394958,0.1927853524684906,0.16797102987766266,0.17598183453083038,-2.093722105026245,-1.9021817445755005,-1.987864375114441,-2.059150218963623,-1.9578064680099487,-1.7904225587844849,-1.9883522987365723,-1.9462569952011108,-1.8887302875518799,-2.0705180168151855,-2.0483176708221436,0.9141465425491333,0.0,0.0,0.0,0.0,0.0,0.0,0.0,0.0,0.0,0.0,0.360962450504303,0.9479871392250061,1.1886013746261597,0.31273317337036133,0.028877822682261467,0.4000000059604645,0.6000000238418579,0.7250000238418579
145,6277,,,,,,,,,,,,,,,,,,,,,,,,,,,,,,,,,,,,,,,,,,-1.8373886346817017,-2.03393816947937,-2.0477547645568848,-1.8562299013137817,-1.822190761566162,-1.9445134401321411,-1.9479047060012817,-2.012484312057495,-2.068955659866333,-2.1036746501922607,-1.9675034284591675,0.17724815011024475,0.1984875500202179,0.1860581934452057,0.18114542961120605,0.18516430258750916,0.1921759992837906,0.1887962818145752,0.22043269872665405,0.18493181467056274,0.16231350600719452,0.17015676200389862,-2.089207410812378,-1.8373886346817017,-2.03393816947937,-2.0477547645568848,-1.8562299013137817,-1.822190761566162,-1.9445134401321411,-1.9479047060012817,-2.012484312057495,-2.068955659866333,-2.1036746501922607,0.9159824252128601,0.0,0.0,0.0,0.0,0.0,0.0,0.0,0.0,0.0,0.0,0.3592834174633026,0.9482190012931824,1.1654998064041138,0.29987138509750366,0.027863066643476486,0.4000000059604645,0.6000000238418579,0.7250000238418579
146,6320,,,,,,,,,,,,,,,,,,,,,,,,,,,,,,,,,,,,,,,,,,-1.9060922861099243,-2.023047924041748,-2.0433852672576904,-1.888484001159668,-1.7975786924362183,-1.9403564929962158,-2.0148816108703613,-1.8926098346710205,-2.0849978923797607,-2.1354482173919678,-1.9726879596710205,0.175805926322937,0.20037204027175903,0.18611681461334229,0.1791890263557434,0.18818020820617676,0.19399739801883698,0.18878021836280823,0.214361310005188,0.1832873821258545,0.16511723399162292,0.16989202797412872,-2.122506856918335,-1.9060922861099243,-2.023047924041748,-2.0433852672576904,-1.888484001159668,-1.7975786924362183,-1.9403564929962158,-2.0148816108703613,-1.8926098346710205,-2.0849978923797607,-2.1354482173919678,0.9157639145851135,0.0,0.0,0.0,0.0,0.0,0.0,0.0,0.0,0.0,0.0,0.3564108908176422,0.9484811425209045,1.1677658557891846,0.3025381565093994,0.02727062813937664,0.4000000059604645,0.6000000238418579,0.7250000238418579
147,6363,,,,,,,,,,,,,,,,,,,,,,,,,,,,,,,,,,,,,,,,,,-1.8246350288391113,-2.0569660663604736,-2.0480432510375977,-1.937676191329956,-1.8711247444152832,-2.009830951690674,-2.0416033267974854,-1.9421577453613281,-2.044799566268921,-2.104525089263916,-1.9881364107131958,0.17506657540798187,0.19990192353725433,0.18422268331050873,0.17798706889152527,0.18412931263446808,0.19306838512420654,0.1839931160211563,0.20568063855171204,0.18291406333446503,0.16693584620952606,0.17222166061401367,-2.1141200065612793,-1.8246350288391113,-2.0569660663604736,-2.0480432510375977,-1.937676191329956,-1.8711247444152832,-2.009830951690674,-2.0416033267974854,-1.9421577453613281,-2.044799566268921,-2.104525089263916,0.9155277013778687,0.0,0.0,0.0,0.0,0.0,0.0,0.0,0.0,0.0,0.0,0.36009207367897034,0.9480792880058289,1.175606369972229,0.3008238673210144,0.027560871094465256,0.4000000059604645,0.6000000238418579,0.7250000238418579
148,6406,,,,,,,,,,,,,,,,,,,,,,,,,,,,,,,,,,,,,,,,,,-1.8208701610565186,-2.0156097412109375,-1.9985467195510864,-1.8331608772277832,-1.8147778511047363,-1.870182752609253,-1.9961143732070923,-1.945013165473938,-2.0187392234802246,-2.0742204189300537,-1.9387233257293701,0.17563073337078094,0.19899477064609528,0.1836371272802353,0.1801866590976715,0.18386054039001465,0.19405622780323029,0.18858908116817474,0.2147231549024582,0.1815481185913086,0.16501465439796448,0.17285726964473724,-2.0937089920043945,-1.8208701610565186,-2.0156097412109375,-1.9985467195510864,-1.8331608772277832,-1.8147778511047363,-1.870182752609253,-1.9961143732070923,-1.945013165473938,-2.0187392234802246,-2.0742204189300537,0.9156402945518494,0.0,0.0,0.0,0.0,0.0,0.0,0.0,0.0,0.0,0.0,0.35634833574295044,0.9488028883934021,1.1869059801101685,0.30153319239616394,0.027805248275399208,0.4000000059604645,0.6000000238418579,0.7250000238418579
149,6449,,,,,,,,,,,,,,,,,,,,,,,,,,,,,,,,,,,,,,,,,,-1.8576524257659912,-2.0162017345428467,-2.030971050262451,-1.8728783130645752,-1.838027000427246,-1.8890020847320557,-2.075719118118286,-1.8669995069503784,-1.9644994735717773,-2.1156606674194336,-1.9527612924575806,0.17623494565486908,0.19742806255817413,0.18823963403701782,0.17873062193393707,0.18094928562641144,0.1994222104549408,0.18964514136314392,0.20737777650356293,0.18380188941955566,0.16797202825546265,0.1698378324508667,-2.1007933616638184,-1.8576524257659912,-2.0162017345428467,-2.030971050262451,-1.8728783130645752,-1.838027000427246,-1.8890020847320557,-2.075719118118286,-1.8669995069503784,-1.9644994735717773,-2.1156606674194336,0.9160670042037964,0.0,0.0,0.0,0.0,0.0,0.0,0.0,0.0,0.0,0.0,0.3560393154621124,0.9472954869270325,1.1836436986923218,0.29606083035469055,0.02778487652540207,0.4000000059604645,0.6000000238418579,0.7250000238418579
150,6492,,,,,,,,,,,,,,,,,,,,,,,,,,,,,,,,,,,,,,,,,,-1.7643718719482422,-2.0175044536590576,-2.0264413356781006,-1.8344817161560059,-1.8195499181747437,-1.9134485721588135,-1.9366728067398071,-1.7261207103729248,-2.0341672897338867,-2.1001944541931152,-1.9172953367233276,0.17524205148220062,0.19883625209331512,0.18469001352787018,0.1781073957681656,0.1851271092891693,0.19138818979263306,0.18722538650035858,0.21077239513397217,0.1859271079301834,0.16298580169677734,0.16891275346279144,-2.074876070022583,-1.7643718719482422,-2.0175044536590576,-2.0264413356781006,-1.8344817161560059,-1.8195499181747437,-1.9134485721588135,-1.9366728067398071,-1.7261207103729248,-2.0341672897338867,-2.1001944541931152,0.9165643453598022,0.0,0.0,0.0,0.0,0.0,0.0,0.0,0.0,0.0,0.0,0.354837566614151,0.9486332535743713,1.1818737983703613,0.29737457633018494,0.028428496792912483,0.4000000059604645,0.6000000238418579,0.7250000238418579
151,6535,,,,,,,,,,,,,,,,,,,,,,,,,,,,,,,,,,,,,,,,,,-1.8157296180725098,-2.0351030826568604,-1.9874176979064941,-1.7585197687149048,-1.846496343612671,-1.8521645069122314,-2.060551881790161,-1.8291347026824951,-2.0170888900756836,-2.0907657146453857,-1.9292974472045898,0.1741776019334793,0.19623422622680664,0.18391211330890656,0.17864520847797394,0.19693884253501892,0.19056081771850586,0.19156086444854736,0.20417827367782593,0.1832817643880844,0.1621932089328766,0.16812445223331451,-2.1035702228546143,-1.8157296180725098,-2.0351030826568604,-1.9874176979064941,-1.7585197687149048,-1.846496343612671,-1.8521645069122314,-2.060551881790161,-1.8291347026824951,-2.0170888900756836,-2.0907657146453857,0.9172679781913757,0.0,0.0,0.0,0.0,0.0,0.0,0.0,0.0,0.0,0.0,0.3541630506515503,0.9488068222999573,1.1693837642669678,0.29377999901771545,0.027501333504915237,0.4000000059604645,0.6000000238418579,0.7250000238418579
152,6578,,,,,,,,,,,,,,,,,,,,,,,,,,,,,,,,,,,,,,,,,,-1.8708066940307617,-2.038365602493286,-2.0372543334960938,-1.790332555770874,-1.809566617012024,-1.9008580446243286,-2.061577796936035,-1.8814656734466553,-2.0102663040161133,-2.1253061294555664,-1.9525800943374634,0.17381551861763,0.19664418697357178,0.18346978724002838,0.17746643722057343,0.19105827808380127,0.1930999606847763,0.1855672299861908,0.2055184543132782,0.18212394416332245,0.16098450124263763,0.1685941517353058,-2.1162683963775635,-1.8708066940307617,-2.038365602493286,-2.0372543334960938,-1.790332555770874,-1.809566617012024,-1.9008580446243286,-2.061577796936035,-1.8814656734466553,-2.0102663040161133,-2.1253061294555664,0.9171775579452515,0.0,0.0,0.0,0.0,0.0,0.0,0.0,0.0,0.0,0.0,0.35887518525123596,0.9490815997123718,1.177315592765808,0.2926221489906311,0.026610208675265312,0.4000000059604645,0.6000000238418579,0.7250000238418579
153,6621,,,,,,,,,,,,,,,,,,,,,,,,,,,,,,,,,,,,,,,,,,-1.8096009492874146,-1.9560760259628296,-2.062319755554199,-1.9726338386535645,-1.832901120185852,-1.8597718477249146,-2.0836551189422607,-1.8751181364059448,-2.019827365875244,-2.0929434299468994,-1.9564846754074097,0.17400075495243073,0.1961018592119217,0.19375871121883392,0.18154063820838928,0.18024936318397522,0.1912861168384552,0.18667343258857727,0.20112718641757965,0.19732566177845,0.16872304677963257,0.167610764503479,-2.1105709075927734,-1.8096009492874146,-1.9560760259628296,-2.062319755554199,-1.9726338386535645,-1.832901120185852,-1.8597718477249146,-2.0836551189422607,-1.8751181364059448,-2.019827365875244,-2.0929434299468994,0.9155088067054749,0.0,0.0,0.0,0.0,0.0,0.0,0.0,0.0,0.0,0.0,0.3503231704235077,0.9483480453491211,1.1896843910217285,0.30668026208877563,0.027541400864720345,0.4000000059604645,0.6000000238418579,0.7250000238418579
154,6664,,,,,,,,,,,,,,,,,,,,,,,,,,,,,,,,,,,,,,,,,,-1.8630335330963135,-2.044051170349121,-2.0556318759918213,-2.010692834854126,-1.8431577682495117,-1.9274466037750244,-2.050438165664673,-1.9499205350875854,-2.045870542526245,-2.0846736431121826,-1.9874916076660156,0.17464575171470642,0.19945591688156128,0.18375469744205475,0.17950661480426788,0.18060974776744843,0.20110248029232025,0.18357686698436737,0.2126592993736267,0.18283525109291077,0.16677169501781464,0.1683841347694397,-2.1265571117401123,-1.8630335330963135,-2.044051170349121,-2.0556318759918213,-2.010692834854126,-1.8431577682495117,-1.9274466037750244,-2.050438165664673,-1.9499205350875854,-2.045870542526245,-2.0846736431121826,0.9155341982841492,0.0,0.0,0.0,0.0,0.0,0.0,0.0,0.0,0.0,0.0,0.3592809736728668,0.9479759335517883,1.1878745555877686,0.30686885118484497,0.02747965231537819,0.4000000059604645,0.6000000238418579,0.7250000238418579
155,6707,,,,,,,,,,,,,,,,,,,,,,,,,,,,,,,,,,,,,,,,,,-1.8168058395385742,-2.010021924972534,-1.8901057243347168,-1.8964768648147583,-1.8538111448287964,-1.8693848848342896,-2.098726511001587,-1.793889045715332,-2.001012086868286,-2.1033098697662354,-1.933354377746582,0.17292554676532745,0.1967504769563675,0.18378806114196777,0.18245503306388855,0.1870158165693283,0.19241313636302948,0.188135027885437,0.20417527854442596,0.1809455156326294,0.16315293312072754,0.16664515435695648,-2.1171743869781494,-1.8168058395385742,-2.010021924972534,-1.8901057243347168,-1.8964768648147583,-1.8538111448287964,-1.8693848848342896,-2.098726511001587,-1.793889045715332,-2.001012086868286,-2.1033098697662354,0.917116641998291,0.0,0.0,0.0,0.0,0.0,0.0,0.0,0.0,0.0,0.0,0.353811651468277,0.9488789439201355,1.190801739692688,0.2985457479953766,0.027624594047665596,0.4000000059604645,0.6000000238418579,0.7250000238418579
156,6750,,,,,,,,,,,,,,,,,,,,,,,,,,,,,,,,,,,,,,,,,,-1.798996925354004,-1.9758154153823853,-1.826643705368042,-1.8526791334152222,-1.783951997756958,-1.8583714962005615,-1.9859825372695923,-1.7831817865371704,-1.9447652101516724,-2.0551443099975586,-1.886553168296814,0.17702756822109222,0.1977108269929886,0.18478558957576752,0.18425241112709045,0.19396530091762543,0.2024417221546173,0.18943454325199127,0.21884196996688843,0.18117673695087433,0.16094769537448883,0.16827981173992157,-2.0661098957061768,-1.798996925354004,-1.9758154153823853,-1.826643705368042,-1.8526791334152222,-1.783951997756958,-1.8583714962005615,-1.9859825372695923,-1.7831817865371704,-1.9447652101516724,-2.0551443099975586,0.91823410987854,0.0,0.0,0.0,0.0,0.0,0.0,0.0,0.0,0.0,0.0,0.35988426208496094,0.9501165151596069,1.1808866262435913,0.28587910532951355,0.026158388704061508,0.4000000059604645,0.6000000238418579,0.7250000238418579
157,6793,,,,,,,,,,,,,,,,,,,,,,,,,,,,,,,,,,,,,,,,,,-1.7976330518722534,-2.010938882827759,-1.993080973625183,-1.8591372966766357,-1.8771986961364746,-1.8660463094711304,-2.120706796646118,-1.8828074932098389,-1.9798710346221924,-2.0582375526428223,-1.944565773010254,0.17316484451293945,0.19399213790893555,0.18454915285110474,0.17998003959655762,0.1939902901649475,0.1951204389333725,0.1931632161140442,0.2006959170103073,0.18100550770759583,0.16186420619487762,0.1683320701122284,-2.115097999572754,-1.7976330518722534,-2.010938882827759,-1.993080973625183,-1.8591372966766357,-1.8771986961364746,-1.8660463094711304,-2.120706796646118,-1.8828074932098389,-1.9798710346221924,-2.0582375526428223,0.9177303314208984,0.0,0.0,0.0,0.0,0.0,0.0,0.0,0.0,0.0,0.0,0.3572370707988739,0.9492487907409668,1.1870239973068237,0.2936539351940155,0.025743816047906876,0.4000000059604645,0.6000000238418579,0.7250000238418579
158,6836,,,,,,,,,,,,,,,,,,,,,,,,,,,,,,,,,,,,,,,,,,-1.8310835361480713,-1.9982877969741821,-1.9906985759735107,-2.00307297706604,-1.8708009719848633,-1.8879053592681885,-1.9972203969955444,-1.835759162902832,-1.9385346174240112,-2.104511260986328,-1.9457874298095703,0.17287571728229523,0.19450296461582184,0.18585321307182312,0.18063098192214966,0.18127773702144623,0.1893792301416397,0.1857735812664032,0.2050427496433258,0.17977534234523773,0.1626248061656952,0.16910472512245178,-2.1067535877227783,-1.8310835361480713,-1.9982877969741821,-1.9906985759735107,-2.00307297706604,-1.8708009719848633,-1.8879053592681885,-1.9972203969955444,-1.835759162902832,-1.9385346174240112,-2.104511260986328,0.91728675365448,0.0,0.0,0.0,0.0,0.0,0.0,0.0,0.0,0.0,0.0,0.3556283116340637,0.9487994313240051,1.1847513914108276,0.2960505485534668,0.026661675423383713,0.4000000059604645,0.6000000238418579,0.7250000238418579
159,6879,,,,,,,,,,,,,,,,,,,,,,,,,,,,,,,,,,,,,,,,,,-1.8899954557418823,-2.023958444595337,-2.0059027671813965,-1.9246084690093994,-1.81071138381958,-1.9366117715835571,-2.0719730854034424,-1.9627758264541626,-2.019754648208618,-2.1365115642547607,-1.9782804250717163,0.17211301624774933,0.1936330944299698,0.18339379131793976,0.17831559479236603,0.18679973483085632,0.18724937736988068,0.18216566741466522,0.2036643773317337,0.1802699863910675,0.16168034076690674,0.16823206841945648,-2.122368812561035,-1.8899954557418823,-2.023958444595337,-2.0059027671813965,-1.9246084690093994,-1.81071138381958,-1.9366117715835571,-2.0719730854034424,-1.9627758264541626,-2.019754648208618,-2.1365115642547607,0.9181641936302185,0.0,0.0,0.0,0.0,0.0,0.0,0.0,0.0,0.0,0.0,0.3608552813529968,0.9494807720184326,1.1799336671829224,0.29230305552482605,0.026666147634387016,0.4000000059604645,0.6000000238418579,0.7250000238418579
160,6922,,,,,,,,,,,,,,,,,,,,,,,,,,,,,,,,,,,,,,,,,,-1.8807520866394043,-1.9846954345703125,-2.0302674770355225,-1.857357382774353,-1.8687045574188232,-1.8732355833053589,-2.047959566116333,-1.8762092590332031,-2.036864995956421,-2.1110689640045166,-1.9567115306854248,0.17140702903270721,0.19302493333816528,0.19040462374687195,0.1783115565776825,0.18098531663417816,0.18842609226703644,0.1928471475839615,0.2019752413034439,0.17850728332996368,0.16190692782402039,0.16881170868873596,-2.124558925628662,-1.8807520866394043,-1.9846954345703125,-2.0302674770355225,-1.857357382774353,-1.8687045574188232,-1.8732355833053589,-2.047959566116333,-1.8762092590332031,-2.036864995956421,-2.1110689640045166,0.9179345965385437,0.0,0.0,0.0,0.0,0.0,0.0,0.0,0.0,0.0,0.0,0.35655006766319275,0.9492260813713074,1.1809321641921997,0.2956410348415375,0.026266399770975113,0.4000000059604645,0.6000000238418579,0.7250000238418579
161,6965,,,,,,,,,,,,,,,,,,,,,,,,,,,,,,,,,,,,,,,,,,-1.7817537784576416,-2.0243771076202393,-1.9776225090026855,-1.9671201705932617,-1.826857566833496,-1.8624224662780762,-2.121391773223877,-1.852471113204956,-2.0300843715667725,-2.1292080879211426,-1.9573308229446411,0.17254675924777985,0.19487391412258148,0.18408775329589844,0.17940816283226013,0.17984996736049652,0.18975479900836945,0.1916598528623581,0.19880731403827667,0.18099279701709747,0.1629197746515274,0.16555501520633698,-2.123307228088379,-1.7817537784576416,-2.0243771076202393,-1.9776225090026855,-1.9671201705932617,-1.826857566833496,-1.8624224662780762,-2.121391773223877,-1.852471113204956,-2.0300843715667725,-2.1292080879211426,0.9180938601493835,0.0,0.0,0.0,0.0,0.0,0.0,0.0,0.0,0.0,0.0,0.3595723807811737,0.9490070939064026,1.1799906492233276,0.2894330322742462,0.026405587792396545,0.4000000059604645,0.6000000238418579,0.7250000238418579
162,6999,-2.450857639312744,-2.304847240447998,-2.3826632499694824,-2.331707000732422,-2.078430652618408,-1.9230687618255615,-2.173645496368408,-2.3148701190948486,-2.5191307067871094,-2.585017681121826,-2.3064239025115967,0.07448500394821167,0.14673177897930145,0.10551559925079346,0.11918502300977707,0.15279212594032288,0.11972348392009735,0.19497880339622498,0.12618494033813477,0.13439542055130005,0.05876081436872482,-2.450857639312744,-2.304847240447998,-2.3826632499694824,-2.331707000732422,-2.078430652618408,-1.9230687618255615,-2.173645496368408,-2.3148701190948486,-2.5191307067871094,-2.585017681121826,0.0,0.0,0.0,0.0,0.0,0.0,0.0,0.0,0.0,0.0,,,,,,,,,,,,,,,,,,,,,,,,,,,,,,,,,,,,,,,,,,,,,,,,,,,,
162,7008,,,,,,,,,,,,,,,,,,,,,,,,,,,,,,,,,,,,,,,,,,-1.865242600440979,-1.9921873807907104,-1.8999011516571045,-1.9119268655776978,-1.859960913658142,-1.8563646078109741,-2.1226489543914795,-1.9066017866134644,-1.9943987131118774,-2.0588767528533936,-1.9468108415603638,0.17163048684597015,0.19288598001003265,0.18222618103027344,0.17794418334960938,0.1820506900548935,0.18794310092926025,0.1920529156923294,0.19978241622447968,0.17799510061740875,0.16215859353542328,0.16670337319374084,-2.1076996326446533,-1.865242600440979,-1.9921873807907104,-1.8999011516571045,-1.9119268655776978,-1.859960913658142,-1.8563646078109741,-2.1226489543914795,-1.9066017866134644,-1.9943987131118774,-2.0588767528533936,0.9181315302848816,0.0,0.0,0.0,0.0,0.0,0.0,0.0,0.0,0.0,0.0,0.35573306679725647,0.9484436511993408,1.1932047605514526,0.29207953810691833,0.026148132979869843,0.4000000059604645,0.6000000238418579,0.7250000238418579
163,7051,,,,,,,,,,,,,,,,,,,,,,,,,,,,,,,,,,,,,,,,,,-1.894490122795105,-2.0049281120300293,-1.9966248273849487,-1.8500372171401978,-1.8736553192138672,-1.765916347503662,-2.0943684577941895,-1.8446764945983887,-1.9764981269836426,-2.0678532123565674,-1.936904788017273,0.17095762491226196,0.19255822896957397,0.1831265687942505,0.17762939631938934,0.1825767159461975,0.19161924719810486,0.19887477159500122,0.19949552416801453,0.18343862891197205,0.16422387957572937,0.16691018640995026,-2.1222777366638184,-1.894490122795105,-2.0049281120300293,-1.9966248273849487,-1.8500372171401978,-1.8736553192138672,-1.765916347503662,-2.0943684577941895,-1.8446764945983887,-1.9764981269836426,-2.0678532123565674,0.9179707169532776,0.0,0.0,0.0,0.0,0.0,0.0,0.0,0.0,0.0,0.0,0.3553195297718048,0.9485239386558533,1.214499831199646,0.2977105975151062,0.02663819119334221,0.4000000059604645,0.6000000238418579,0.7250000238418579
164,7094,,,,,,,,,,,,,,,,,,,,,,,,,,,,,,,,,,,,,,,,,,-1.9187945127487183,-2.0249392986297607,-2.027191638946533,-1.9336614608764648,-1.8706591129302979,-1.9548717737197876,-2.1247365474700928,-1.8957858085632324,-1.988497257232666,-2.086785316467285,-1.982592225074768,0.1712031364440918,0.19314980506896973,0.18295493721961975,0.17678071558475494,0.18752296268939972,0.19336456060409546,0.1816592514514923,0.20091819763183594,0.18581941723823547,0.1631268858909607,0.1691708117723465,-2.163302183151245,-1.9187945127487183,-2.0249392986297607,-2.027191638946533,-1.9336614608764648,-1.8706591129302979,-1.9548717737197876,-2.1247365474700928,-1.8957858085632324,-1.988497257232666,-2.086785316467285,0.9174009561538696,0.0,0.0,0.0,0.0,0.0,0.0,0.0,0.0,0.0,0.0,0.3609827160835266,0.947361946105957,1.2033782005310059,0.29453274607658386,0.026888741180300713,0.4000000059604645,0.6000000238418579,0.7250000238418579
165,7137,,,,,,,,,,,,,,,,,,,,,,,,,,,,,,,,,,,,,,,,,,-1.8578367233276367,-2.004842758178711,-1.9616385698318481,-1.8804008960723877,-1.8744237422943115,-1.915420651435852,-2.054072618484497,-1.8246585130691528,-2.0058531761169434,-2.072214365005493,-1.9451364278793335,0.17079222202301025,0.19153624773025513,0.18099594116210938,0.1777980774641037,0.17765450477600098,0.18775047361850739,0.18076136708259583,0.19822867214679718,0.17811308801174164,0.15916559100151062,0.16762354969978333,-2.1209490299224854,-1.8578367233276367,-2.004842758178711,-1.9616385698318481,-1.8804008960723877,-1.8744237422943115,-1.915420651435852,-2.054072618484497,-1.8246585130691528,-2.0058531761169434,-2.072214365005493,0.9180657863616943,0.0,0.0,0.0,0.0,0.0,0.0,0.0,0.0,0.0,0.0,0.35774552822113037,0.9491870403289795,1.2063716650009155,0.2897731065750122,0.02554742433130741,0.4000000059604645,0.6000000238418579,0.7250000238418579
166,7180,,,,,,,,,,,,,,,,,,,,,,,,,,,,,,,,,,,,,,,,,,-1.842042088508606,-1.9987099170684814,-1.9798314571380615,-1.819890022277832,-1.8044745922088623,-1.7879722118377686,-2.0906736850738525,-1.750948190689087,-2.026172637939453,-2.061387062072754,-1.9162100553512573,0.17263174057006836,0.19219863414764404,0.1807572841644287,0.18076883256435394,0.1823231428861618,0.1926138550043106,0.19122549891471863,0.20522445440292358,0.17895542085170746,0.15998251736164093,0.16729064285755157,-2.125520944595337,-1.842042088508606,-1.9987099170684814,-1.9798314571380615,-1.819890022277832,-1.8044745922088623,-1.7879722118377686,-2.0906736850738525,-1.750948190689087,-2.026172637939453,-2.061387062072754,0.9189958572387695,0.0,0.0,0.0,0.0,0.0,0.0,0.0,0.0,0.0,0.0,0.3601545989513397,0.949429452419281,1.1877899169921875,0.2817050814628601,0.024911915883421898,0.4000000059604645,0.6000000238418579,0.7250000238418579
167,7223,,,,,,,,,,,,,,,,,,,,,,,,,,,,,,,,,,,,,,,,,,-1.8067069053649902,-2.0299477577209473,-1.9138171672821045,-1.9407390356063843,-1.8535606861114502,-1.8098450899124146,-2.144008159637451,-1.947096347808838,-1.999527096748352,-2.092783212661743,-1.9538030624389648,0.17217053472995758,0.19170258939266205,0.18204514682292938,0.18121802806854248,0.18431153893470764,0.19714337587356567,0.19535022974014282,0.1996488720178604,0.177307590842247,0.16236728429794312,0.16776145994663239,-2.1493563652038574,-1.8067069053649902,-2.0299477577209473,-1.9138171672821045,-1.9407390356063843,-1.8535606861114502,-1.8098450899124146,-2.144008159637451,-1.947096347808838,-1.999527096748352,-2.092783212661743,0.9187787771224976,0.0,0.0,0.0,0.0,0.0,0.0,0.0,0.0,0.0,0.0,0.3619195222854614,0.9483572840690613,1.1838492155075073,0.2871435582637787,0.02519621141254902,0.4000000059604645,0.6000000238418579,0.7250000238418579
168,7266,,,,,,,,,,,,,,,,,,,,,,,,,,,,,,,,,,,,,,,,,,-1.8808249235153198,-1.981762170791626,-1.9339268207550049,-1.9514317512512207,-1.867707371711731,-1.8717803955078125,-2.1020538806915283,-1.8510072231292725,-2.003520965576172,-2.0812489986419678,-1.9525264501571655,0.17048709094524384,0.1920040398836136,0.18094070255756378,0.1820245385169983,0.17555364966392517,0.18636471033096313,0.18989035487174988,0.19881264865398407,0.17452096939086914,0.16195084154605865,0.16864977777004242,-2.138302803039551,-1.8808249235153198,-1.981762170791626,-1.9339268207550049,-1.9514317512512207,-1.867707371711731,-1.8717803955078125,-2.1020538806915283,-1.8510072231292725,-2.003520965576172,-2.0812489986419678,0.9183278679847717,0.0,0.0,0.0,0.0,0.0,0.0,0.0,0.0,0.0,0.0,0.3598261773586273,0.9497228860855103,1.2080646753311157,0.2876989543437958,0.02470650151371956,0.4000000059604645,0.6000000238418579,0.7250000238418579
169,7309,,,,,,,,,,,,,,,,,,,,,,,,,,,,,,,,,,,,,,,,,,-1.8572871685028076,-2.010396718978882,-1.902293086051941,-1.9121674299240112,-1.8150923252105713,-1.8688346147537231,-2.08601713180542,-1.8378838300704956,-2.0056416988372803,-2.1160404682159424,-1.9411654472351074,0.16972827911376953,0.18953350186347961,0.1813027262687683,0.17920123040676117,0.17879343032836914,0.18927432596683502,0.1909501999616623,0.1956135481595993,0.18318796157836914,0.15818719565868378,0.1663133054971695,-2.1257872581481934,-1.8572871685028076,-2.010396718978882,-1.902293086051941,-1.9121674299240112,-1.8150923252105713,-1.8688346147537231,-2.08601713180542,-1.8378838300704956,-2.0056416988372803,-2.1160404682159424,0.918754518032074,0.0,0.0,0.0,0.0,0.0,0.0,0.0,0.0,0.0,0.0,0.3564629852771759,0.950211226940155,1.2114890813827515,0.2886636257171631,0.02484123408794403,0.4000000059604645,0.6000000238418579,0.7250000238418579
170,7352,,,,,,,,,,,,,,,,,,,,,,,,,,,,,,,,,,,,,,,,,,-1.7656171321868896,-2.030256748199463,-1.8484963178634644,-1.9234614372253418,-1.8954459428787231,-1.8503036499023438,-2.1642346382141113,-1.8571114540100098,-1.9935957193374634,-2.128274440765381,-1.9456799030303955,0.16975891590118408,0.19170288741588593,0.18233506381511688,0.18171320855617523,0.18416720628738403,0.18726392090320587,0.18480299413204193,0.19552482664585114,0.17435236275196075,0.15973718464374542,0.16732178628444672,-2.1458301544189453,-1.7656171321868896,-2.030256748199463,-1.8484963178634644,-1.9234614372253418,-1.8954459428787231,-1.8503036499023438,-2.1642346382141113,-1.8571114540100098,-1.9935957193374634,-2.128274440765381,0.9189031720161438,0.0,0.0,0.0,0.0,0.0,0.0,0.0,0.0,0.0,0.0,0.35675764083862305,0.9487729072570801,1.2177009582519531,0.28935572504997253,0.02518201433122158,0.4000000059604645,0.6000000238418579,0.7250000238418579
171,7395,,,,,,,,,,,,,,,,,,,,,,,,,,,,,,,,,,,,,,,,,,-1.8522127866744995,-1.991275429725647,-1.9667168855667114,-1.9231659173965454,-1.8867217302322388,-1.9045593738555908,-2.116133451461792,-1.9135562181472778,-2.0031769275665283,-2.1177704334259033,-1.9675288200378418,0.17096379399299622,0.18955637514591217,0.181008443236351,0.17924214899539948,0.18367023766040802,0.1961430013179779,0.1945239007472992,0.19827613234519958,0.18183845281600952,0.16624563932418823,0.1688946932554245,-2.159168004989624,-1.8522127866744995,-1.991275429725647,-1.9667168855667114,-1.9231659173965454,-1.8867217302322388,-1.9045593738555908,-2.116133451461792,-1.9135562181472778,-2.0031769275665283,-2.1177704334259033,0.9180622696876526,0.0,0.0,0.0,0.0,0.0,0.0,0.0,0.0,0.0,0.0,0.3661530911922455,0.9494901895523071,1.1951907873153687,0.2936190068721771,0.025243479758501053,0.4000000059604645,0.6000000238418579,0.7250000238418579
172,7438,,,,,,,,,,,,,,,,,,,,,,,,,,,,,,,,,,,,,,,,,,-1.7782365083694458,-1.9955064058303833,-1.883881688117981,-1.9702194929122925,-1.887177586555481,-1.8647924661636353,-2.0083963871002197,-1.9460211992263794,-1.9787601232528687,-2.065173387527466,-1.9378165006637573,0.17135991156101227,0.19029514491558075,0.18345648050308228,0.17743085324764252,0.18010903894901276,0.18775178492069244,0.18660154938697815,0.20954814553260803,0.1748127043247223,0.16242627799510956,0.16759780049324036,-2.124269962310791,-1.7782365083694458,-1.9955064058303833,-1.883881688117981,-1.9702194929122925,-1.887177586555481,-1.8647924661636353,-2.0083963871002197,-1.9460211992263794,-1.9787601232528687,-2.065173387527466,0.9194665551185608,0.0,0.0,0.0,0.0,0.0,0.0,0.0,0.0,0.0,0.0,0.3645007908344269,0.9496521949768066,1.210913062095642,0.28497180342674255,0.025126328691840172,0.4000000059604645,0.6000000238418579,0.7250000238418579
173,7481,,,,,,,,,,,,,,,,,,,,,,,,,,,,,,,,,,,,,,,,,,-1.8537306785583496,-1.9927207231521606,-1.9540051221847534,-1.9805065393447876,-1.905620813369751,-1.9120298624038696,-2.103048801422119,-1.7638648748397827,-1.9146983623504639,-2.080537796020508,-1.9460761547088623,0.17042726278305054,0.1891326904296875,0.18137991428375244,0.17844155430793762,0.18339383602142334,0.18325309455394745,0.1841738522052765,0.19775336980819702,0.17995309829711914,0.15853045880794525,0.166876420378685,-2.129890203475952,-1.8537306785583496,-1.9927207231521606,-1.9540051221847534,-1.9805065393447876,-1.905620813369751,-1.9120298624038696,-2.103048801422119,-1.7638648748397827,-1.9146983623504639,-2.080537796020508,0.919639527797699,0.0,0.0,0.0,0.0,0.0,0.0,0.0,0.0,0.0,0.0,0.3623575270175934,0.9500593543052673,1.192992925643921,0.28019478917121887,0.024591639637947083,0.4000000059604645,0.6000000238418579,0.7250000238418579
174,7524,,,,,,,,,,,,,,,,,,,,,,,,,,,,,,,,,,,,,,,,,,-1.8670070171356201,-2.0218682289123535,-1.992252230644226,-1.953033208847046,-1.916310429573059,-1.8757928609848022,-2.105692148208618,-1.7964587211608887,-1.961600422859192,-2.1116952896118164,-1.9601712226867676,0.1693609207868576,0.1893080472946167,0.18128319084644318,0.1775284856557846,0.17802445590496063,0.18451161682605743,0.18524377048015594,0.19583074748516083,0.17839552462100983,0.1613328754901886,0.1687011569738388,-2.1442880630493164,-1.8670070171356201,-2.0218682289123535,-1.992252230644226,-1.953033208847046,-1.916310429573059,-1.8757928609848022,-2.105692148208618,-1.7964587211608887,-1.961600422859192,-2.1116952896118164,0.9187289476394653,0.0,0.0,0.0,0.0,0.0,0.0,0.0,0.0,0.0,0.0,0.35825613141059875,0.9484595656394958,1.2239282131195068,0.28805944323539734,0.025538090616464615,0.4000000059604645,0.6000000238418579,0.7250000238418579
175,7567,,,,,,,,,,,,,,,,,,,,,,,,,,,,,,,,,,,,,,,,,,-1.8377033472061157,-2.048905611038208,-1.9698745012283325,-2.058109998703003,-1.9498704671859741,-1.958357572555542,-2.0943853855133057,-1.7085940837860107,-1.9569936990737915,-2.1160225868225098,-1.9698816537857056,0.17009709775447845,0.19283095002174377,0.18020325899124146,0.18058523535728455,0.1747932732105255,0.1894529014825821,0.18127042055130005,0.20343340933322906,0.18428723514080048,0.16225862503051758,0.16687969863414764,-2.1635537147521973,-1.8377033472061157,-2.048905611038208,-1.9698745012283325,-2.058109998703003,-1.9498704671859741,-1.958357572555542,-2.0943853855133057,-1.7085940837860107,-1.9569936990737915,-2.1160225868225098,0.9174533486366272,0.0,0.0,0.0,0.0,0.0,0.0,0.0,0.0,0.0,0.0,0.3583846688270569,0.9483846426010132,1.2437098026275635,0.2978384792804718,0.025065764784812927,0.4000000059604645,0.6000000238418579,0.7250000238418579
176,7610,,,,,,,,,,,,,,,,,,,,,,,,,,,,,,,,,,,,,,,,,,-1.8176472187042236,-1.9956815242767334,-1.965694546699524,-1.9556221961975098,-1.9090319871902466,-1.9322311878204346,-2.122096061706543,-1.8557798862457275,-1.9709432125091553,-2.1138315200805664,-1.9638559818267822,0.16713902354240417,0.1879090964794159,0.1825764924287796,0.17593397200107574,0.17645035684108734,0.19313959777355194,0.17976169288158417,0.19394537806510925,0.175758957862854,0.15892599523067474,0.1658301204442978,-2.1466407775878906,-1.8176472187042236,-1.9956815242767334,-1.965694546699524,-1.9556221961975098,-1.9090319871902466,-1.9322311878204346,-2.122096061706543,-1.8557798862457275,-1.9709432125091553,-2.1138315200805664,0.9195793271064758,0.0,0.0,0.0,0.0,0.0,0.0,0.0,0.0,0.0,0.0,0.3579518795013428,0.9499467015266418,1.23175847530365,0.28948041796684265,0.024748682975769043,0.4000000059604645,0.6000000238418579,0.7250000238418579
177,7653,,,,,,,,,,,,,,,,,,,,,,,,,,,,,,,,,,,,,,,,,,-1.7853831052780151,-1.9739998579025269,-1.8114792108535767,-1.9409781694412231,-1.8969017267227173,-1.8125810623168945,-2.091562032699585,-1.784501314163208,-1.862272024154663,-2.054258108139038,-1.901391625404358,0.16995854675769806,0.18962836265563965,0.1803884506225586,0.1819228082895279,0.175153449177742,0.18695037066936493,0.1892906278371811,0.1951705664396286,0.17288905382156372,0.1635853350162506,0.16716061532497406,-2.126279592514038,-1.7853831052780151,-1.9739998579025269,-1.8114792108535767,-1.9409781694412231,-1.8969017267227173,-1.8125810623168945,-2.091562032699585,-1.784501314163208,-1.862272024154663,-2.054258108139038,0.9202841520309448,0.0,0.0,0.0,0.0,0.0,0.0,0.0,0.0,0.0,0.0,0.3607005774974823,0.950817883014679,1.2031246423721313,0.2797488570213318,0.025325985625386238,0.4000000059604645,0.6000000238418579,0.7250000238418579
178,7696,,,,,,,,,,,,,,,,,,,,,,,,,,,,,,,,,,,,,,,,,,-1.841257929801941,-2.051710844039917,-1.9344425201416016,-1.9774800539016724,-1.9008764028549194,-1.8587933778762817,-2.0945253372192383,-1.7857812643051147,-1.9777169227600098,-2.146430253982544,-1.9569013118743896,0.1699458360671997,0.19063760340213776,0.1810160130262375,0.17650634050369263,0.17554999887943268,0.1878940761089325,0.19759424030780792,0.19290608167648315,0.17596101760864258,0.1617240458726883,0.16474156081676483,-2.1439883708953857,-1.841257929801941,-2.051710844039917,-1.9344425201416016,-1.9774800539016724,-1.9008764028549194,-1.8587933778762817,-2.0945253372192383,-1.7857812643051147,-1.9777169227600098,-2.146430253982544,0.919736385345459,0.0,0.0,0.0,0.0,0.0,0.0,0.0,0.0,0.0,0.0,0.3640304505825043,0.9494258165359497,1.194358229637146,0.28111356496810913,0.02451760321855545,0.4000000059604645,0.6000000238418579,0.7250000238418579
179,7739,,,,,,,,,,,,,,,,,,,,,,,,,,,,,,,,,,,,,,,,,,-1.8988113403320312,-1.9634947776794434,-1.9772869348526,-1.9374802112579346,-1.8774971961975098,-1.9531545639038086,-2.100144386291504,-1.881584882736206,-1.9375492334365845,-2.145099639892578,-1.967210292816162,0.16821633279323578,0.1878180056810379,0.18693411350250244,0.17520396411418915,0.1760215163230896,0.18430007994174957,0.1801355481147766,0.19622822105884552,0.1838303953409195,0.16177824139595032,0.16352273523807526,-2.1524250507354736,-1.8988113403320312,-1.9634947776794434,-1.9772869348526,-1.9374802112579346,-1.8774971961975098,-1.9531545639038086,-2.100144386291504,-1.881584882736206,-1.9375492334365845,-2.145099639892578,0.9184738993644714,0.0,0.0,0.0,0.0,0.0,0.0,0.0,0.0,0.0,0.0,0.3620328903198242,0.9501397609710693,1.2226141691207886,0.29065951704978943,0.024847231805324554,0.4000000059604645,0.6000000238418579,0.7250000238418579
180,7782,,,,,,,,,,,,,,,,,,,,,,,,,,,,,,,,,,,,,,,,,,-1.7722985744476318,-2.036190986633301,-1.876563549041748,-1.9120070934295654,-1.9074807167053223,-1.8705251216888428,-2.1174123287200928,-1.5445178747177124,-1.963870882987976,-2.0938427448272705,-1.9094709157943726,0.16837719082832336,0.18875369429588318,0.18095558881759644,0.17788469791412354,0.18350230157375336,0.18361090123653412,0.17953698337078094,0.19247598946094513,0.18029111623764038,0.16286782920360565,0.16589561104774475,-2.1491708755493164,-1.7722985744476318,-2.036190986633301,-1.876563549041748,-1.9120070934295654,-1.9074807167053223,-1.8705251216888428,-2.1174123287200928,-1.5445178747177124,-1.963870882987976,-2.0938427448272705,0.9194053411483765,0.0,0.0,0.0,0.0,0.0,0.0,0.0,0.0,0.0,0.0,0.35896456241607666,0.9496291875839233,1.2147730588912964,0.28041622042655945,0.02387465536594391,0.4000000059604645,0.6000000238418579,0.7250000238418579
181,7825,,,,,,,,,,,,,,,,,,,,,,,,,,,,,,,,,,,,,,,,,,-1.8996241092681885,-2.0055501461029053,-1.9768558740615845,-1.923417568206787,-1.9151747226715088,-1.889522671699524,-2.1274988651275635,-1.7277817726135254,-1.918717384338379,-2.0678889751434326,-1.9452033042907715,0.16761788725852966,0.18787769973278046,0.18149781227111816,0.1758234053850174,0.1769605278968811,0.18269748985767365,0.17991529405117035,0.191771999001503,0.17865575850009918,0.16078951954841614,0.1715596616268158,-2.15570330619812,-1.8996241092681885,-2.0055501461029053,-1.9768558740615845,-1.923417568206787,-1.9151747226715088,-1.889522671699524,-2.1274988651275635,-1.7277817726135254,-1.918717384338379,-2.0678889751434326,0.918982207775116,0.0,0.0,0.0,0.0,0.0,0.0,0.0,0.0,0.0,0.0,0.3599829375743866,0.9499448537826538,1.2346515655517578,0.2869197726249695,0.02459890954196453,0.4000000059604645,0.6000000238418579,0.7250000238418579
182,7868,,,,,,,,,,,,,,,,,,,,,,,,,,,,,,,,,,,,,,,,,,-1.8927885293960571,-1.9755185842514038,-1.9082326889038086,-1.8632190227508545,-1.8999121189117432,-1.8962661027908325,-2.0696144104003906,-1.7535374164581299,-1.8812257051467896,-2.030796766281128,-1.9171112775802612,0.16758443415164948,0.18715330958366394,0.17930977046489716,0.17663326859474182,0.18445806205272675,0.18849456310272217,0.18153563141822815,0.1909843534231186,0.1780053675174713,0.1575857400894165,0.16711856424808502,-2.1297993659973145,-1.8927885293960571,-1.9755185842514038,-1.9082326889038086,-1.8632190227508545,-1.8999121189117432,-1.8962661027908325,-2.0696144104003906,-1.7535374164581299,-1.8812257051467896,-2.030796766281128,0.9201492071151733,0.0,0.0,0.0,0.0,0.0,0.0,0.0,0.0,0.0,0.0,0.35599449276924133,0.9502865672111511,1.2248682975769043,0.28308555483818054,0.024544330313801765,0.4000000059604645,0.6000000238418579,0.7250000238418579
183,7911,,,,,,,,,,,,,,,,,,,,,,,,,,,,,,,,,,,,,,,,,,-1.8391679525375366,-2.0340757369995117,-1.892188549041748,-1.93716299533844,-1.9613958597183228,-1.8522430658340454,-2.1111068725585938,-1.7278746366500854,-1.9543200731277466,-2.10469388961792,-1.9414230585098267,0.16983509063720703,0.18801802396774292,0.18543219566345215,0.17938964068889618,0.1838717758655548,0.1838592141866684,0.1927766501903534,0.19002869725227356,0.17980170249938965,0.15920524299144745,0.16417193412780762,-2.137568473815918,-1.8391679525375366,-2.0340757369995117,-1.892188549041748,-1.93716299533844,-1.9613958597183228,-1.8522430658340454,-2.1111068725585938,-1.7278746366500854,-1.9543200731277466,-2.10469388961792,0.9201907515525818,0.0,0.0,0.0,0.0,0.0,0.0,0.0,0.0,0.0,0.0,0.3632051348686218,0.9490522146224976,1.2064692974090576,0.2821357250213623,0.02573455311357975,0.4000000059604645,0.6000000238418579,0.7250000238418579
184,7954,,,,,,,,,,,,,,,,,,,,,,,,,,,,,,,,,,,,,,,,,,-1.9032320976257324,-2.022566318511963,-1.9523367881774902,-2.0142126083374023,-1.8950111865997314,-1.9235178232192993,-2.115661382675171,-1.77275812625885,-1.9338098764419556,-2.0813167095184326,-1.9614425897598267,0.1681452840566635,0.19089576601982117,0.18030671775341034,0.17571797966957092,0.17631609737873077,0.18648545444011688,0.18053193390369415,0.19216877222061157,0.17228704690933228,0.1615876853466034,0.16799017786979675,-2.158667802810669,-1.9032320976257324,-2.022566318511963,-1.9523367881774902,-2.0142126083374023,-1.8950111865997314,-1.9235178232192993,-2.115661382675171,-1.77275812625885,-1.9338098764419556,-2.0813167095184326,0.919714093208313,0.0,0.0,0.0,0.0,0.0,0.0,0.0,0.0,0.0,0.0,0.36339467763900757,0.9502180814743042,1.2138530015945435,0.2852778434753418,0.024994324892759323,0.4000000059604645,0.550000011920929,0.7250000238418579
185,7997,,,,,,,,,,,,,,,,,,,,,,,,,,,,,,,,,,,,,,,,,,-1.6993515491485596,-1.9716527462005615,-1.8201768398284912,-1.8975112438201904,-1.919385313987732,-1.884197473526001,-2.042304515838623,-1.6787480115890503,-1.8596082925796509,-2.1080667972564697,-1.8881001472473145,0.16830578446388245,0.19104284048080444,0.17880681157112122,0.17849747836589813,0.1778804510831833,0.1796184778213501,0.18209172785282135,0.19824114441871643,0.1754724681377411,0.15965013206005096,0.16503797471523285,-2.1225264072418213,-1.6993515491485596,-1.9716527462005615,-1.8201768398284912,-1.8975112438201904,-1.919385313987732,-1.884197473526001,-2.042304515838623,-1.6787480115890503,-1.8596082925796509,-2.1080667972564697,0.9199529886245728,0.0,0.0,0.0,0.0,0.0,0.0,0.0,0.0,0.0,0.0,0.3574882447719574,0.9500839710235596,1.2322450876235962,0.28045225143432617,0.024652158841490746,0.4000000059604645,0.6000000238418579,0.7250000238418579
186,7999,-2.110767364501953,-1.921433687210083,-2.501160144805908,-2.334702968597412,-2.085585594177246,-2.438568115234375,-2.387244701385498,-2.5225863456726074,-2.669358730316162,-2.750779628753662,-2.372218608856201,0.219906285405159,0.28962478041648865,0.15437382459640503,0.18900415301322937,0.263982892036438,0.1580406129360199,0.19152843952178955,0.15571022033691406,0.15065684914588928,0.1637425422668457,-2.110767364501953,-1.921433687210083,-2.501160144805908,-2.334702968597412,-2.085585594177246,-2.438568115234375,-2.387244701385498,-2.5225863456726074,-2.669358730316162,-2.750779628753662,0.0,0.0,0.0,0.0,0.0,0.0,0.0,0.0,0.0,0.0,,,,,,,,,,,,,,,,,,,,,,,,,,,,,,,,,,,,,,,,,,,,,,,,,,,,
186,8040,,,,,,,,,,,,,,,,,,,,,,,,,,,,,,,,,,,,,,,,,,-1.7793164253234863,-1.9972288608551025,-1.9258368015289307,-1.9573577642440796,-1.9025237560272217,-1.9270387887954712,-2.111677408218384,-1.7676939964294434,-1.8413680791854858,-2.150630235671997,-1.9360672235488892,0.1667329967021942,0.18823052942752838,0.1795695722103119,0.1778162568807602,0.17650002241134644,0.18198175728321075,0.18273773789405823,0.18663588166236877,0.17636503279209137,0.16004487872123718,0.16357527673244476,-2.1552395820617676,-1.7793164253234863,-1.9972288608551025,-1.9258368015289307,-1.9573577642440796,-1.9025237560272217,-1.9270387887954712,-2.111677408218384,-1.7676939964294434,-1.8413680791854858,-2.150630235671997,0.9198821187019348,0.0,0.0,0.0,0.0,0.0,0.0,0.0,0.0,0.0,0.0,0.3614037334918976,0.9502925872802734,1.2197949886322021,0.28120410442352295,0.024624338373541832,0.4000000059604645,0.6000000238418579,0.7250000238418579
187,8083,,,,,,,,,,,,,,,,,,,,,,,,,,,,,,,,,,,,,,,,,,-1.8220816850662231,-1.9799927473068237,-1.8369702100753784,-1.88652503490448,-1.9304994344711304,-1.9015671014785767,-2.142833948135376,-1.759346842765808,-1.8924068212509155,-2.0958032608032227,-1.9248027801513672,0.16623744368553162,0.18929098546504974,0.18211078643798828,0.17680425941944122,0.1785060316324234,0.18067580461502075,0.18149101734161377,0.1880904883146286,0.19014491140842438,0.1587696224451065,0.16370870172977448,-2.158329963684082,-1.8220816850662231,-1.9799927473068237,-1.8369702100753784,-1.88652503490448,-1.9304994344711304,-1.9015671014785767,-2.142833948135376,-1.759346842765808,-1.8924068212509155,-2.0958032608032227,0.919834554195404,0.0,0.0,0.0,0.0,0.0,0.0,0.0,0.0,0.0,0.0,0.3601742088794708,0.9497138857841492,1.2337923049926758,0.2833624482154846,0.02406984008848667,0.4000000059604645,0.6000000238418579,0.7250000238418579
188,8126,,,,,,,,,,,,,,,,,,,,,,,,,,,,,,,,,,,,,,,,,,-1.8243963718414307,-2.029383420944214,-1.8741073608398438,-1.9449464082717896,-1.9295120239257812,-1.8273767232894897,-2.128756284713745,-1.737443208694458,-1.8903712034225464,-2.093459367752075,-1.9279751777648926,0.16676168143749237,0.1872381567955017,0.1798105388879776,0.17605295777320862,0.18113583326339722,0.1821473389863968,0.18282006680965424,0.18681034445762634,0.17375971376895905,0.1578991413116455,0.16330203413963318,-2.1595311164855957,-1.8243963718414307,-2.029383420944214,-1.8741073608398438,-1.9449464082717896,-1.9295120239257812,-1.8273767232894897,-2.128756284713745,-1.737443208694458,-1.8903712034225464,-2.093459367752075,0.9201629161834717,0.0,0.0,0.0,0.0,0.0,0.0,0.0,0.0,0.0,0.0,0.36286017298698425,0.950496256351471,1.2147067785263062,0.2792455852031708,0.023667793720960617,0.4000000059604645,0.6000000238418579,0.7250000238418579
189,8169,,,,,,,,,,,,,,,,,,,,,,,,,,,,,,,,,,,,,,,,,,-1.829856276512146,-2.0286550521850586,-1.946468472480774,-1.929589867591858,-1.9358166456222534,-1.8732502460479736,-2.0149807929992676,-1.7255527973175049,-1.8514115810394287,-2.0844132900238037,-1.9219993352890015,0.16613559424877167,0.19094613194465637,0.18126150965690613,0.17505192756652832,0.18173670768737793,0.1913468837738037,0.18381300568580627,0.1907036155462265,0.17193467915058136,0.15586696565151215,0.16441978514194489,-2.155970573425293,-1.829856276512146,-2.0286550521850586,-1.946468472480774,-1.929589867591858,-1.9358166456222534,-1.8732502460479736,-2.0149807929992676,-1.7255527973175049,-1.8514115810394287,-2.0844132900238037,0.9210500121116638,0.0,0.0,0.0,0.0,0.0,0.0,0.0,0.0,0.0,0.0,0.3576533794403076,0.9497815370559692,1.2374144792556763,0.28381437063217163,0.02539532072842121,0.4000000059604645,0.6000000238418579,0.7250000238418579
190,8212,,,,,,,,,,,,,,,,,,,,,,,,,,,,,,,,,,,,,,,,,,-1.8115119934082031,-1.9877032041549683,-1.888026237487793,-1.9547615051269531,-1.8737363815307617,-1.9103597402572632,-2.0369491577148438,-1.7374987602233887,-1.8727368116378784,-2.127673387527466,-1.9200958013534546,0.16688908636569977,0.1874040961265564,0.18381352722644806,0.17791156470775604,0.1753673106431961,0.18179729580879211,0.18325786292552948,0.19979704916477203,0.17204661667346954,0.15796229243278503,0.16483044624328613,-2.1533701419830322,-1.8115119934082031,-1.9877032041549683,-1.888026237487793,-1.9547615051269531,-1.8737363815307617,-1.9103597402572632,-2.0369491577148438,-1.7374987602233887,-1.8727368116378784,-2.127673387527466,0.920251727104187,0.0,0.0,0.0,0.0,0.0,0.0,0.0,0.0,0.0,0.0,0.36594006419181824,0.9501264095306396,1.229559302330017,0.28650081157684326,0.02570442669093609,0.4000000059604645,0.6000000238418579,0.7250000238418579
191,8255,,,,,,,,,,,,,,,,,,,,,,,,,,,,,,,,,,,,,,,,,,-1.8841156959533691,-2.010603666305542,-1.8767255544662476,-1.8635908365249634,-1.9526374340057373,-1.9029260873794556,-2.0151050090789795,-1.7883754968643188,-1.8698097467422485,-2.0752077102661133,-1.9239099025726318,0.16726383566856384,0.1877894252538681,0.18042287230491638,0.17645083367824554,0.1911536157131195,0.18378020823001862,0.1874263733625412,0.1919795423746109,0.1733531355857849,0.1563757061958313,0.1640259176492691,-2.15134859085083,-1.8841156959533691,-2.010603666305542,-1.8767255544662476,-1.8635908365249634,-1.9526374340057373,-1.9029260873794556,-2.0151050090789795,-1.7883754968643188,-1.8698097467422485,-2.0752077102661133,0.9212234616279602,0.0,0.0,0.0,0.0,0.0,0.0,0.0,0.0,0.0,0.0,0.36300015449523926,0.9499702453613281,1.2281395196914673,0.27995431423187256,0.02444334141910076,0.4000000059604645,0.6000000238418579,0.7250000238418579
192,8298,,,,,,,,,,,,,,,,,,,,,,,,,,,,,,,,,,,,,,,,,,-1.8291842937469482,-2.0244617462158203,-2.007016658782959,-1.9130650758743286,-1.9637317657470703,-1.8803670406341553,-2.142784595489502,-1.5269296169281006,-1.7447290420532227,-2.132448673248291,-1.9164718389511108,0.16542701423168182,0.1875445693731308,0.18338921666145325,0.17491187155246735,0.17569373548030853,0.18556120991706848,0.17939093708992004,0.1859045922756195,0.17341765761375427,0.16046088933944702,0.16391721367835999,-2.1941614151000977,-1.8291842937469482,-2.0244617462158203,-2.007016658782959,-1.9130650758743286,-1.9637317657470703,-1.8803670406341553,-2.142784595489502,-1.5269296169281006,-1.7447290420532227,-2.132448673248291,0.9204880595207214,0.0,0.0,0.0,0.0,0.0,0.0,0.0,0.0,0.0,0.0,0.3623063266277313,0.9493744969367981,1.2460654973983765,0.2805577516555786,0.024184715002775192,0.4000000059604645,0.6000000238418579,0.7250000238418579
193,8341,,,,,,,,,,,,,,,,,,,,,,,,,,,,,,,,,,,,,,,,,,-1.8011538982391357,-1.978798270225525,-2.038222312927246,-1.7754443883895874,-1.8900668621063232,-1.9878079891204834,-2.0971109867095947,-1.6724709272384644,-1.8842639923095703,-2.0911686420440674,-1.9216506481170654,0.16603735089302063,0.18647217750549316,0.17885257303714752,0.17297542095184326,0.18729014694690704,0.18613038957118988,0.18518124520778656,0.1841050237417221,0.17988994717597961,0.15725889801979065,0.16532659530639648,-2.1524815559387207,-1.8011538982391357,-1.978798270225525,-2.038222312927246,-1.7754443883895874,-1.8900668621063232,-1.9878079891204834,-2.0971109867095947,-1.6724709272384644,-1.8842639923095703,-2.0911686420440674,0.9206835627555847,0.0,0.0,0.0,0.0,0.0,0.0,0.0,0.0,0.0,0.0,0.36567747592926025,0.9509114027023315,1.232795238494873,0.27972397208213806,0.02525056153535843,0.4000000059604645,0.550000011920929,0.7250000238418579
194,8384,,,,,,,,,,,,,,,,,,,,,,,,,,,,,,,,,,,,,,,,,,-1.8403856754302979,-1.9845794439315796,-1.8970831632614136,-1.743445634841919,-1.8762171268463135,-1.8716936111450195,-2.0955018997192383,-1.6384555101394653,-1.8632726669311523,-2.0551154613494873,-1.8865749835968018,0.1646556705236435,0.18939928710460663,0.17853929102420807,0.17628991603851318,0.1800932139158249,0.17931655049324036,0.18294619023799896,0.18513235449790955,0.17418384552001953,0.15423019230365753,0.16490669548511505,-2.1546690464019775,-1.8403856754302979,-1.9845794439315796,-1.8970831632614136,-1.743445634841919,-1.8762171268463135,-1.8716936111450195,-2.0955018997192383,-1.6384555101394653,-1.8632726669311523,-2.0551154613494873,0.9208798408508301,0.0,0.0,0.0,0.0,0.0,0.0,0.0,0.0,0.0,0.0,0.3574737012386322,0.9509627223014832,1.2431652545928955,0.2800252437591553,0.024481110274791718,0.4000000059604645,0.6000000238418579,0.7250000238418579
195,8427,,,,,,,,,,,,,,,,,,,,,,,,,,,,,,,,,,,,,,,,,,-1.7998194694519043,-1.9976615905761719,-1.7416880130767822,-1.7783360481262207,-1.8934487104415894,-1.7639243602752686,-2.0864410400390625,-1.7161897420883179,-1.8475983142852783,-2.0637879371643066,-1.868889331817627,0.16888748109340668,0.18794217705726624,0.1786351352930069,0.18140442669391632,0.18070541322231293,0.18908192217350006,0.1908990740776062,0.1937599629163742,0.1725383847951889,0.16138513386249542,0.1642216593027115,-2.1466405391693115,-1.7998194694519043,-1.9976615905761719,-1.7416880130767822,-1.7783360481262207,-1.8934487104415894,-1.7639243602752686,-2.0864410400390625,-1.7161897420883179,-1.8475983142852783,-2.0637879371643066,0.9214286804199219,0.0,0.0,0.0,0.0,0.0,0.0,0.0,0.0,0.0,0.0,0.36515799164772034,0.950179934501648,1.225816249847412,0.27293792366981506,0.02336745895445347,0.4000000059604645,0.6000000238418579,0.7250000238418579
196,8470,,,,,,,,,,,,,,,,,,,,,,,,,,,,,,,,,,,,,,,,,,-1.752671241760254,-2.0293798446655273,-1.8720955848693848,-1.937758445739746,-1.95803701877594,-1.8916047811508179,-2.1362054347991943,-1.7302573919296265,-1.900062918663025,-2.0652639865875244,-1.9273335933685303,0.1656927615404129,0.18730659782886505,0.18017864227294922,0.17552942037582397,0.1834588348865509,0.1825273185968399,0.18635982275009155,0.18635834753513336,0.1723066121339798,0.1606731116771698,0.1626131534576416,-2.1798481941223145,-1.752671241760254,-2.0293798446655273,-1.8720955848693848,-1.937758445739746,-1.95803701877594,-1.8916047811508179,-2.1362054347991943,-1.7302573919296265,-1.900062918663025,-2.0652639865875244,0.9205385446548462,0.0,0.0,0.0,0.0,0.0,0.0,0.0,0.0,0.0,0.0,0.3676227331161499,0.9501651525497437,1.2318928241729736,0.2810094952583313,0.0234502125531435,0.4000000059604645,0.550000011920929,0.7250000238418579
197,8513,,,,,,,,,,,,,,,,,,,,,,,,,,,,,,,,,,,,,,,,,,-1.8483127355575562,-2.0034704208374023,-1.8388426303863525,-1.9666852951049805,-1.8757721185684204,-1.862410306930542,-2.137788772583008,-1.725746512413025,-1.9583218097686768,-2.0706777572631836,-1.9288028478622437,0.16549186408519745,0.1886279284954071,0.1822952926158905,0.17888230085372925,0.1769518405199051,0.18316204845905304,0.18441106379032135,0.1881808042526245,0.17262719571590424,0.1604413539171219,0.16233578324317932,-2.1600728034973145,-1.8483127355575562,-2.0034704208374023,-1.8388426303863525,-1.9666852951049805,-1.8757721185684204,-1.862410306930542,-2.137788772583008,-1.725746512413025,-1.9583218097686768,-2.0706777572631836,0.9206622242927551,0.0,0.0,0.0,0.0,0.0,0.0,0.0,0.0,0.0,0.0,0.3631708323955536,0.9501463770866394,1.2379165887832642,0.2831328809261322,0.023752009496092796,0.4000000059604645,0.550000011920929,0.7250000238418579
198,8556,,,,,,,,,,,,,,,,,,,,,,,,,,,,,,,,,,,,,,,,,,-1.7997366189956665,-1.9592357873916626,-1.9160220623016357,-2.0341341495513916,-1.9252281188964844,-1.8408833742141724,-2.0927183628082275,-1.6671048402786255,-1.87441086769104,-2.0857558250427246,-1.919523000717163,0.16492149233818054,0.18571914732456207,0.18348294496536255,0.176055908203125,0.1750820279121399,0.18206478655338287,0.18479414284229279,0.18619762361049652,0.17205584049224854,0.1595616191625595,0.16507267951965332,-2.1841447353363037,-1.7997366189956665,-1.9592357873916626,-1.9160220623016357,-2.0341341495513916,-1.9252281188964844,-1.8408833742141724,-2.0927183628082275,-1.6671048402786255,-1.87441086769104,-2.0857558250427246,0.9207014441490173,0.0,0.0,0.0,0.0,0.0,0.0,0.0,0.0,0.0,0.0,0.36221209168434143,0.9502836465835571,1.2514582872390747,0.2819204032421112,0.023706797510385513,0.4000000059604645,0.6000000238418579,0.7250000238418579
199,8599,,,,,,,,,,,,,,,,,,,,,,,,,,,,,,,,,,,,,,,,,,-1.8157099485397339,-2.0099174976348877,-1.969539761543274,-1.908613681793213,-1.9019914865493774,-1.7857142686843872,-1.9677108526229858,-1.5927132368087769,-1.7264217138290405,-2.025365114212036,-1.8703696727752686,0.16498398780822754,0.18529579043388367,0.17889432609081268,0.17454807460308075,0.1798703670501709,0.17732179164886475,0.18324239552021027,0.1907692402601242,0.17108584940433502,0.16271017491817474,0.1646120250225067,-2.140193462371826,-1.8157099485397339,-2.0099174976348877,-1.969539761543274,-1.908613681793213,-1.9019914865493774,-1.7857142686843872,-1.9677108526229858,-1.5927132368087769,-1.7264217138290405,-2.025365114212036,0.9216485023498535,0.0,0.0,0.0,0.0,0.0,0.0,0.0,0.0,0.0,0.0,0.35728389024734497,0.9510605931282043,1.2450501918792725,0.2748376131057739,0.02330871857702732,0.4000000059604645,0.6000000238418579,0.7250000238418579
