benchmark,design_id,pdb,n_pass,n_seq,rescue_target,clash_ok,true_rescue_target
M0024_1nzy,rfflow_fixed-ligand_run_M0024_1nzy_cond0_0-atomized-bb-True,run_M0024_1nzy_cond0_0-atomized-bb-True.pdb,0,40,True,True,True
M0024_1nzy,rfflow_fixed-ligand_run_M0024_1nzy_cond0_1-atomized-bb-True,run_M0024_1nzy_cond0_1-atomized-bb-True.pdb,0,40,True,True,True
M0024_1nzy,rfflow_fixed-ligand_run_M0024_1nzy_cond0_10-atomized-bb-True,run_M0024_1nzy_cond0_10-atomized-bb-True.pdb,0,40,True,True,True
M0024_1nzy,rfflow_fixed-ligand_run_M0024_1nzy_cond0_11-atomized-bb-True,run_M0024_1nzy_cond0_11-atomized-bb-True.pdb,0,40,True,True,True
M0024_1nzy,rfflow_fixed-ligand_run_M0024_1nzy_cond0_12-atomized-bb-True,run_M0024_1nzy_cond0_12-atomized-bb-True.pdb,0,40,True,True,True
M0024_1nzy,rfflow_fixed-ligand_run_M0024_1nzy_cond0_13-atomized-bb-True,run_M0024_1nzy_cond0_13-atomized-bb-True.pdb,0,40,True,True,True
M0024_1nzy,rfflow_fixed-ligand_run_M0024_1nzy_cond0_14-atomized-bb-True,run_M0024_1nzy_cond0_14-atomized-bb-True.pdb,0,40,True,True,True
M0024_1nzy,rfflow_fixed-ligand_run_M0024_1nzy_cond0_15-atomized-bb-True,run_M0024_1nzy_cond0_15-atomized-bb-True.pdb,0,40,True,True,True
M0024_1nzy,rfflow_fixed-ligand_run_M0024_1nzy_cond0_16-atomized-bb-True,run_M0024_1nzy_cond0_16-atomized-bb-True.pdb,0,40,True,True,True
M0024_1nzy,rfflow_fixed-ligand_run_M0024_1nzy_cond0_17-atomized-bb-True,run_M0024_1nzy_cond0_17-atomized-bb-True.pdb,0,40,True,True,True
M0024_1nzy,rfflow_fixed-ligand_run_M0024_1nzy_cond0_18-atomized-bb-True,run_M0024_1nzy_cond0_18-atomized-bb-True.pdb,0,40,True,True,True
M0024_1nzy,rfflow_fixed-ligand_run_M0024_1nzy_cond0_19-atomized-bb-True,run_M0024_1nzy_cond0_19-atomized-bb-True.pdb,0,40,True,True,True
M0024_1nzy,rfflow_fixed-ligand_run_M0024_1nzy_cond0_2-atomized-bb-True,run_M0024_1nzy_cond0_2-atomized-bb-True.pdb,0,40,True,True,True
M0024_1nzy,rfflow_fixed-ligand_run_M0024_1nzy_cond0_20-atomized-bb-True,run_M0024_1nzy_cond0_20-atomized-bb-True.pdb,0,40,True,True,True
M0024_1nzy,rfflow_fixed-ligand_run_M0024_1nzy_cond0_21-atomized-bb-True,run_M0024_1nzy_cond0_21-atomized-bb-True.pdb,0,40,True,True,True
M0024_1nzy,rfflow_fixed-ligand_run_M0024_1nzy_cond0_22-atomized-bb-True,run_M0024_1nzy_cond0_22-atomized-bb-True.pdb,0,40,True,True,True
M0024_1nzy,rfflow_fixed-ligand_run_M0024_1nzy_cond0_23-atomized-bb-True,run_M0024_1nzy_cond0_23-atomized-bb-True.pdb,0,40,True,True,True
M0024_1nzy,rfflow_fixed-ligand_run_M0024_1nzy_cond0_24-atomized-bb-True,run_M0024_1nzy_cond0_24-atomized-bb-True.pdb,0,40,True,True,True
M0024_1nzy,rfflow_fixed-ligand_run_M0024_1nzy_cond0_25-atomized-bb-True,run_M0024_1nzy_cond0_25-atomized-bb-True.pdb,0,40,True,False,False
M0024_1nzy,rfflow_fixed-ligand_run_M0024_1nzy_cond0_26-atomized-bb-True,run_M0024_1nzy_cond0_26-atomized-bb-True.pdb,0,40,True,False,False
M0024_1nzy,rfflow_fixed-ligand_run_M0024_1nzy_cond0_27-atomized-bb-True,run_M0024_1nzy_cond0_27-atomized-bb-True.pdb,0,40,True,True,True
M0024_1nzy,rfflow_fixed-ligand_run_M0024_1nzy_cond0_28-atomized-bb-True,run_M0024_1nzy_cond0_28-atomized-bb-True.pdb,0,40,True,True,True
M0024_1nzy,rfflow_fixed-ligand_run_M0024_1nzy_cond0_29-atomized-bb-True,run_M0024_1nzy_cond0_29-atomized-bb-True.pdb,0,40,True,True,True
M0024_1nzy,rfflow_fixed-ligand_run_M0024_1nzy_cond0_3-atomized-bb-True,run_M0024_1nzy_cond0_3-atomized-bb-True.pdb,0,40,True,True,True
M0024_1nzy,rfflow_fixed-ligand_run_M0024_1nzy_cond0_30-atomized-bb-True,run_M0024_1nzy_cond0_30-atomized-bb-True.pdb,0,40,True,True,True
M0024_1nzy,rfflow_fixed-ligand_run_M0024_1nzy_cond0_31-atomized-bb-True,run_M0024_1nzy_cond0_31-atomized-bb-True.pdb,0,40,True,True,True
M0024_1nzy,rfflow_fixed-ligand_run_M0024_1nzy_cond0_32-atomized-bb-True,run_M0024_1nzy_cond0_32-atomized-bb-True.pdb,0,40,True,True,True
M0024_1nzy,rfflow_fixed-ligand_run_M0024_1nzy_cond0_33-atomized-bb-True,run_M0024_1nzy_cond0_33-atomized-bb-True.pdb,0,40,True,True,True
M0024_1nzy,rfflow_fixed-ligand_run_M0024_1nzy_cond0_34-atomized-bb-True,run_M0024_1nzy_cond0_34-atomized-bb-True.pdb,0,40,True,True,True
M0024_1nzy,rfflow_fixed-ligand_run_M0024_1nzy_cond0_35-atomized-bb-True,run_M0024_1nzy_cond0_35-atomized-bb-True.pdb,0,40,True,True,True
M0024_1nzy,rfflow_fixed-ligand_run_M0024_1nzy_cond0_36-atomized-bb-True,run_M0024_1nzy_cond0_36-atomized-bb-True.pdb,0,40,True,True,True
M0024_1nzy,rfflow_fixed-ligand_run_M0024_1nzy_cond0_37-atomized-bb-True,run_M0024_1nzy_cond0_37-atomized-bb-True.pdb,0,40,True,True,True
M0024_1nzy,rfflow_fixed-ligand_run_M0024_1nzy_cond0_38-atomized-bb-True,run_M0024_1nzy_cond0_38-atomized-bb-True.pdb,0,40,True,True,True
M0024_1nzy,rfflow_fixed-ligand_run_M0024_1nzy_cond0_39-atomized-bb-True,run_M0024_1nzy_cond0_39-atomized-bb-True.pdb,0,40,True,True,True
M0024_1nzy,rfflow_fixed-ligand_run_M0024_1nzy_cond0_4-atomized-bb-True,run_M0024_1nzy_cond0_4-atomized-bb-True.pdb,0,40,True,True,True
M0024_1nzy,rfflow_fixed-ligand_run_M0024_1nzy_cond0_40-atomized-bb-True,run_M0024_1nzy_cond0_40-atomized-bb-True.pdb,0,40,True,True,True
M0024_1nzy,rfflow_fixed-ligand_run_M0024_1nzy_cond0_41-atomized-bb-True,run_M0024_1nzy_cond0_41-atomized-bb-True.pdb,0,40,True,True,True
M0024_1nzy,rfflow_fixed-ligand_run_M0024_1nzy_cond0_42-atomized-bb-True,run_M0024_1nzy_cond0_42-atomized-bb-True.pdb,0,40,True,True,True
M0024_1nzy,rfflow_fixed-ligand_run_M0024_1nzy_cond0_43-atomized-bb-True,run_M0024_1nzy_cond0_43-atomized-bb-True.pdb,0,40,True,True,True
M0024_1nzy,rfflow_fixed-ligand_run_M0024_1nzy_cond0_44-atomized-bb-True,run_M0024_1nzy_cond0_44-atomized-bb-True.pdb,0,40,True,True,True
M0024_1nzy,rfflow_fixed-ligand_run_M0024_1nzy_cond0_45-atomized-bb-True,run_M0024_1nzy_cond0_45-atomized-bb-True.pdb,0,40,True,True,True
M0024_1nzy,rfflow_fixed-ligand_run_M0024_1nzy_cond0_46-atomized-bb-True,run_M0024_1nzy_cond0_46-atomized-bb-True.pdb,0,40,True,True,True
M0024_1nzy,rfflow_fixed-ligand_run_M0024_1nzy_cond0_47-atomized-bb-True,run_M0024_1nzy_cond0_47-atomized-bb-True.pdb,1,40,False,True,False
M0024_1nzy,rfflow_fixed-ligand_run_M0024_1nzy_cond0_48-atomized-bb-True,run_M0024_1nzy_cond0_48-atomized-bb-True.pdb,0,40,True,True,True
M0024_1nzy,rfflow_fixed-ligand_run_M0024_1nzy_cond0_49-atomized-bb-True,run_M0024_1nzy_cond0_49-atomized-bb-True.pdb,0,40,True,True,True
M0024_1nzy,rfflow_fixed-ligand_run_M0024_1nzy_cond0_5-atomized-bb-True,run_M0024_1nzy_cond0_5-atomized-bb-True.pdb,0,40,True,True,True
M0024_1nzy,rfflow_fixed-ligand_run_M0024_1nzy_cond0_50-atomized-bb-True,run_M0024_1nzy_cond0_50-atomized-bb-True.pdb,0,40,True,False,False
M0024_1nzy,rfflow_fixed-ligand_run_M0024_1nzy_cond0_51-atomized-bb-True,run_M0024_1nzy_cond0_51-atomized-bb-True.pdb,0,40,True,True,True
M0024_1nzy,rfflow_fixed-ligand_run_M0024_1nzy_cond0_52-atomized-bb-True,run_M0024_1nzy_cond0_52-atomized-bb-True.pdb,0,40,True,True,True
M0024_1nzy,rfflow_fixed-ligand_run_M0024_1nzy_cond0_53-atomized-bb-True,run_M0024_1nzy_cond0_53-atomized-bb-True.pdb,0,40,True,True,True
M0024_1nzy,rfflow_fixed-ligand_run_M0024_1nzy_cond0_54-atomized-bb-True,run_M0024_1nzy_cond0_54-atomized-bb-True.pdb,0,40,True,True,True
M0024_1nzy,rfflow_fixed-ligand_run_M0024_1nzy_cond0_55-atomized-bb-True,run_M0024_1nzy_cond0_55-atomized-bb-True.pdb,0,40,True,True,True
M0024_1nzy,rfflow_fixed-ligand_run_M0024_1nzy_cond0_56-atomized-bb-True,run_M0024_1nzy_cond0_56-atomized-bb-True.pdb,0,40,True,True,True
M0024_1nzy,rfflow_fixed-ligand_run_M0024_1nzy_cond0_57-atomized-bb-True,run_M0024_1nzy_cond0_57-atomized-bb-True.pdb,0,40,True,True,True
M0024_1nzy,rfflow_fixed-ligand_run_M0024_1nzy_cond0_58-atomized-bb-True,run_M0024_1nzy_cond0_58-atomized-bb-True.pdb,0,40,True,True,True
M0024_1nzy,rfflow_fixed-ligand_run_M0024_1nzy_cond0_59-atomized-bb-True,run_M0024_1nzy_cond0_59-atomized-bb-True.pdb,0,40,True,True,True
M0024_1nzy,rfflow_fixed-ligand_run_M0024_1nzy_cond0_6-atomized-bb-True,run_M0024_1nzy_cond0_6-atomized-bb-True.pdb,0,40,True,True,True
M0024_1nzy,rfflow_fixed-ligand_run_M0024_1nzy_cond0_60-atomized-bb-True,run_M0024_1nzy_cond0_60-atomized-bb-True.pdb,0,40,True,True,True
M0024_1nzy,rfflow_fixed-ligand_run_M0024_1nzy_cond0_61-atomized-bb-True,run_M0024_1nzy_cond0_61-atomized-bb-True.pdb,0,40,True,True,True
M0024_1nzy,rfflow_fixed-ligand_run_M0024_1nzy_cond0_62-atomized-bb-True,run_M0024_1nzy_cond0_62-atomized-bb-True.pdb,0,40,True,True,True
M0024_1nzy,rfflow_fixed-ligand_run_M0024_1nzy_cond0_63-atomized-bb-True,run_M0024_1nzy_cond0_63-atomized-bb-True.pdb,0,40,True,True,True
M0024_1nzy,rfflow_fixed-ligand_run_M0024_1nzy_cond0_64-atomized-bb-True,run_M0024_1nzy_cond0_64-atomized-bb-True.pdb,0,40,True,True,True
M0024_1nzy,rfflow_fixed-ligand_run_M0024_1nzy_cond0_65-atomized-bb-True,run_M0024_1nzy_cond0_65-atomized-bb-True.pdb,0,40,True,True,True
M0024_1nzy,rfflow_fixed-ligand_run_M0024_1nzy_cond0_66-atomized-bb-True,run_M0024_1nzy_cond0_66-atomized-bb-True.pdb,0,40,True,True,True
M0024_1nzy,rfflow_fixed-ligand_run_M0024_1nzy_cond0_67-atomized-bb-True,run_M0024_1nzy_cond0_67-atomized-bb-True.pdb,0,40,True,True,True
M0024_1nzy,rfflow_fixed-ligand_run_M0024_1nzy_cond0_68-atomized-bb-True,run_M0024_1nzy_cond0_68-atomized-bb-True.pdb,0,40,True,True,True
M0024_1nzy,rfflow_fixed-ligand_run_M0024_1nzy_cond0_69-atomized-bb-True,run_M0024_1nzy_cond0_69-atomized-bb-True.pdb,0,40,True,True,True
M0024_1nzy,rfflow_fixed-ligand_run_M0024_1nzy_cond0_7-atomized-bb-True,run_M0024_1nzy_cond0_7-atomized-bb-True.pdb,0,40,True,True,True
M0024_1nzy,rfflow_fixed-ligand_run_M0024_1nzy_cond0_70-atomized-bb-True,run_M0024_1nzy_cond0_70-atomized-bb-True.pdb,0,40,True,True,True
M0024_1nzy,rfflow_fixed-ligand_run_M0024_1nzy_cond0_71-atomized-bb-True,run_M0024_1nzy_cond0_71-atomized-bb-True.pdb,0,40,True,True,True
M0024_1nzy,rfflow_fixed-ligand_run_M0024_1nzy_cond0_72-atomized-bb-True,run_M0024_1nzy_cond0_72-atomized-bb-True.pdb,0,40,True,True,True
M0024_1nzy,rfflow_fixed-ligand_run_M0024_1nzy_cond0_73-atomized-bb-True,run_M0024_1nzy_cond0_73-atomized-bb-True.pdb,0,40,True,True,True
M0024_1nzy,rfflow_fixed-ligand_run_M0024_1nzy_cond0_74-atomized-bb-True,run_M0024_1nzy_cond0_74-atomized-bb-True.pdb,0,40,True,True,True
M0024_1nzy,rfflow_fixed-ligand_run_M0024_1nzy_cond0_75-atomized-bb-True,run_M0024_1nzy_cond0_75-atomized-bb-True.pdb,0,40,True,True,True
M0024_1nzy,rfflow_fixed-ligand_run_M0024_1nzy_cond0_76-atomized-bb-True,run_M0024_1nzy_cond0_76-atomized-bb-True.pdb,0,40,True,False,False
M0024_1nzy,rfflow_fixed-ligand_run_M0024_1nzy_cond0_77-atomized-bb-True,run_M0024_1nzy_cond0_77-atomized-bb-True.pdb,0,40,True,True,True
M0024_1nzy,rfflow_fixed-ligand_run_M0024_1nzy_cond0_78-atomized-bb-True,run_M0024_1nzy_cond0_78-atomized-bb-True.pdb,0,40,True,True,True
M0024_1nzy,rfflow_fixed-ligand_run_M0024_1nzy_cond0_79-atomized-bb-True,run_M0024_1nzy_cond0_79-atomized-bb-True.pdb,0,40,True,True,True
M0024_1nzy,rfflow_fixed-ligand_run_M0024_1nzy_cond0_8-atomized-bb-True,run_M0024_1nzy_cond0_8-atomized-bb-True.pdb,0,40,True,True,True
M0024_1nzy,rfflow_fixed-ligand_run_M0024_1nzy_cond0_80-atomized-bb-True,run_M0024_1nzy_cond0_80-atomized-bb-True.pdb,0,40,True,True,True
M0024_1nzy,rfflow_fixed-ligand_run_M0024_1nzy_cond0_81-atomized-bb-True,run_M0024_1nzy_cond0_81-atomized-bb-True.pdb,0,40,True,True,True
M0024_1nzy,rfflow_fixed-ligand_run_M0024_1nzy_cond0_82-atomized-bb-True,run_M0024_1nzy_cond0_82-atomized-bb-True.pdb,0,40,True,True,True
M0024_1nzy,rfflow_fixed-ligand_run_M0024_1nzy_cond0_83-atomized-bb-True,run_M0024_1nzy_cond0_83-atomized-bb-True.pdb,0,40,True,True,True
M0024_1nzy,rfflow_fixed-ligand_run_M0024_1nzy_cond0_84-atomized-bb-True,run_M0024_1nzy_cond0_84-atomized-bb-True.pdb,0,40,True,True,True
M0024_1nzy,rfflow_fixed-ligand_run_M0024_1nzy_cond0_85-atomized-bb-True,run_M0024_1nzy_cond0_85-atomized-bb-True.pdb,0,40,True,False,False
M0024_1nzy,rfflow_fixed-ligand_run_M0024_1nzy_cond0_86-atomized-bb-True,run_M0024_1nzy_cond0_86-atomized-bb-True.pdb,0,40,True,True,True
M0024_1nzy,rfflow_fixed-ligand_run_M0024_1nzy_cond0_87-atomized-bb-True,run_M0024_1nzy_cond0_87-atomized-bb-True.pdb,0,40,True,True,True
M0024_1nzy,rfflow_fixed-ligand_run_M0024_1nzy_cond0_88-atomized-bb-True,run_M0024_1nzy_cond0_88-atomized-bb-True.pdb,0,40,True,True,True
M0024_1nzy,rfflow_fixed-ligand_run_M0024_1nzy_cond0_89-atomized-bb-True,run_M0024_1nzy_cond0_89-atomized-bb-True.pdb,0,40,True,True,True
M0024_1nzy,rfflow_fixed-ligand_run_M0024_1nzy_cond0_9-atomized-bb-True,run_M0024_1nzy_cond0_9-atomized-bb-True.pdb,0,40,True,True,True
M0024_1nzy,rfflow_fixed-ligand_run_M0024_1nzy_cond0_90-atomized-bb-True,run_M0024_1nzy_cond0_90-atomized-bb-True.pdb,0,40,True,True,True
M0024_1nzy,rfflow_fixed-ligand_run_M0024_1nzy_cond0_91-atomized-bb-True,run_M0024_1nzy_cond0_91-atomized-bb-True.pdb,0,40,True,True,True
M0024_1nzy,rfflow_fixed-ligand_run_M0024_1nzy_cond0_92-atomized-bb-True,run_M0024_1nzy_cond0_92-atomized-bb-True.pdb,0,40,True,True,True
M0024_1nzy,rfflow_fixed-ligand_run_M0024_1nzy_cond0_93-atomized-bb-True,run_M0024_1nzy_cond0_93-atomized-bb-True.pdb,0,40,True,True,True
M0024_1nzy,rfflow_fixed-ligand_run_M0024_1nzy_cond0_94-atomized-bb-True,run_M0024_1nzy_cond0_94-atomized-bb-True.pdb,0,40,True,True,True
M0024_1nzy,rfflow_fixed-ligand_run_M0024_1nzy_cond0_95-atomized-bb-True,run_M0024_1nzy_cond0_95-atomized-bb-True.pdb,0,40,True,True,True
M0024_1nzy,rfflow_fixed-ligand_run_M0024_1nzy_cond0_96-atomized-bb-True,run_M0024_1nzy_cond0_96-atomized-bb-True.pdb,0,40,True,True,True
M0024_1nzy,rfflow_fixed-ligand_run_M0024_1nzy_cond0_97-atomized-bb-True,run_M0024_1nzy_cond0_97-atomized-bb-True.pdb,0,40,True,True,True
M0024_1nzy,rfflow_fixed-ligand_run_M0024_1nzy_cond0_98-atomized-bb-True,run_M0024_1nzy_cond0_98-atomized-bb-True.pdb,0,40,True,False,False
M0024_1nzy,rfflow_fixed-ligand_run_M0024_1nzy_cond0_99-atomized-bb-True,run_M0024_1nzy_cond0_99-atomized-bb-True.pdb,0,40,True,True,True
M0040_13pk,rfflow_fixed-ligand_run_M0040_13pk_cond1_0-atomized-bb-True,run_M0040_13pk_cond1_0-atomized-bb-True.pdb,1,40,False,True,False
M0040_13pk,rfflow_fixed-ligand_run_M0040_13pk_cond1_1-atomized-bb-True,run_M0040_13pk_cond1_1-atomized-bb-True.pdb,0,40,True,True,True
M0040_13pk,rfflow_fixed-ligand_run_M0040_13pk_cond1_10-atomized-bb-True,run_M0040_13pk_cond1_10-atomized-bb-True.pdb,0,40,True,True,True
M0040_13pk,rfflow_fixed-ligand_run_M0040_13pk_cond1_11-atomized-bb-True,run_M0040_13pk_cond1_11-atomized-bb-True.pdb,1,40,False,True,False
M0040_13pk,rfflow_fixed-ligand_run_M0040_13pk_cond1_12-atomized-bb-True,run_M0040_13pk_cond1_12-atomized-bb-True.pdb,0,40,True,False,False
M0040_13pk,rfflow_fixed-ligand_run_M0040_13pk_cond1_13-atomized-bb-True,run_M0040_13pk_cond1_13-atomized-bb-True.pdb,0,40,True,True,True
M0040_13pk,rfflow_fixed-ligand_run_M0040_13pk_cond1_14-atomized-bb-True,run_M0040_13pk_cond1_14-atomized-bb-True.pdb,0,40,True,False,False
M0040_13pk,rfflow_fixed-ligand_run_M0040_13pk_cond1_15-atomized-bb-True,run_M0040_13pk_cond1_15-atomized-bb-True.pdb,0,40,True,True,True
M0040_13pk,rfflow_fixed-ligand_run_M0040_13pk_cond1_16-atomized-bb-True,run_M0040_13pk_cond1_16-atomized-bb-True.pdb,0,40,True,True,True
M0040_13pk,rfflow_fixed-ligand_run_M0040_13pk_cond1_17-atomized-bb-True,run_M0040_13pk_cond1_17-atomized-bb-True.pdb,2,40,False,True,False
M0040_13pk,rfflow_fixed-ligand_run_M0040_13pk_cond1_18-atomized-bb-True,run_M0040_13pk_cond1_18-atomized-bb-True.pdb,0,40,True,False,False
M0040_13pk,rfflow_fixed-ligand_run_M0040_13pk_cond1_19-atomized-bb-True,run_M0040_13pk_cond1_19-atomized-bb-True.pdb,0,40,True,True,True
M0040_13pk,rfflow_fixed-ligand_run_M0040_13pk_cond1_2-atomized-bb-True,run_M0040_13pk_cond1_2-atomized-bb-True.pdb,0,40,True,True,True
M0040_13pk,rfflow_fixed-ligand_run_M0040_13pk_cond1_20-atomized-bb-True,run_M0040_13pk_cond1_20-atomized-bb-True.pdb,0,40,True,True,True
M0040_13pk,rfflow_fixed-ligand_run_M0040_13pk_cond1_21-atomized-bb-True,run_M0040_13pk_cond1_21-atomized-bb-True.pdb,0,40,True,False,False
M0040_13pk,rfflow_fixed-ligand_run_M0040_13pk_cond1_22-atomized-bb-True,run_M0040_13pk_cond1_22-atomized-bb-True.pdb,0,40,True,True,True
M0040_13pk,rfflow_fixed-ligand_run_M0040_13pk_cond1_23-atomized-bb-True,run_M0040_13pk_cond1_23-atomized-bb-True.pdb,0,40,True,False,False
M0040_13pk,rfflow_fixed-ligand_run_M0040_13pk_cond1_24-atomized-bb-True,run_M0040_13pk_cond1_24-atomized-bb-True.pdb,2,40,False,True,False
M0040_13pk,rfflow_fixed-ligand_run_M0040_13pk_cond1_25-atomized-bb-True,run_M0040_13pk_cond1_25-atomized-bb-True.pdb,0,40,True,True,True
M0040_13pk,rfflow_fixed-ligand_run_M0040_13pk_cond1_26-atomized-bb-True,run_M0040_13pk_cond1_26-atomized-bb-True.pdb,1,40,False,True,False
M0040_13pk,rfflow_fixed-ligand_run_M0040_13pk_cond1_27-atomized-bb-True,run_M0040_13pk_cond1_27-atomized-bb-True.pdb,0,40,True,True,True
M0040_13pk,rfflow_fixed-ligand_run_M0040_13pk_cond1_28-atomized-bb-True,run_M0040_13pk_cond1_28-atomized-bb-True.pdb,0,40,True,True,True
M0040_13pk,rfflow_fixed-ligand_run_M0040_13pk_cond1_29-atomized-bb-True,run_M0040_13pk_cond1_29-atomized-bb-True.pdb,0,40,True,False,False
M0040_13pk,rfflow_fixed-ligand_run_M0040_13pk_cond1_3-atomized-bb-True,run_M0040_13pk_cond1_3-atomized-bb-True.pdb,0,40,True,True,True
M0040_13pk,rfflow_fixed-ligand_run_M0040_13pk_cond1_30-atomized-bb-True,run_M0040_13pk_cond1_30-atomized-bb-True.pdb,0,40,True,False,False
M0040_13pk,rfflow_fixed-ligand_run_M0040_13pk_cond1_31-atomized-bb-True,run_M0040_13pk_cond1_31-atomized-bb-True.pdb,0,40,True,True,True
M0040_13pk,rfflow_fixed-ligand_run_M0040_13pk_cond1_32-atomized-bb-True,run_M0040_13pk_cond1_32-atomized-bb-True.pdb,0,40,True,True,True
M0040_13pk,rfflow_fixed-ligand_run_M0040_13pk_cond1_33-atomized-bb-True,run_M0040_13pk_cond1_33-atomized-bb-True.pdb,0,40,True,False,False
M0040_13pk,rfflow_fixed-ligand_run_M0040_13pk_cond1_34-atomized-bb-True,run_M0040_13pk_cond1_34-atomized-bb-True.pdb,0,40,True,False,False
M0040_13pk,rfflow_fixed-ligand_run_M0040_13pk_cond1_35-atomized-bb-True,run_M0040_13pk_cond1_35-atomized-bb-True.pdb,0,40,True,False,False
M0040_13pk,rfflow_fixed-ligand_run_M0040_13pk_cond1_36-atomized-bb-True,run_M0040_13pk_cond1_36-atomized-bb-True.pdb,0,40,True,True,True
M0040_13pk,rfflow_fixed-ligand_run_M0040_13pk_cond1_37-atomized-bb-True,run_M0040_13pk_cond1_37-atomized-bb-True.pdb,0,40,True,True,True
M0040_13pk,rfflow_fixed-ligand_run_M0040_13pk_cond1_38-atomized-bb-True,run_M0040_13pk_cond1_38-atomized-bb-True.pdb,0,40,True,False,False
M0040_13pk,rfflow_fixed-ligand_run_M0040_13pk_cond1_39-atomized-bb-True,run_M0040_13pk_cond1_39-atomized-bb-True.pdb,0,40,True,True,True
M0040_13pk,rfflow_fixed-ligand_run_M0040_13pk_cond1_4-atomized-bb-True,run_M0040_13pk_cond1_4-atomized-bb-True.pdb,0,40,True,True,True
M0040_13pk,rfflow_fixed-ligand_run_M0040_13pk_cond1_40-atomized-bb-True,run_M0040_13pk_cond1_40-atomized-bb-True.pdb,0,40,True,True,True
M0040_13pk,rfflow_fixed-ligand_run_M0040_13pk_cond1_41-atomized-bb-True,run_M0040_13pk_cond1_41-atomized-bb-True.pdb,1,40,False,True,False
M0040_13pk,rfflow_fixed-ligand_run_M0040_13pk_cond1_42-atomized-bb-True,run_M0040_13pk_cond1_42-atomized-bb-True.pdb,1,40,False,True,False
M0040_13pk,rfflow_fixed-ligand_run_M0040_13pk_cond1_43-atomized-bb-True,run_M0040_13pk_cond1_43-atomized-bb-True.pdb,0,40,True,False,False
M0040_13pk,rfflow_fixed-ligand_run_M0040_13pk_cond1_44-atomized-bb-True,run_M0040_13pk_cond1_44-atomized-bb-True.pdb,0,40,True,False,False
M0040_13pk,rfflow_fixed-ligand_run_M0040_13pk_cond1_45-atomized-bb-True,run_M0040_13pk_cond1_45-atomized-bb-True.pdb,0,40,True,True,True
M0040_13pk,rfflow_fixed-ligand_run_M0040_13pk_cond1_46-atomized-bb-True,run_M0040_13pk_cond1_46-atomized-bb-True.pdb,0,40,True,True,True
M0040_13pk,rfflow_fixed-ligand_run_M0040_13pk_cond1_47-atomized-bb-True,run_M0040_13pk_cond1_47-atomized-bb-True.pdb,0,40,True,True,True
M0040_13pk,rfflow_fixed-ligand_run_M0040_13pk_cond1_48-atomized-bb-True,run_M0040_13pk_cond1_48-atomized-bb-True.pdb,0,40,True,True,True
M0040_13pk,rfflow_fixed-ligand_run_M0040_13pk_cond1_49-atomized-bb-True,run_M0040_13pk_cond1_49-atomized-bb-True.pdb,0,40,True,True,True
M0040_13pk,rfflow_fixed-ligand_run_M0040_13pk_cond1_5-atomized-bb-True,run_M0040_13pk_cond1_5-atomized-bb-True.pdb,0,40,True,True,True
M0040_13pk,rfflow_fixed-ligand_run_M0040_13pk_cond1_50-atomized-bb-True,run_M0040_13pk_cond1_50-atomized-bb-True.pdb,0,40,True,True,True
M0040_13pk,rfflow_fixed-ligand_run_M0040_13pk_cond1_51-atomized-bb-True,run_M0040_13pk_cond1_51-atomized-bb-True.pdb,0,40,True,True,True
M0040_13pk,rfflow_fixed-ligand_run_M0040_13pk_cond1_52-atomized-bb-True,run_M0040_13pk_cond1_52-atomized-bb-True.pdb,0,40,True,True,True
M0040_13pk,rfflow_fixed-ligand_run_M0040_13pk_cond1_53-atomized-bb-True,run_M0040_13pk_cond1_53-atomized-bb-True.pdb,0,40,True,True,True
M0040_13pk,rfflow_fixed-ligand_run_M0040_13pk_cond1_54-atomized-bb-True,run_M0040_13pk_cond1_54-atomized-bb-True.pdb,0,40,True,True,True
M0040_13pk,rfflow_fixed-ligand_run_M0040_13pk_cond1_55-atomized-bb-True,run_M0040_13pk_cond1_55-atomized-bb-True.pdb,0,40,True,False,False
M0040_13pk,rfflow_fixed-ligand_run_M0040_13pk_cond1_56-atomized-bb-True,run_M0040_13pk_cond1_56-atomized-bb-True.pdb,0,40,True,True,True
M0040_13pk,rfflow_fixed-ligand_run_M0040_13pk_cond1_57-atomized-bb-True,run_M0040_13pk_cond1_57-atomized-bb-True.pdb,0,40,True,True,True
M0040_13pk,rfflow_fixed-ligand_run_M0040_13pk_cond1_58-atomized-bb-True,run_M0040_13pk_cond1_58-atomized-bb-True.pdb,0,40,True,False,False
M0040_13pk,rfflow_fixed-ligand_run_M0040_13pk_cond1_59-atomized-bb-True,run_M0040_13pk_cond1_59-atomized-bb-True.pdb,0,40,True,True,True
M0040_13pk,rfflow_fixed-ligand_run_M0040_13pk_cond1_6-atomized-bb-True,run_M0040_13pk_cond1_6-atomized-bb-True.pdb,0,40,True,True,True
M0040_13pk,rfflow_fixed-ligand_run_M0040_13pk_cond1_60-atomized-bb-True,run_M0040_13pk_cond1_60-atomized-bb-True.pdb,0,40,True,False,False
M0040_13pk,rfflow_fixed-ligand_run_M0040_13pk_cond1_61-atomized-bb-True,run_M0040_13pk_cond1_61-atomized-bb-True.pdb,0,40,True,False,False
M0040_13pk,rfflow_fixed-ligand_run_M0040_13pk_cond1_62-atomized-bb-True,run_M0040_13pk_cond1_62-atomized-bb-True.pdb,0,40,True,False,False
M0040_13pk,rfflow_fixed-ligand_run_M0040_13pk_cond1_63-atomized-bb-True,run_M0040_13pk_cond1_63-atomized-bb-True.pdb,0,40,True,True,True
M0040_13pk,rfflow_fixed-ligand_run_M0040_13pk_cond1_64-atomized-bb-True,run_M0040_13pk_cond1_64-atomized-bb-True.pdb,0,40,True,True,True
M0040_13pk,rfflow_fixed-ligand_run_M0040_13pk_cond1_65-atomized-bb-True,run_M0040_13pk_cond1_65-atomized-bb-True.pdb,0,40,True,True,True
M0040_13pk,rfflow_fixed-ligand_run_M0040_13pk_cond1_66-atomized-bb-True,run_M0040_13pk_cond1_66-atomized-bb-True.pdb,0,40,True,True,True
M0040_13pk,rfflow_fixed-ligand_run_M0040_13pk_cond1_67-atomized-bb-True,run_M0040_13pk_cond1_67-atomized-bb-True.pdb,1,40,False,True,False
M0040_13pk,rfflow_fixed-ligand_run_M0040_13pk_cond1_68-atomized-bb-True,run_M0040_13pk_cond1_68-atomized-bb-True.pdb,0,40,True,False,False
M0040_13pk,rfflow_fixed-ligand_run_M0040_13pk_cond1_69-atomized-bb-True,run_M0040_13pk_cond1_69-atomized-bb-True.pdb,1,40,False,True,False
M0040_13pk,rfflow_fixed-ligand_run_M0040_13pk_cond1_7-atomized-bb-True,run_M0040_13pk_cond1_7-atomized-bb-True.pdb,3,40,False,True,False
M0040_13pk,rfflow_fixed-ligand_run_M0040_13pk_cond1_70-atomized-bb-True,run_M0040_13pk_cond1_70-atomized-bb-True.pdb,0,40,True,True,True
M0040_13pk,rfflow_fixed-ligand_run_M0040_13pk_cond1_71-atomized-bb-True,run_M0040_13pk_cond1_71-atomized-bb-True.pdb,1,40,False,True,False
M0040_13pk,rfflow_fixed-ligand_run_M0040_13pk_cond1_72-atomized-bb-True,run_M0040_13pk_cond1_72-atomized-bb-True.pdb,0,40,True,True,True
M0040_13pk,rfflow_fixed-ligand_run_M0040_13pk_cond1_73-atomized-bb-True,run_M0040_13pk_cond1_73-atomized-bb-True.pdb,0,40,True,True,True
M0040_13pk,rfflow_fixed-ligand_run_M0040_13pk_cond1_74-atomized-bb-True,run_M0040_13pk_cond1_74-atomized-bb-True.pdb,0,40,True,False,False
M0040_13pk,rfflow_fixed-ligand_run_M0040_13pk_cond1_75-atomized-bb-True,run_M0040_13pk_cond1_75-atomized-bb-True.pdb,3,40,False,True,False
M0040_13pk,rfflow_fixed-ligand_run_M0040_13pk_cond1_76-atomized-bb-True,run_M0040_13pk_cond1_76-atomized-bb-True.pdb,0,40,True,False,False
M0040_13pk,rfflow_fixed-ligand_run_M0040_13pk_cond1_77-atomized-bb-True,run_M0040_13pk_cond1_77-atomized-bb-True.pdb,0,40,True,False,False
M0040_13pk,rfflow_fixed-ligand_run_M0040_13pk_cond1_78-atomized-bb-True,run_M0040_13pk_cond1_78-atomized-bb-True.pdb,2,40,False,True,False
M0040_13pk,rfflow_fixed-ligand_run_M0040_13pk_cond1_79-atomized-bb-True,run_M0040_13pk_cond1_79-atomized-bb-True.pdb,0,40,True,True,True
M0040_13pk,rfflow_fixed-ligand_run_M0040_13pk_cond1_8-atomized-bb-True,run_M0040_13pk_cond1_8-atomized-bb-True.pdb,0,40,True,True,True
M0040_13pk,rfflow_fixed-ligand_run_M0040_13pk_cond1_80-atomized-bb-True,run_M0040_13pk_cond1_80-atomized-bb-True.pdb,0,40,True,True,True
M0040_13pk,rfflow_fixed-ligand_run_M0040_13pk_cond1_81-atomized-bb-True,run_M0040_13pk_cond1_81-atomized-bb-True.pdb,0,40,True,True,True
M0040_13pk,rfflow_fixed-ligand_run_M0040_13pk_cond1_82-atomized-bb-True,run_M0040_13pk_cond1_82-atomized-bb-True.pdb,0,40,True,True,True
M0040_13pk,rfflow_fixed-ligand_run_M0040_13pk_cond1_83-atomized-bb-True,run_M0040_13pk_cond1_83-atomized-bb-True.pdb,0,40,True,True,True
M0040_13pk,rfflow_fixed-ligand_run_M0040_13pk_cond1_84-atomized-bb-True,run_M0040_13pk_cond1_84-atomized-bb-True.pdb,0,40,True,True,True
M0040_13pk,rfflow_fixed-ligand_run_M0040_13pk_cond1_85-atomized-bb-True,run_M0040_13pk_cond1_85-atomized-bb-True.pdb,0,40,True,True,True
M0040_13pk,rfflow_fixed-ligand_run_M0040_13pk_cond1_86-atomized-bb-True,run_M0040_13pk_cond1_86-atomized-bb-True.pdb,0,40,True,True,True
M0040_13pk,rfflow_fixed-ligand_run_M0040_13pk_cond1_87-atomized-bb-True,run_M0040_13pk_cond1_87-atomized-bb-True.pdb,0,40,True,True,True
M0040_13pk,rfflow_fixed-ligand_run_M0040_13pk_cond1_88-atomized-bb-True,run_M0040_13pk_cond1_88-atomized-bb-True.pdb,0,40,True,False,False
M0040_13pk,rfflow_fixed-ligand_run_M0040_13pk_cond1_89-atomized-bb-True,run_M0040_13pk_cond1_89-atomized-bb-True.pdb,0,40,True,True,True
M0040_13pk,rfflow_fixed-ligand_run_M0040_13pk_cond1_9-atomized-bb-True,run_M0040_13pk_cond1_9-atomized-bb-True.pdb,0,40,True,False,False
M0040_13pk,rfflow_fixed-ligand_run_M0040_13pk_cond1_90-atomized-bb-True,run_M0040_13pk_cond1_90-atomized-bb-True.pdb,0,40,True,True,True
M0040_13pk,rfflow_fixed-ligand_run_M0040_13pk_cond1_91-atomized-bb-True,run_M0040_13pk_cond1_91-atomized-bb-True.pdb,0,40,True,True,True
M0040_13pk,rfflow_fixed-ligand_run_M0040_13pk_cond1_92-atomized-bb-True,run_M0040_13pk_cond1_92-atomized-bb-True.pdb,0,40,True,True,True
M0040_13pk,rfflow_fixed-ligand_run_M0040_13pk_cond1_93-atomized-bb-True,run_M0040_13pk_cond1_93-atomized-bb-True.pdb,0,40,True,True,True
M0040_13pk,rfflow_fixed-ligand_run_M0040_13pk_cond1_94-atomized-bb-True,run_M0040_13pk_cond1_94-atomized-bb-True.pdb,0,40,True,False,False
M0040_13pk,rfflow_fixed-ligand_run_M0040_13pk_cond1_95-atomized-bb-True,run_M0040_13pk_cond1_95-atomized-bb-True.pdb,0,40,True,True,True
M0040_13pk,rfflow_fixed-ligand_run_M0040_13pk_cond1_96-atomized-bb-True,run_M0040_13pk_cond1_96-atomized-bb-True.pdb,0,40,True,False,False
M0040_13pk,rfflow_fixed-ligand_run_M0040_13pk_cond1_97-atomized-bb-True,run_M0040_13pk_cond1_97-atomized-bb-True.pdb,0,40,True,True,True
M0040_13pk,rfflow_fixed-ligand_run_M0040_13pk_cond1_98-atomized-bb-True,run_M0040_13pk_cond1_98-atomized-bb-True.pdb,0,40,True,True,True
M0040_13pk,rfflow_fixed-ligand_run_M0040_13pk_cond1_99-atomized-bb-True,run_M0040_13pk_cond1_99-atomized-bb-True.pdb,0,40,True,True,True
M0050_1dbt,rfflow_fixed-ligand_run_M0050_1dbt_cond2_0-atomized-bb-True,run_M0050_1dbt_cond2_0-atomized-bb-True.pdb,0,40,True,True,True
M0050_1dbt,rfflow_fixed-ligand_run_M0050_1dbt_cond2_1-atomized-bb-True,run_M0050_1dbt_cond2_1-atomized-bb-True.pdb,0,40,True,True,True
M0050_1dbt,rfflow_fixed-ligand_run_M0050_1dbt_cond2_10-atomized-bb-True,run_M0050_1dbt_cond2_10-atomized-bb-True.pdb,0,40,True,True,True
M0050_1dbt,rfflow_fixed-ligand_run_M0050_1dbt_cond2_11-atomized-bb-True,run_M0050_1dbt_cond2_11-atomized-bb-True.pdb,0,40,True,False,False
M0050_1dbt,rfflow_fixed-ligand_run_M0050_1dbt_cond2_12-atomized-bb-True,run_M0050_1dbt_cond2_12-atomized-bb-True.pdb,0,40,True,False,False
M0050_1dbt,rfflow_fixed-ligand_run_M0050_1dbt_cond2_13-atomized-bb-True,run_M0050_1dbt_cond2_13-atomized-bb-True.pdb,0,40,True,False,False
M0050_1dbt,rfflow_fixed-ligand_run_M0050_1dbt_cond2_14-atomized-bb-True,run_M0050_1dbt_cond2_14-atomized-bb-True.pdb,0,40,True,True,True
M0050_1dbt,rfflow_fixed-ligand_run_M0050_1dbt_cond2_15-atomized-bb-True,run_M0050_1dbt_cond2_15-atomized-bb-True.pdb,0,40,True,True,True
M0050_1dbt,rfflow_fixed-ligand_run_M0050_1dbt_cond2_16-atomized-bb-True,run_M0050_1dbt_cond2_16-atomized-bb-True.pdb,0,40,True,True,True
M0050_1dbt,rfflow_fixed-ligand_run_M0050_1dbt_cond2_17-atomized-bb-True,run_M0050_1dbt_cond2_17-atomized-bb-True.pdb,0,40,True,True,True
M0050_1dbt,rfflow_fixed-ligand_run_M0050_1dbt_cond2_18-atomized-bb-True,run_M0050_1dbt_cond2_18-atomized-bb-True.pdb,0,40,True,True,True
M0050_1dbt,rfflow_fixed-ligand_run_M0050_1dbt_cond2_19-atomized-bb-True,run_M0050_1dbt_cond2_19-atomized-bb-True.pdb,0,40,True,True,True
M0050_1dbt,rfflow_fixed-ligand_run_M0050_1dbt_cond2_2-atomized-bb-True,run_M0050_1dbt_cond2_2-atomized-bb-True.pdb,0,40,True,True,True
M0050_1dbt,rfflow_fixed-ligand_run_M0050_1dbt_cond2_20-atomized-bb-True,run_M0050_1dbt_cond2_20-atomized-bb-True.pdb,0,40,True,True,True
M0050_1dbt,rfflow_fixed-ligand_run_M0050_1dbt_cond2_21-atomized-bb-True,run_M0050_1dbt_cond2_21-atomized-bb-True.pdb,0,40,True,True,True
M0050_1dbt,rfflow_fixed-ligand_run_M0050_1dbt_cond2_22-atomized-bb-True,run_M0050_1dbt_cond2_22-atomized-bb-True.pdb,0,40,True,True,True
M0050_1dbt,rfflow_fixed-ligand_run_M0050_1dbt_cond2_23-atomized-bb-True,run_M0050_1dbt_cond2_23-atomized-bb-True.pdb,0,40,True,True,True
M0050_1dbt,rfflow_fixed-ligand_run_M0050_1dbt_cond2_24-atomized-bb-True,run_M0050_1dbt_cond2_24-atomized-bb-True.pdb,0,40,True,True,True
M0050_1dbt,rfflow_fixed-ligand_run_M0050_1dbt_cond2_25-atomized-bb-True,run_M0050_1dbt_cond2_25-atomized-bb-True.pdb,0,40,True,False,False
M0050_1dbt,rfflow_fixed-ligand_run_M0050_1dbt_cond2_26-atomized-bb-True,run_M0050_1dbt_cond2_26-atomized-bb-True.pdb,0,40,True,True,True
M0050_1dbt,rfflow_fixed-ligand_run_M0050_1dbt_cond2_27-atomized-bb-True,run_M0050_1dbt_cond2_27-atomized-bb-True.pdb,0,40,True,False,False
M0050_1dbt,rfflow_fixed-ligand_run_M0050_1dbt_cond2_28-atomized-bb-True,run_M0050_1dbt_cond2_28-atomized-bb-True.pdb,0,40,True,True,True
M0050_1dbt,rfflow_fixed-ligand_run_M0050_1dbt_cond2_29-atomized-bb-True,run_M0050_1dbt_cond2_29-atomized-bb-True.pdb,0,40,True,True,True
M0050_1dbt,rfflow_fixed-ligand_run_M0050_1dbt_cond2_3-atomized-bb-True,run_M0050_1dbt_cond2_3-atomized-bb-True.pdb,0,40,True,True,True
M0050_1dbt,rfflow_fixed-ligand_run_M0050_1dbt_cond2_30-atomized-bb-True,run_M0050_1dbt_cond2_30-atomized-bb-True.pdb,0,40,True,True,True
M0050_1dbt,rfflow_fixed-ligand_run_M0050_1dbt_cond2_31-atomized-bb-True,run_M0050_1dbt_cond2_31-atomized-bb-True.pdb,0,40,True,True,True
M0050_1dbt,rfflow_fixed-ligand_run_M0050_1dbt_cond2_32-atomized-bb-True,run_M0050_1dbt_cond2_32-atomized-bb-True.pdb,0,40,True,True,True
M0050_1dbt,rfflow_fixed-ligand_run_M0050_1dbt_cond2_33-atomized-bb-True,run_M0050_1dbt_cond2_33-atomized-bb-True.pdb,0,40,True,True,True
M0050_1dbt,rfflow_fixed-ligand_run_M0050_1dbt_cond2_34-atomized-bb-True,run_M0050_1dbt_cond2_34-atomized-bb-True.pdb,0,40,True,False,False
M0050_1dbt,rfflow_fixed-ligand_run_M0050_1dbt_cond2_35-atomized-bb-True,run_M0050_1dbt_cond2_35-atomized-bb-True.pdb,0,40,True,True,True
M0050_1dbt,rfflow_fixed-ligand_run_M0050_1dbt_cond2_36-atomized-bb-True,run_M0050_1dbt_cond2_36-atomized-bb-True.pdb,0,40,True,True,True
M0050_1dbt,rfflow_fixed-ligand_run_M0050_1dbt_cond2_37-atomized-bb-True,run_M0050_1dbt_cond2_37-atomized-bb-True.pdb,0,40,True,True,True
M0050_1dbt,rfflow_fixed-ligand_run_M0050_1dbt_cond2_38-atomized-bb-True,run_M0050_1dbt_cond2_38-atomized-bb-True.pdb,0,40,True,True,True
M0050_1dbt,rfflow_fixed-ligand_run_M0050_1dbt_cond2_39-atomized-bb-True,run_M0050_1dbt_cond2_39-atomized-bb-True.pdb,0,40,True,True,True
M0050_1dbt,rfflow_fixed-ligand_run_M0050_1dbt_cond2_4-atomized-bb-True,run_M0050_1dbt_cond2_4-atomized-bb-True.pdb,0,40,True,True,True
M0050_1dbt,rfflow_fixed-ligand_run_M0050_1dbt_cond2_40-atomized-bb-True,run_M0050_1dbt_cond2_40-atomized-bb-True.pdb,0,40,True,False,False
M0050_1dbt,rfflow_fixed-ligand_run_M0050_1dbt_cond2_41-atomized-bb-True,run_M0050_1dbt_cond2_41-atomized-bb-True.pdb,0,40,True,False,False
M0050_1dbt,rfflow_fixed-ligand_run_M0050_1dbt_cond2_42-atomized-bb-True,run_M0050_1dbt_cond2_42-atomized-bb-True.pdb,0,40,True,True,True
M0050_1dbt,rfflow_fixed-ligand_run_M0050_1dbt_cond2_43-atomized-bb-True,run_M0050_1dbt_cond2_43-atomized-bb-True.pdb,0,40,True,True,True
M0050_1dbt,rfflow_fixed-ligand_run_M0050_1dbt_cond2_44-atomized-bb-True,run_M0050_1dbt_cond2_44-atomized-bb-True.pdb,0,40,True,False,False
M0050_1dbt,rfflow_fixed-ligand_run_M0050_1dbt_cond2_45-atomized-bb-True,run_M0050_1dbt_cond2_45-atomized-bb-True.pdb,0,40,True,True,True
M0050_1dbt,rfflow_fixed-ligand_run_M0050_1dbt_cond2_46-atomized-bb-True,run_M0050_1dbt_cond2_46-atomized-bb-True.pdb,0,40,True,True,True
M0050_1dbt,rfflow_fixed-ligand_run_M0050_1dbt_cond2_47-atomized-bb-True,run_M0050_1dbt_cond2_47-atomized-bb-True.pdb,0,40,True,False,False
M0050_1dbt,rfflow_fixed-ligand_run_M0050_1dbt_cond2_48-atomized-bb-True,run_M0050_1dbt_cond2_48-atomized-bb-True.pdb,0,40,True,True,True
M0050_1dbt,rfflow_fixed-ligand_run_M0050_1dbt_cond2_49-atomized-bb-True,run_M0050_1dbt_cond2_49-atomized-bb-True.pdb,0,40,True,True,True
M0050_1dbt,rfflow_fixed-ligand_run_M0050_1dbt_cond2_5-atomized-bb-True,run_M0050_1dbt_cond2_5-atomized-bb-True.pdb,0,40,True,True,True
M0050_1dbt,rfflow_fixed-ligand_run_M0050_1dbt_cond2_50-atomized-bb-True,run_M0050_1dbt_cond2_50-atomized-bb-True.pdb,0,40,True,True,True
M0050_1dbt,rfflow_fixed-ligand_run_M0050_1dbt_cond2_51-atomized-bb-True,run_M0050_1dbt_cond2_51-atomized-bb-True.pdb,0,40,True,True,True
M0050_1dbt,rfflow_fixed-ligand_run_M0050_1dbt_cond2_52-atomized-bb-True,run_M0050_1dbt_cond2_52-atomized-bb-True.pdb,0,40,True,True,True
M0050_1dbt,rfflow_fixed-ligand_run_M0050_1dbt_cond2_53-atomized-bb-True,run_M0050_1dbt_cond2_53-atomized-bb-True.pdb,0,40,True,True,True
M0050_1dbt,rfflow_fixed-ligand_run_M0050_1dbt_cond2_54-atomized-bb-True,run_M0050_1dbt_cond2_54-atomized-bb-True.pdb,0,40,True,True,True
M0050_1dbt,rfflow_fixed-ligand_run_M0050_1dbt_cond2_55-atomized-bb-True,run_M0050_1dbt_cond2_55-atomized-bb-True.pdb,0,40,True,False,False
M0050_1dbt,rfflow_fixed-ligand_run_M0050_1dbt_cond2_56-atomized-bb-True,run_M0050_1dbt_cond2_56-atomized-bb-True.pdb,0,40,True,False,False
M0050_1dbt,rfflow_fixed-ligand_run_M0050_1dbt_cond2_57-atomized-bb-True,run_M0050_1dbt_cond2_57-atomized-bb-True.pdb,0,40,True,True,True
M0050_1dbt,rfflow_fixed-ligand_run_M0050_1dbt_cond2_58-atomized-bb-True,run_M0050_1dbt_cond2_58-atomized-bb-True.pdb,0,40,True,False,False
M0050_1dbt,rfflow_fixed-ligand_run_M0050_1dbt_cond2_59-atomized-bb-True,run_M0050_1dbt_cond2_59-atomized-bb-True.pdb,0,40,True,True,True
M0050_1dbt,rfflow_fixed-ligand_run_M0050_1dbt_cond2_6-atomized-bb-True,run_M0050_1dbt_cond2_6-atomized-bb-True.pdb,0,40,True,True,True
M0050_1dbt,rfflow_fixed-ligand_run_M0050_1dbt_cond2_60-atomized-bb-True,run_M0050_1dbt_cond2_60-atomized-bb-True.pdb,0,40,True,True,True
M0050_1dbt,rfflow_fixed-ligand_run_M0050_1dbt_cond2_61-atomized-bb-True,run_M0050_1dbt_cond2_61-atomized-bb-True.pdb,3,40,False,True,False
M0050_1dbt,rfflow_fixed-ligand_run_M0050_1dbt_cond2_62-atomized-bb-True,run_M0050_1dbt_cond2_62-atomized-bb-True.pdb,0,40,True,True,True
M0050_1dbt,rfflow_fixed-ligand_run_M0050_1dbt_cond2_63-atomized-bb-True,run_M0050_1dbt_cond2_63-atomized-bb-True.pdb,0,40,True,False,False
M0050_1dbt,rfflow_fixed-ligand_run_M0050_1dbt_cond2_64-atomized-bb-True,run_M0050_1dbt_cond2_64-atomized-bb-True.pdb,0,40,True,False,False
M0050_1dbt,rfflow_fixed-ligand_run_M0050_1dbt_cond2_65-atomized-bb-True,run_M0050_1dbt_cond2_65-atomized-bb-True.pdb,0,40,True,False,False
M0050_1dbt,rfflow_fixed-ligand_run_M0050_1dbt_cond2_66-atomized-bb-True,run_M0050_1dbt_cond2_66-atomized-bb-True.pdb,0,40,True,True,True
M0050_1dbt,rfflow_fixed-ligand_run_M0050_1dbt_cond2_67-atomized-bb-True,run_M0050_1dbt_cond2_67-atomized-bb-True.pdb,0,40,True,True,True
M0050_1dbt,rfflow_fixed-ligand_run_M0050_1dbt_cond2_68-atomized-bb-True,run_M0050_1dbt_cond2_68-atomized-bb-True.pdb,0,40,True,True,True
M0050_1dbt,rfflow_fixed-ligand_run_M0050_1dbt_cond2_69-atomized-bb-True,run_M0050_1dbt_cond2_69-atomized-bb-True.pdb,0,40,True,True,True
M0050_1dbt,rfflow_fixed-ligand_run_M0050_1dbt_cond2_7-atomized-bb-True,run_M0050_1dbt_cond2_7-atomized-bb-True.pdb,0,40,True,True,True
M0050_1dbt,rfflow_fixed-ligand_run_M0050_1dbt_cond2_70-atomized-bb-True,run_M0050_1dbt_cond2_70-atomized-bb-True.pdb,0,40,True,True,True
M0050_1dbt,rfflow_fixed-ligand_run_M0050_1dbt_cond2_71-atomized-bb-True,run_M0050_1dbt_cond2_71-atomized-bb-True.pdb,0,40,True,False,False
M0050_1dbt,rfflow_fixed-ligand_run_M0050_1dbt_cond2_72-atomized-bb-True,run_M0050_1dbt_cond2_72-atomized-bb-True.pdb,0,40,True,True,True
M0050_1dbt,rfflow_fixed-ligand_run_M0050_1dbt_cond2_73-atomized-bb-True,run_M0050_1dbt_cond2_73-atomized-bb-True.pdb,0,40,True,False,False
M0050_1dbt,rfflow_fixed-ligand_run_M0050_1dbt_cond2_74-atomized-bb-True,run_M0050_1dbt_cond2_74-atomized-bb-True.pdb,0,40,True,False,False
M0050_1dbt,rfflow_fixed-ligand_run_M0050_1dbt_cond2_75-atomized-bb-True,run_M0050_1dbt_cond2_75-atomized-bb-True.pdb,0,40,True,False,False
M0050_1dbt,rfflow_fixed-ligand_run_M0050_1dbt_cond2_76-atomized-bb-True,run_M0050_1dbt_cond2_76-atomized-bb-True.pdb,0,40,True,False,False
M0050_1dbt,rfflow_fixed-ligand_run_M0050_1dbt_cond2_77-atomized-bb-True,run_M0050_1dbt_cond2_77-atomized-bb-True.pdb,0,40,True,True,True
M0050_1dbt,rfflow_fixed-ligand_run_M0050_1dbt_cond2_78-atomized-bb-True,run_M0050_1dbt_cond2_78-atomized-bb-True.pdb,0,40,True,True,True
M0050_1dbt,rfflow_fixed-ligand_run_M0050_1dbt_cond2_79-atomized-bb-True,run_M0050_1dbt_cond2_79-atomized-bb-True.pdb,0,40,True,True,True
M0050_1dbt,rfflow_fixed-ligand_run_M0050_1dbt_cond2_8-atomized-bb-True,run_M0050_1dbt_cond2_8-atomized-bb-True.pdb,0,40,True,True,True
M0050_1dbt,rfflow_fixed-ligand_run_M0050_1dbt_cond2_80-atomized-bb-True,run_M0050_1dbt_cond2_80-atomized-bb-True.pdb,0,40,True,True,True
M0050_1dbt,rfflow_fixed-ligand_run_M0050_1dbt_cond2_81-atomized-bb-True,run_M0050_1dbt_cond2_81-atomized-bb-True.pdb,0,40,True,False,False
M0050_1dbt,rfflow_fixed-ligand_run_M0050_1dbt_cond2_82-atomized-bb-True,run_M0050_1dbt_cond2_82-atomized-bb-True.pdb,0,40,True,True,True
M0050_1dbt,rfflow_fixed-ligand_run_M0050_1dbt_cond2_83-atomized-bb-True,run_M0050_1dbt_cond2_83-atomized-bb-True.pdb,0,40,True,False,False
M0050_1dbt,rfflow_fixed-ligand_run_M0050_1dbt_cond2_84-atomized-bb-True,run_M0050_1dbt_cond2_84-atomized-bb-True.pdb,0,40,True,True,True
M0050_1dbt,rfflow_fixed-ligand_run_M0050_1dbt_cond2_85-atomized-bb-True,run_M0050_1dbt_cond2_85-atomized-bb-True.pdb,7,40,False,True,False
M0050_1dbt,rfflow_fixed-ligand_run_M0050_1dbt_cond2_86-atomized-bb-True,run_M0050_1dbt_cond2_86-atomized-bb-True.pdb,0,40,True,True,True
M0050_1dbt,rfflow_fixed-ligand_run_M0050_1dbt_cond2_87-atomized-bb-True,run_M0050_1dbt_cond2_87-atomized-bb-True.pdb,3,40,False,True,False
M0050_1dbt,rfflow_fixed-ligand_run_M0050_1dbt_cond2_88-atomized-bb-True,run_M0050_1dbt_cond2_88-atomized-bb-True.pdb,0,40,True,True,True
M0050_1dbt,rfflow_fixed-ligand_run_M0050_1dbt_cond2_89-atomized-bb-True,run_M0050_1dbt_cond2_89-atomized-bb-True.pdb,0,40,True,True,True
M0050_1dbt,rfflow_fixed-ligand_run_M0050_1dbt_cond2_9-atomized-bb-True,run_M0050_1dbt_cond2_9-atomized-bb-True.pdb,0,40,True,True,True
M0050_1dbt,rfflow_fixed-ligand_run_M0050_1dbt_cond2_90-atomized-bb-True,run_M0050_1dbt_cond2_90-atomized-bb-True.pdb,0,40,True,True,True
M0050_1dbt,rfflow_fixed-ligand_run_M0050_1dbt_cond2_91-atomized-bb-True,run_M0050_1dbt_cond2_91-atomized-bb-True.pdb,0,40,True,True,True
M0050_1dbt,rfflow_fixed-ligand_run_M0050_1dbt_cond2_92-atomized-bb-True,run_M0050_1dbt_cond2_92-atomized-bb-True.pdb,0,40,True,True,True
M0050_1dbt,rfflow_fixed-ligand_run_M0050_1dbt_cond2_93-atomized-bb-True,run_M0050_1dbt_cond2_93-atomized-bb-True.pdb,0,40,True,True,True
M0050_1dbt,rfflow_fixed-ligand_run_M0050_1dbt_cond2_94-atomized-bb-True,run_M0050_1dbt_cond2_94-atomized-bb-True.pdb,0,40,True,True,True
M0050_1dbt,rfflow_fixed-ligand_run_M0050_1dbt_cond2_95-atomized-bb-True,run_M0050_1dbt_cond2_95-atomized-bb-True.pdb,0,40,True,True,True
M0050_1dbt,rfflow_fixed-ligand_run_M0050_1dbt_cond2_96-atomized-bb-True,run_M0050_1dbt_cond2_96-atomized-bb-True.pdb,0,40,True,True,True
M0050_1dbt,rfflow_fixed-ligand_run_M0050_1dbt_cond2_97-atomized-bb-True,run_M0050_1dbt_cond2_97-atomized-bb-True.pdb,0,40,True,True,True
M0050_1dbt,rfflow_fixed-ligand_run_M0050_1dbt_cond2_98-atomized-bb-True,run_M0050_1dbt_cond2_98-atomized-bb-True.pdb,0,40,True,True,True
M0050_1dbt,rfflow_fixed-ligand_run_M0050_1dbt_cond2_99-atomized-bb-True,run_M0050_1dbt_cond2_99-atomized-bb-True.pdb,0,40,True,True,True
M0054_1qfe,rfflow_fixed-ligand_run_M0054_1qfe_cond3_0-atomized-bb-True,run_M0054_1qfe_cond3_0-atomized-bb-True.pdb,0,40,True,True,True
M0054_1qfe,rfflow_fixed-ligand_run_M0054_1qfe_cond3_1-atomized-bb-True,run_M0054_1qfe_cond3_1-atomized-bb-True.pdb,0,40,True,True,True
M0054_1qfe,rfflow_fixed-ligand_run_M0054_1qfe_cond3_10-atomized-bb-True,run_M0054_1qfe_cond3_10-atomized-bb-True.pdb,0,40,True,True,True
M0054_1qfe,rfflow_fixed-ligand_run_M0054_1qfe_cond3_11-atomized-bb-True,run_M0054_1qfe_cond3_11-atomized-bb-True.pdb,0,40,True,True,True
M0054_1qfe,rfflow_fixed-ligand_run_M0054_1qfe_cond3_12-atomized-bb-True,run_M0054_1qfe_cond3_12-atomized-bb-True.pdb,0,40,True,True,True
M0054_1qfe,rfflow_fixed-ligand_run_M0054_1qfe_cond3_13-atomized-bb-True,run_M0054_1qfe_cond3_13-atomized-bb-True.pdb,0,40,True,True,True
M0054_1qfe,rfflow_fixed-ligand_run_M0054_1qfe_cond3_14-atomized-bb-True,run_M0054_1qfe_cond3_14-atomized-bb-True.pdb,20,40,False,True,False
M0054_1qfe,rfflow_fixed-ligand_run_M0054_1qfe_cond3_15-atomized-bb-True,run_M0054_1qfe_cond3_15-atomized-bb-True.pdb,0,40,True,True,True
M0054_1qfe,rfflow_fixed-ligand_run_M0054_1qfe_cond3_16-atomized-bb-True,run_M0054_1qfe_cond3_16-atomized-bb-True.pdb,0,40,True,True,True
M0054_1qfe,rfflow_fixed-ligand_run_M0054_1qfe_cond3_17-atomized-bb-True,run_M0054_1qfe_cond3_17-atomized-bb-True.pdb,0,40,True,True,True
M0054_1qfe,rfflow_fixed-ligand_run_M0054_1qfe_cond3_18-atomized-bb-True,run_M0054_1qfe_cond3_18-atomized-bb-True.pdb,0,40,True,True,True
M0054_1qfe,rfflow_fixed-ligand_run_M0054_1qfe_cond3_19-atomized-bb-True,run_M0054_1qfe_cond3_19-atomized-bb-True.pdb,0,40,True,True,True
M0054_1qfe,rfflow_fixed-ligand_run_M0054_1qfe_cond3_2-atomized-bb-True,run_M0054_1qfe_cond3_2-atomized-bb-True.pdb,0,40,True,True,True
M0054_1qfe,rfflow_fixed-ligand_run_M0054_1qfe_cond3_20-atomized-bb-True,run_M0054_1qfe_cond3_20-atomized-bb-True.pdb,0,40,True,True,True
M0054_1qfe,rfflow_fixed-ligand_run_M0054_1qfe_cond3_21-atomized-bb-True,run_M0054_1qfe_cond3_21-atomized-bb-True.pdb,0,40,True,True,True
M0054_1qfe,rfflow_fixed-ligand_run_M0054_1qfe_cond3_22-atomized-bb-True,run_M0054_1qfe_cond3_22-atomized-bb-True.pdb,0,40,True,True,True
M0054_1qfe,rfflow_fixed-ligand_run_M0054_1qfe_cond3_23-atomized-bb-True,run_M0054_1qfe_cond3_23-atomized-bb-True.pdb,0,40,True,True,True
M0054_1qfe,rfflow_fixed-ligand_run_M0054_1qfe_cond3_24-atomized-bb-True,run_M0054_1qfe_cond3_24-atomized-bb-True.pdb,0,40,True,True,True
M0054_1qfe,rfflow_fixed-ligand_run_M0054_1qfe_cond3_25-atomized-bb-True,run_M0054_1qfe_cond3_25-atomized-bb-True.pdb,3,40,False,True,False
M0054_1qfe,rfflow_fixed-ligand_run_M0054_1qfe_cond3_26-atomized-bb-True,run_M0054_1qfe_cond3_26-atomized-bb-True.pdb,2,40,False,True,False
M0054_1qfe,rfflow_fixed-ligand_run_M0054_1qfe_cond3_27-atomized-bb-True,run_M0054_1qfe_cond3_27-atomized-bb-True.pdb,2,40,False,True,False
M0054_1qfe,rfflow_fixed-ligand_run_M0054_1qfe_cond3_28-atomized-bb-True,run_M0054_1qfe_cond3_28-atomized-bb-True.pdb,0,40,True,True,True
M0054_1qfe,rfflow_fixed-ligand_run_M0054_1qfe_cond3_29-atomized-bb-True,run_M0054_1qfe_cond3_29-atomized-bb-True.pdb,4,40,False,True,False
M0054_1qfe,rfflow_fixed-ligand_run_M0054_1qfe_cond3_3-atomized-bb-True,run_M0054_1qfe_cond3_3-atomized-bb-True.pdb,13,40,False,True,False
M0054_1qfe,rfflow_fixed-ligand_run_M0054_1qfe_cond3_30-atomized-bb-True,run_M0054_1qfe_cond3_30-atomized-bb-True.pdb,0,40,True,True,True
M0054_1qfe,rfflow_fixed-ligand_run_M0054_1qfe_cond3_31-atomized-bb-True,run_M0054_1qfe_cond3_31-atomized-bb-True.pdb,0,40,True,True,True
M0054_1qfe,rfflow_fixed-ligand_run_M0054_1qfe_cond3_32-atomized-bb-True,run_M0054_1qfe_cond3_32-atomized-bb-True.pdb,8,40,False,True,False
M0054_1qfe,rfflow_fixed-ligand_run_M0054_1qfe_cond3_33-atomized-bb-True,run_M0054_1qfe_cond3_33-atomized-bb-True.pdb,0,40,True,True,True
M0054_1qfe,rfflow_fixed-ligand_run_M0054_1qfe_cond3_34-atomized-bb-True,run_M0054_1qfe_cond3_34-atomized-bb-True.pdb,0,40,True,True,True
M0054_1qfe,rfflow_fixed-ligand_run_M0054_1qfe_cond3_35-atomized-bb-True,run_M0054_1qfe_cond3_35-atomized-bb-True.pdb,0,40,True,True,True
M0054_1qfe,rfflow_fixed-ligand_run_M0054_1qfe_cond3_36-atomized-bb-True,run_M0054_1qfe_cond3_36-atomized-bb-True.pdb,0,40,True,True,True
M0054_1qfe,rfflow_fixed-ligand_run_M0054_1qfe_cond3_37-atomized-bb-True,run_M0054_1qfe_cond3_37-atomized-bb-True.pdb,10,40,False,True,False
M0054_1qfe,rfflow_fixed-ligand_run_M0054_1qfe_cond3_38-atomized-bb-True,run_M0054_1qfe_cond3_38-atomized-bb-True.pdb,0,40,True,True,True
M0054_1qfe,rfflow_fixed-ligand_run_M0054_1qfe_cond3_39-atomized-bb-True,run_M0054_1qfe_cond3_39-atomized-bb-True.pdb,0,40,True,True,True
M0054_1qfe,rfflow_fixed-ligand_run_M0054_1qfe_cond3_4-atomized-bb-True,run_M0054_1qfe_cond3_4-atomized-bb-True.pdb,0,40,True,True,True
M0054_1qfe,rfflow_fixed-ligand_run_M0054_1qfe_cond3_40-atomized-bb-True,run_M0054_1qfe_cond3_40-atomized-bb-True.pdb,4,40,False,True,False
M0054_1qfe,rfflow_fixed-ligand_run_M0054_1qfe_cond3_41-atomized-bb-True,run_M0054_1qfe_cond3_41-atomized-bb-True.pdb,0,40,True,True,True
M0054_1qfe,rfflow_fixed-ligand_run_M0054_1qfe_cond3_42-atomized-bb-True,run_M0054_1qfe_cond3_42-atomized-bb-True.pdb,0,40,True,True,True
M0054_1qfe,rfflow_fixed-ligand_run_M0054_1qfe_cond3_43-atomized-bb-True,run_M0054_1qfe_cond3_43-atomized-bb-True.pdb,0,40,True,True,True
M0054_1qfe,rfflow_fixed-ligand_run_M0054_1qfe_cond3_44-atomized-bb-True,run_M0054_1qfe_cond3_44-atomized-bb-True.pdb,2,40,False,True,False
M0054_1qfe,rfflow_fixed-ligand_run_M0054_1qfe_cond3_45-atomized-bb-True,run_M0054_1qfe_cond3_45-atomized-bb-True.pdb,0,40,True,True,True
M0054_1qfe,rfflow_fixed-ligand_run_M0054_1qfe_cond3_46-atomized-bb-True,run_M0054_1qfe_cond3_46-atomized-bb-True.pdb,0,40,True,True,True
M0054_1qfe,rfflow_fixed-ligand_run_M0054_1qfe_cond3_47-atomized-bb-True,run_M0054_1qfe_cond3_47-atomized-bb-True.pdb,1,40,False,True,False
M0054_1qfe,rfflow_fixed-ligand_run_M0054_1qfe_cond3_48-atomized-bb-True,run_M0054_1qfe_cond3_48-atomized-bb-True.pdb,0,40,True,True,True
M0054_1qfe,rfflow_fixed-ligand_run_M0054_1qfe_cond3_49-atomized-bb-True,run_M0054_1qfe_cond3_49-atomized-bb-True.pdb,0,40,True,True,True
M0054_1qfe,rfflow_fixed-ligand_run_M0054_1qfe_cond3_5-atomized-bb-True,run_M0054_1qfe_cond3_5-atomized-bb-True.pdb,0,40,True,True,True
M0054_1qfe,rfflow_fixed-ligand_run_M0054_1qfe_cond3_50-atomized-bb-True,run_M0054_1qfe_cond3_50-atomized-bb-True.pdb,4,40,False,True,False
M0054_1qfe,rfflow_fixed-ligand_run_M0054_1qfe_cond3_51-atomized-bb-True,run_M0054_1qfe_cond3_51-atomized-bb-True.pdb,1,40,False,True,False
M0054_1qfe,rfflow_fixed-ligand_run_M0054_1qfe_cond3_52-atomized-bb-True,run_M0054_1qfe_cond3_52-atomized-bb-True.pdb,0,40,True,True,True
M0054_1qfe,rfflow_fixed-ligand_run_M0054_1qfe_cond3_53-atomized-bb-True,run_M0054_1qfe_cond3_53-atomized-bb-True.pdb,0,40,True,True,True
M0054_1qfe,rfflow_fixed-ligand_run_M0054_1qfe_cond3_54-atomized-bb-True,run_M0054_1qfe_cond3_54-atomized-bb-True.pdb,0,40,True,True,True
M0054_1qfe,rfflow_fixed-ligand_run_M0054_1qfe_cond3_55-atomized-bb-True,run_M0054_1qfe_cond3_55-atomized-bb-True.pdb,24,40,False,True,False
M0054_1qfe,rfflow_fixed-ligand_run_M0054_1qfe_cond3_56-atomized-bb-True,run_M0054_1qfe_cond3_56-atomized-bb-True.pdb,0,40,True,True,True
M0054_1qfe,rfflow_fixed-ligand_run_M0054_1qfe_cond3_57-atomized-bb-True,run_M0054_1qfe_cond3_57-atomized-bb-True.pdb,0,40,True,True,True
M0054_1qfe,rfflow_fixed-ligand_run_M0054_1qfe_cond3_58-atomized-bb-True,run_M0054_1qfe_cond3_58-atomized-bb-True.pdb,0,40,True,True,True
M0054_1qfe,rfflow_fixed-ligand_run_M0054_1qfe_cond3_59-atomized-bb-True,run_M0054_1qfe_cond3_59-atomized-bb-True.pdb,0,40,True,True,True
M0054_1qfe,rfflow_fixed-ligand_run_M0054_1qfe_cond3_6-atomized-bb-True,run_M0054_1qfe_cond3_6-atomized-bb-True.pdb,0,40,True,True,True
M0054_1qfe,rfflow_fixed-ligand_run_M0054_1qfe_cond3_60-atomized-bb-True,run_M0054_1qfe_cond3_60-atomized-bb-True.pdb,0,40,True,True,True
M0054_1qfe,rfflow_fixed-ligand_run_M0054_1qfe_cond3_61-atomized-bb-True,run_M0054_1qfe_cond3_61-atomized-bb-True.pdb,0,40,True,True,True
M0054_1qfe,rfflow_fixed-ligand_run_M0054_1qfe_cond3_62-atomized-bb-True,run_M0054_1qfe_cond3_62-atomized-bb-True.pdb,0,40,True,True,True
M0054_1qfe,rfflow_fixed-ligand_run_M0054_1qfe_cond3_63-atomized-bb-True,run_M0054_1qfe_cond3_63-atomized-bb-True.pdb,0,40,True,True,True
M0054_1qfe,rfflow_fixed-ligand_run_M0054_1qfe_cond3_64-atomized-bb-True,run_M0054_1qfe_cond3_64-atomized-bb-True.pdb,0,40,True,True,True
M0054_1qfe,rfflow_fixed-ligand_run_M0054_1qfe_cond3_65-atomized-bb-True,run_M0054_1qfe_cond3_65-atomized-bb-True.pdb,0,40,True,True,True
M0054_1qfe,rfflow_fixed-ligand_run_M0054_1qfe_cond3_66-atomized-bb-True,run_M0054_1qfe_cond3_66-atomized-bb-True.pdb,0,40,True,True,True
M0054_1qfe,rfflow_fixed-ligand_run_M0054_1qfe_cond3_67-atomized-bb-True,run_M0054_1qfe_cond3_67-atomized-bb-True.pdb,0,40,True,True,True
M0054_1qfe,rfflow_fixed-ligand_run_M0054_1qfe_cond3_68-atomized-bb-True,run_M0054_1qfe_cond3_68-atomized-bb-True.pdb,0,40,True,True,True
M0054_1qfe,rfflow_fixed-ligand_run_M0054_1qfe_cond3_69-atomized-bb-True,run_M0054_1qfe_cond3_69-atomized-bb-True.pdb,0,40,True,True,True
M0054_1qfe,rfflow_fixed-ligand_run_M0054_1qfe_cond3_7-atomized-bb-True,run_M0054_1qfe_cond3_7-atomized-bb-True.pdb,0,40,True,True,True
M0054_1qfe,rfflow_fixed-ligand_run_M0054_1qfe_cond3_70-atomized-bb-True,run_M0054_1qfe_cond3_70-atomized-bb-True.pdb,9,40,False,True,False
M0054_1qfe,rfflow_fixed-ligand_run_M0054_1qfe_cond3_71-atomized-bb-True,run_M0054_1qfe_cond3_71-atomized-bb-True.pdb,0,40,True,True,True
M0054_1qfe,rfflow_fixed-ligand_run_M0054_1qfe_cond3_72-atomized-bb-True,run_M0054_1qfe_cond3_72-atomized-bb-True.pdb,0,40,True,True,True
M0054_1qfe,rfflow_fixed-ligand_run_M0054_1qfe_cond3_73-atomized-bb-True,run_M0054_1qfe_cond3_73-atomized-bb-True.pdb,0,40,True,True,True
M0054_1qfe,rfflow_fixed-ligand_run_M0054_1qfe_cond3_74-atomized-bb-True,run_M0054_1qfe_cond3_74-atomized-bb-True.pdb,0,40,True,True,True
M0054_1qfe,rfflow_fixed-ligand_run_M0054_1qfe_cond3_75-atomized-bb-True,run_M0054_1qfe_cond3_75-atomized-bb-True.pdb,2,40,False,True,False
M0054_1qfe,rfflow_fixed-ligand_run_M0054_1qfe_cond3_76-atomized-bb-True,run_M0054_1qfe_cond3_76-atomized-bb-True.pdb,0,40,True,True,True
M0054_1qfe,rfflow_fixed-ligand_run_M0054_1qfe_cond3_77-atomized-bb-True,run_M0054_1qfe_cond3_77-atomized-bb-True.pdb,5,40,False,True,False
M0054_1qfe,rfflow_fixed-ligand_run_M0054_1qfe_cond3_78-atomized-bb-True,run_M0054_1qfe_cond3_78-atomized-bb-True.pdb,0,40,True,True,True
M0054_1qfe,rfflow_fixed-ligand_run_M0054_1qfe_cond3_79-atomized-bb-True,run_M0054_1qfe_cond3_79-atomized-bb-True.pdb,4,40,False,True,False
M0054_1qfe,rfflow_fixed-ligand_run_M0054_1qfe_cond3_8-atomized-bb-True,run_M0054_1qfe_cond3_8-atomized-bb-True.pdb,0,40,True,True,True
M0054_1qfe,rfflow_fixed-ligand_run_M0054_1qfe_cond3_80-atomized-bb-True,run_M0054_1qfe_cond3_80-atomized-bb-True.pdb,2,40,False,True,False
M0054_1qfe,rfflow_fixed-ligand_run_M0054_1qfe_cond3_81-atomized-bb-True,run_M0054_1qfe_cond3_81-atomized-bb-True.pdb,0,40,True,True,True
M0054_1qfe,rfflow_fixed-ligand_run_M0054_1qfe_cond3_82-atomized-bb-True,run_M0054_1qfe_cond3_82-atomized-bb-True.pdb,0,40,True,True,True
M0054_1qfe,rfflow_fixed-ligand_run_M0054_1qfe_cond3_83-atomized-bb-True,run_M0054_1qfe_cond3_83-atomized-bb-True.pdb,0,40,True,True,True
M0054_1qfe,rfflow_fixed-ligand_run_M0054_1qfe_cond3_84-atomized-bb-True,run_M0054_1qfe_cond3_84-atomized-bb-True.pdb,0,40,True,True,True
M0054_1qfe,rfflow_fixed-ligand_run_M0054_1qfe_cond3_85-atomized-bb-True,run_M0054_1qfe_cond3_85-atomized-bb-True.pdb,0,40,True,True,True
M0054_1qfe,rfflow_fixed-ligand_run_M0054_1qfe_cond3_86-atomized-bb-True,run_M0054_1qfe_cond3_86-atomized-bb-True.pdb,0,40,True,True,True
M0054_1qfe,rfflow_fixed-ligand_run_M0054_1qfe_cond3_87-atomized-bb-True,run_M0054_1qfe_cond3_87-atomized-bb-True.pdb,0,40,True,True,True
M0054_1qfe,rfflow_fixed-ligand_run_M0054_1qfe_cond3_88-atomized-bb-True,run_M0054_1qfe_cond3_88-atomized-bb-True.pdb,0,40,True,True,True
M0054_1qfe,rfflow_fixed-ligand_run_M0054_1qfe_cond3_89-atomized-bb-True,run_M0054_1qfe_cond3_89-atomized-bb-True.pdb,5,40,False,True,False
M0054_1qfe,rfflow_fixed-ligand_run_M0054_1qfe_cond3_9-atomized-bb-True,run_M0054_1qfe_cond3_9-atomized-bb-True.pdb,0,40,True,True,True
M0054_1qfe,rfflow_fixed-ligand_run_M0054_1qfe_cond3_90-atomized-bb-True,run_M0054_1qfe_cond3_90-atomized-bb-True.pdb,6,40,False,True,False
M0054_1qfe,rfflow_fixed-ligand_run_M0054_1qfe_cond3_91-atomized-bb-True,run_M0054_1qfe_cond3_91-atomized-bb-True.pdb,0,40,True,True,True
M0054_1qfe,rfflow_fixed-ligand_run_M0054_1qfe_cond3_92-atomized-bb-True,run_M0054_1qfe_cond3_92-atomized-bb-True.pdb,0,40,True,True,True
M0054_1qfe,rfflow_fixed-ligand_run_M0054_1qfe_cond3_93-atomized-bb-True,run_M0054_1qfe_cond3_93-atomized-bb-True.pdb,7,40,False,True,False
M0054_1qfe,rfflow_fixed-ligand_run_M0054_1qfe_cond3_94-atomized-bb-True,run_M0054_1qfe_cond3_94-atomized-bb-True.pdb,0,40,True,True,True
M0054_1qfe,rfflow_fixed-ligand_run_M0054_1qfe_cond3_95-atomized-bb-True,run_M0054_1qfe_cond3_95-atomized-bb-True.pdb,0,40,True,True,True
M0054_1qfe,rfflow_fixed-ligand_run_M0054_1qfe_cond3_96-atomized-bb-True,run_M0054_1qfe_cond3_96-atomized-bb-True.pdb,0,40,True,True,True
M0054_1qfe,rfflow_fixed-ligand_run_M0054_1qfe_cond3_97-atomized-bb-True,run_M0054_1qfe_cond3_97-atomized-bb-True.pdb,0,40,True,True,True
M0054_1qfe,rfflow_fixed-ligand_run_M0054_1qfe_cond3_98-atomized-bb-True,run_M0054_1qfe_cond3_98-atomized-bb-True.pdb,3,40,False,True,False
M0054_1qfe,rfflow_fixed-ligand_run_M0054_1qfe_cond3_99-atomized-bb-True,run_M0054_1qfe_cond3_99-atomized-bb-True.pdb,0,40,True,True,True
M0058_1cju,rfflow_fixed-ligand_run_M0058_1cju_cond4_0-atomized-bb-True,run_M0058_1cju_cond4_0-atomized-bb-True.pdb,0,40,True,True,True
M0058_1cju,rfflow_fixed-ligand_run_M0058_1cju_cond4_1-atomized-bb-True,run_M0058_1cju_cond4_1-atomized-bb-True.pdb,0,40,True,True,True
M0058_1cju,rfflow_fixed-ligand_run_M0058_1cju_cond4_10-atomized-bb-True,run_M0058_1cju_cond4_10-atomized-bb-True.pdb,0,40,True,True,True
M0058_1cju,rfflow_fixed-ligand_run_M0058_1cju_cond4_11-atomized-bb-True,run_M0058_1cju_cond4_11-atomized-bb-True.pdb,0,40,True,False,False
M0058_1cju,rfflow_fixed-ligand_run_M0058_1cju_cond4_12-atomized-bb-True,run_M0058_1cju_cond4_12-atomized-bb-True.pdb,0,40,True,True,True
M0058_1cju,rfflow_fixed-ligand_run_M0058_1cju_cond4_13-atomized-bb-True,run_M0058_1cju_cond4_13-atomized-bb-True.pdb,0,40,True,True,True
M0058_1cju,rfflow_fixed-ligand_run_M0058_1cju_cond4_14-atomized-bb-True,run_M0058_1cju_cond4_14-atomized-bb-True.pdb,0,40,True,True,True
M0058_1cju,rfflow_fixed-ligand_run_M0058_1cju_cond4_15-atomized-bb-True,run_M0058_1cju_cond4_15-atomized-bb-True.pdb,0,40,True,True,True
M0058_1cju,rfflow_fixed-ligand_run_M0058_1cju_cond4_16-atomized-bb-True,run_M0058_1cju_cond4_16-atomized-bb-True.pdb,2,40,False,True,False
M0058_1cju,rfflow_fixed-ligand_run_M0058_1cju_cond4_17-atomized-bb-True,run_M0058_1cju_cond4_17-atomized-bb-True.pdb,0,40,True,True,True
M0058_1cju,rfflow_fixed-ligand_run_M0058_1cju_cond4_18-atomized-bb-True,run_M0058_1cju_cond4_18-atomized-bb-True.pdb,0,40,True,False,False
M0058_1cju,rfflow_fixed-ligand_run_M0058_1cju_cond4_19-atomized-bb-True,run_M0058_1cju_cond4_19-atomized-bb-True.pdb,0,40,True,True,True
M0058_1cju,rfflow_fixed-ligand_run_M0058_1cju_cond4_2-atomized-bb-True,run_M0058_1cju_cond4_2-atomized-bb-True.pdb,0,40,True,True,True
M0058_1cju,rfflow_fixed-ligand_run_M0058_1cju_cond4_20-atomized-bb-True,run_M0058_1cju_cond4_20-atomized-bb-True.pdb,0,40,True,True,True
M0058_1cju,rfflow_fixed-ligand_run_M0058_1cju_cond4_21-atomized-bb-True,run_M0058_1cju_cond4_21-atomized-bb-True.pdb,0,40,True,True,True
M0058_1cju,rfflow_fixed-ligand_run_M0058_1cju_cond4_22-atomized-bb-True,run_M0058_1cju_cond4_22-atomized-bb-True.pdb,0,40,True,False,False
M0058_1cju,rfflow_fixed-ligand_run_M0058_1cju_cond4_23-atomized-bb-True,run_M0058_1cju_cond4_23-atomized-bb-True.pdb,0,40,True,True,True
M0058_1cju,rfflow_fixed-ligand_run_M0058_1cju_cond4_24-atomized-bb-True,run_M0058_1cju_cond4_24-atomized-bb-True.pdb,0,40,True,True,True
M0058_1cju,rfflow_fixed-ligand_run_M0058_1cju_cond4_25-atomized-bb-True,run_M0058_1cju_cond4_25-atomized-bb-True.pdb,0,40,True,True,True
M0058_1cju,rfflow_fixed-ligand_run_M0058_1cju_cond4_26-atomized-bb-True,run_M0058_1cju_cond4_26-atomized-bb-True.pdb,0,40,True,True,True
M0058_1cju,rfflow_fixed-ligand_run_M0058_1cju_cond4_27-atomized-bb-True,run_M0058_1cju_cond4_27-atomized-bb-True.pdb,0,40,True,False,False
M0058_1cju,rfflow_fixed-ligand_run_M0058_1cju_cond4_28-atomized-bb-True,run_M0058_1cju_cond4_28-atomized-bb-True.pdb,0,40,True,True,True
M0058_1cju,rfflow_fixed-ligand_run_M0058_1cju_cond4_29-atomized-bb-True,run_M0058_1cju_cond4_29-atomized-bb-True.pdb,0,40,True,True,True
M0058_1cju,rfflow_fixed-ligand_run_M0058_1cju_cond4_3-atomized-bb-True,run_M0058_1cju_cond4_3-atomized-bb-True.pdb,0,40,True,True,True
M0058_1cju,rfflow_fixed-ligand_run_M0058_1cju_cond4_30-atomized-bb-True,run_M0058_1cju_cond4_30-atomized-bb-True.pdb,0,40,True,True,True
M0058_1cju,rfflow_fixed-ligand_run_M0058_1cju_cond4_31-atomized-bb-True,run_M0058_1cju_cond4_31-atomized-bb-True.pdb,0,40,True,True,True
M0058_1cju,rfflow_fixed-ligand_run_M0058_1cju_cond4_32-atomized-bb-True,run_M0058_1cju_cond4_32-atomized-bb-True.pdb,0,40,True,True,True
M0058_1cju,rfflow_fixed-ligand_run_M0058_1cju_cond4_33-atomized-bb-True,run_M0058_1cju_cond4_33-atomized-bb-True.pdb,0,40,True,True,True
M0058_1cju,rfflow_fixed-ligand_run_M0058_1cju_cond4_34-atomized-bb-True,run_M0058_1cju_cond4_34-atomized-bb-True.pdb,0,40,True,True,True
M0058_1cju,rfflow_fixed-ligand_run_M0058_1cju_cond4_35-atomized-bb-True,run_M0058_1cju_cond4_35-atomized-bb-True.pdb,0,40,True,True,True
M0058_1cju,rfflow_fixed-ligand_run_M0058_1cju_cond4_36-atomized-bb-True,run_M0058_1cju_cond4_36-atomized-bb-True.pdb,0,40,True,True,True
M0058_1cju,rfflow_fixed-ligand_run_M0058_1cju_cond4_37-atomized-bb-True,run_M0058_1cju_cond4_37-atomized-bb-True.pdb,0,40,True,True,True
M0058_1cju,rfflow_fixed-ligand_run_M0058_1cju_cond4_38-atomized-bb-True,run_M0058_1cju_cond4_38-atomized-bb-True.pdb,0,40,True,True,True
M0058_1cju,rfflow_fixed-ligand_run_M0058_1cju_cond4_39-atomized-bb-True,run_M0058_1cju_cond4_39-atomized-bb-True.pdb,0,40,True,True,True
M0058_1cju,rfflow_fixed-ligand_run_M0058_1cju_cond4_4-atomized-bb-True,run_M0058_1cju_cond4_4-atomized-bb-True.pdb,0,40,True,True,True
M0058_1cju,rfflow_fixed-ligand_run_M0058_1cju_cond4_40-atomized-bb-True,run_M0058_1cju_cond4_40-atomized-bb-True.pdb,0,40,True,True,True
M0058_1cju,rfflow_fixed-ligand_run_M0058_1cju_cond4_41-atomized-bb-True,run_M0058_1cju_cond4_41-atomized-bb-True.pdb,0,40,True,True,True
M0058_1cju,rfflow_fixed-ligand_run_M0058_1cju_cond4_42-atomized-bb-True,run_M0058_1cju_cond4_42-atomized-bb-True.pdb,0,40,True,True,True
M0058_1cju,rfflow_fixed-ligand_run_M0058_1cju_cond4_43-atomized-bb-True,run_M0058_1cju_cond4_43-atomized-bb-True.pdb,0,40,True,True,True
M0058_1cju,rfflow_fixed-ligand_run_M0058_1cju_cond4_44-atomized-bb-True,run_M0058_1cju_cond4_44-atomized-bb-True.pdb,0,40,True,True,True
M0058_1cju,rfflow_fixed-ligand_run_M0058_1cju_cond4_45-atomized-bb-True,run_M0058_1cju_cond4_45-atomized-bb-True.pdb,1,40,False,True,False
M0058_1cju,rfflow_fixed-ligand_run_M0058_1cju_cond4_46-atomized-bb-True,run_M0058_1cju_cond4_46-atomized-bb-True.pdb,0,40,True,True,True
M0058_1cju,rfflow_fixed-ligand_run_M0058_1cju_cond4_47-atomized-bb-True,run_M0058_1cju_cond4_47-atomized-bb-True.pdb,0,40,True,True,True
M0058_1cju,rfflow_fixed-ligand_run_M0058_1cju_cond4_48-atomized-bb-True,run_M0058_1cju_cond4_48-atomized-bb-True.pdb,0,40,True,False,False
M0058_1cju,rfflow_fixed-ligand_run_M0058_1cju_cond4_49-atomized-bb-True,run_M0058_1cju_cond4_49-atomized-bb-True.pdb,0,40,True,True,True
M0058_1cju,rfflow_fixed-ligand_run_M0058_1cju_cond4_5-atomized-bb-True,run_M0058_1cju_cond4_5-atomized-bb-True.pdb,0,40,True,False,False
M0058_1cju,rfflow_fixed-ligand_run_M0058_1cju_cond4_50-atomized-bb-True,run_M0058_1cju_cond4_50-atomized-bb-True.pdb,0,40,True,True,True
M0058_1cju,rfflow_fixed-ligand_run_M0058_1cju_cond4_51-atomized-bb-True,run_M0058_1cju_cond4_51-atomized-bb-True.pdb,0,40,True,True,True
M0058_1cju,rfflow_fixed-ligand_run_M0058_1cju_cond4_52-atomized-bb-True,run_M0058_1cju_cond4_52-atomized-bb-True.pdb,0,40,True,True,True
M0058_1cju,rfflow_fixed-ligand_run_M0058_1cju_cond4_53-atomized-bb-True,run_M0058_1cju_cond4_53-atomized-bb-True.pdb,0,40,True,False,False
M0058_1cju,rfflow_fixed-ligand_run_M0058_1cju_cond4_54-atomized-bb-True,run_M0058_1cju_cond4_54-atomized-bb-True.pdb,0,40,True,True,True
M0058_1cju,rfflow_fixed-ligand_run_M0058_1cju_cond4_55-atomized-bb-True,run_M0058_1cju_cond4_55-atomized-bb-True.pdb,0,40,True,True,True
M0058_1cju,rfflow_fixed-ligand_run_M0058_1cju_cond4_56-atomized-bb-True,run_M0058_1cju_cond4_56-atomized-bb-True.pdb,0,40,True,True,True
M0058_1cju,rfflow_fixed-ligand_run_M0058_1cju_cond4_57-atomized-bb-True,run_M0058_1cju_cond4_57-atomized-bb-True.pdb,0,40,True,True,True
M0058_1cju,rfflow_fixed-ligand_run_M0058_1cju_cond4_58-atomized-bb-True,run_M0058_1cju_cond4_58-atomized-bb-True.pdb,0,40,True,True,True
M0058_1cju,rfflow_fixed-ligand_run_M0058_1cju_cond4_59-atomized-bb-True,run_M0058_1cju_cond4_59-atomized-bb-True.pdb,0,40,True,True,True
M0058_1cju,rfflow_fixed-ligand_run_M0058_1cju_cond4_6-atomized-bb-True,run_M0058_1cju_cond4_6-atomized-bb-True.pdb,0,40,True,True,True
M0058_1cju,rfflow_fixed-ligand_run_M0058_1cju_cond4_60-atomized-bb-True,run_M0058_1cju_cond4_60-atomized-bb-True.pdb,0,40,True,True,True
M0058_1cju,rfflow_fixed-ligand_run_M0058_1cju_cond4_61-atomized-bb-True,run_M0058_1cju_cond4_61-atomized-bb-True.pdb,0,40,True,True,True
M0058_1cju,rfflow_fixed-ligand_run_M0058_1cju_cond4_62-atomized-bb-True,run_M0058_1cju_cond4_62-atomized-bb-True.pdb,0,40,True,True,True
M0058_1cju,rfflow_fixed-ligand_run_M0058_1cju_cond4_63-atomized-bb-True,run_M0058_1cju_cond4_63-atomized-bb-True.pdb,0,40,True,True,True
M0058_1cju,rfflow_fixed-ligand_run_M0058_1cju_cond4_64-atomized-bb-True,run_M0058_1cju_cond4_64-atomized-bb-True.pdb,0,40,True,True,True
M0058_1cju,rfflow_fixed-ligand_run_M0058_1cju_cond4_65-atomized-bb-True,run_M0058_1cju_cond4_65-atomized-bb-True.pdb,0,40,True,True,True
M0058_1cju,rfflow_fixed-ligand_run_M0058_1cju_cond4_66-atomized-bb-True,run_M0058_1cju_cond4_66-atomized-bb-True.pdb,0,40,True,True,True
M0058_1cju,rfflow_fixed-ligand_run_M0058_1cju_cond4_67-atomized-bb-True,run_M0058_1cju_cond4_67-atomized-bb-True.pdb,0,40,True,True,True
M0058_1cju,rfflow_fixed-ligand_run_M0058_1cju_cond4_68-atomized-bb-True,run_M0058_1cju_cond4_68-atomized-bb-True.pdb,0,40,True,True,True
M0058_1cju,rfflow_fixed-ligand_run_M0058_1cju_cond4_69-atomized-bb-True,run_M0058_1cju_cond4_69-atomized-bb-True.pdb,0,40,True,True,True
M0058_1cju,rfflow_fixed-ligand_run_M0058_1cju_cond4_7-atomized-bb-True,run_M0058_1cju_cond4_7-atomized-bb-True.pdb,0,40,True,True,True
M0058_1cju,rfflow_fixed-ligand_run_M0058_1cju_cond4_70-atomized-bb-True,run_M0058_1cju_cond4_70-atomized-bb-True.pdb,0,40,True,True,True
M0058_1cju,rfflow_fixed-ligand_run_M0058_1cju_cond4_71-atomized-bb-True,run_M0058_1cju_cond4_71-atomized-bb-True.pdb,0,40,True,False,False
M0058_1cju,rfflow_fixed-ligand_run_M0058_1cju_cond4_72-atomized-bb-True,run_M0058_1cju_cond4_72-atomized-bb-True.pdb,0,40,True,True,True
M0058_1cju,rfflow_fixed-ligand_run_M0058_1cju_cond4_73-atomized-bb-True,run_M0058_1cju_cond4_73-atomized-bb-True.pdb,0,40,True,False,False
M0058_1cju,rfflow_fixed-ligand_run_M0058_1cju_cond4_74-atomized-bb-True,run_M0058_1cju_cond4_74-atomized-bb-True.pdb,0,40,True,True,True
M0058_1cju,rfflow_fixed-ligand_run_M0058_1cju_cond4_75-atomized-bb-True,run_M0058_1cju_cond4_75-atomized-bb-True.pdb,0,40,True,True,True
M0058_1cju,rfflow_fixed-ligand_run_M0058_1cju_cond4_76-atomized-bb-True,run_M0058_1cju_cond4_76-atomized-bb-True.pdb,1,40,False,True,False
M0058_1cju,rfflow_fixed-ligand_run_M0058_1cju_cond4_77-atomized-bb-True,run_M0058_1cju_cond4_77-atomized-bb-True.pdb,0,40,True,True,True
M0058_1cju,rfflow_fixed-ligand_run_M0058_1cju_cond4_78-atomized-bb-True,run_M0058_1cju_cond4_78-atomized-bb-True.pdb,0,40,True,True,True
M0058_1cju,rfflow_fixed-ligand_run_M0058_1cju_cond4_79-atomized-bb-True,run_M0058_1cju_cond4_79-atomized-bb-True.pdb,0,40,True,True,True
M0058_1cju,rfflow_fixed-ligand_run_M0058_1cju_cond4_8-atomized-bb-True,run_M0058_1cju_cond4_8-atomized-bb-True.pdb,0,40,True,True,True
M0058_1cju,rfflow_fixed-ligand_run_M0058_1cju_cond4_80-atomized-bb-True,run_M0058_1cju_cond4_80-atomized-bb-True.pdb,0,40,True,True,True
M0058_1cju,rfflow_fixed-ligand_run_M0058_1cju_cond4_81-atomized-bb-True,run_M0058_1cju_cond4_81-atomized-bb-True.pdb,0,40,True,True,True
M0058_1cju,rfflow_fixed-ligand_run_M0058_1cju_cond4_82-atomized-bb-True,run_M0058_1cju_cond4_82-atomized-bb-True.pdb,0,40,True,True,True
M0058_1cju,rfflow_fixed-ligand_run_M0058_1cju_cond4_83-atomized-bb-True,run_M0058_1cju_cond4_83-atomized-bb-True.pdb,0,40,True,False,False
M0058_1cju,rfflow_fixed-ligand_run_M0058_1cju_cond4_84-atomized-bb-True,run_M0058_1cju_cond4_84-atomized-bb-True.pdb,0,40,True,True,True
M0058_1cju,rfflow_fixed-ligand_run_M0058_1cju_cond4_85-atomized-bb-True,run_M0058_1cju_cond4_85-atomized-bb-True.pdb,0,40,True,True,True
M0058_1cju,rfflow_fixed-ligand_run_M0058_1cju_cond4_86-atomized-bb-True,run_M0058_1cju_cond4_86-atomized-bb-True.pdb,0,40,True,True,True
M0058_1cju,rfflow_fixed-ligand_run_M0058_1cju_cond4_87-atomized-bb-True,run_M0058_1cju_cond4_87-atomized-bb-True.pdb,0,40,True,True,True
M0058_1cju,rfflow_fixed-ligand_run_M0058_1cju_cond4_88-atomized-bb-True,run_M0058_1cju_cond4_88-atomized-bb-True.pdb,0,40,True,True,True
M0058_1cju,rfflow_fixed-ligand_run_M0058_1cju_cond4_89-atomized-bb-True,run_M0058_1cju_cond4_89-atomized-bb-True.pdb,0,40,True,True,True
M0058_1cju,rfflow_fixed-ligand_run_M0058_1cju_cond4_9-atomized-bb-True,run_M0058_1cju_cond4_9-atomized-bb-True.pdb,0,40,True,True,True
M0058_1cju,rfflow_fixed-ligand_run_M0058_1cju_cond4_90-atomized-bb-True,run_M0058_1cju_cond4_90-atomized-bb-True.pdb,1,40,False,True,False
M0058_1cju,rfflow_fixed-ligand_run_M0058_1cju_cond4_91-atomized-bb-True,run_M0058_1cju_cond4_91-atomized-bb-True.pdb,0,40,True,True,True
M0058_1cju,rfflow_fixed-ligand_run_M0058_1cju_cond4_92-atomized-bb-True,run_M0058_1cju_cond4_92-atomized-bb-True.pdb,0,40,True,True,True
M0058_1cju,rfflow_fixed-ligand_run_M0058_1cju_cond4_93-atomized-bb-True,run_M0058_1cju_cond4_93-atomized-bb-True.pdb,0,40,True,True,True
M0058_1cju,rfflow_fixed-ligand_run_M0058_1cju_cond4_94-atomized-bb-True,run_M0058_1cju_cond4_94-atomized-bb-True.pdb,0,40,True,True,True
M0058_1cju,rfflow_fixed-ligand_run_M0058_1cju_cond4_95-atomized-bb-True,run_M0058_1cju_cond4_95-atomized-bb-True.pdb,0,40,True,True,True
M0058_1cju,rfflow_fixed-ligand_run_M0058_1cju_cond4_96-atomized-bb-True,run_M0058_1cju_cond4_96-atomized-bb-True.pdb,0,40,True,True,True
M0058_1cju,rfflow_fixed-ligand_run_M0058_1cju_cond4_97-atomized-bb-True,run_M0058_1cju_cond4_97-atomized-bb-True.pdb,12,40,False,True,False
M0058_1cju,rfflow_fixed-ligand_run_M0058_1cju_cond4_98-atomized-bb-True,run_M0058_1cju_cond4_98-atomized-bb-True.pdb,0,40,True,True,True
M0058_1cju,rfflow_fixed-ligand_run_M0058_1cju_cond4_99-atomized-bb-True,run_M0058_1cju_cond4_99-atomized-bb-True.pdb,0,40,True,True,True
M0078_1al6,rfflow_fixed-ligand_run_M0078_1al6_cond5_0-atomized-bb-True,run_M0078_1al6_cond5_0-atomized-bb-True.pdb,0,40,True,True,True
M0078_1al6,rfflow_fixed-ligand_run_M0078_1al6_cond5_1-atomized-bb-True,run_M0078_1al6_cond5_1-atomized-bb-True.pdb,0,40,True,True,True
M0078_1al6,rfflow_fixed-ligand_run_M0078_1al6_cond5_10-atomized-bb-True,run_M0078_1al6_cond5_10-atomized-bb-True.pdb,0,40,True,True,True
M0078_1al6,rfflow_fixed-ligand_run_M0078_1al6_cond5_11-atomized-bb-True,run_M0078_1al6_cond5_11-atomized-bb-True.pdb,0,40,True,True,True
M0078_1al6,rfflow_fixed-ligand_run_M0078_1al6_cond5_12-atomized-bb-True,run_M0078_1al6_cond5_12-atomized-bb-True.pdb,0,40,True,True,True
M0078_1al6,rfflow_fixed-ligand_run_M0078_1al6_cond5_13-atomized-bb-True,run_M0078_1al6_cond5_13-atomized-bb-True.pdb,0,40,True,True,True
M0078_1al6,rfflow_fixed-ligand_run_M0078_1al6_cond5_14-atomized-bb-True,run_M0078_1al6_cond5_14-atomized-bb-True.pdb,0,40,True,True,True
M0078_1al6,rfflow_fixed-ligand_run_M0078_1al6_cond5_15-atomized-bb-True,run_M0078_1al6_cond5_15-atomized-bb-True.pdb,0,40,True,True,True
M0078_1al6,rfflow_fixed-ligand_run_M0078_1al6_cond5_16-atomized-bb-True,run_M0078_1al6_cond5_16-atomized-bb-True.pdb,1,40,False,True,False
M0078_1al6,rfflow_fixed-ligand_run_M0078_1al6_cond5_17-atomized-bb-True,run_M0078_1al6_cond5_17-atomized-bb-True.pdb,0,40,True,True,True
M0078_1al6,rfflow_fixed-ligand_run_M0078_1al6_cond5_18-atomized-bb-True,run_M0078_1al6_cond5_18-atomized-bb-True.pdb,0,40,True,True,True
M0078_1al6,rfflow_fixed-ligand_run_M0078_1al6_cond5_19-atomized-bb-True,run_M0078_1al6_cond5_19-atomized-bb-True.pdb,0,40,True,True,True
M0078_1al6,rfflow_fixed-ligand_run_M0078_1al6_cond5_2-atomized-bb-True,run_M0078_1al6_cond5_2-atomized-bb-True.pdb,0,40,True,True,True
M0078_1al6,rfflow_fixed-ligand_run_M0078_1al6_cond5_20-atomized-bb-True,run_M0078_1al6_cond5_20-atomized-bb-True.pdb,0,40,True,True,True
M0078_1al6,rfflow_fixed-ligand_run_M0078_1al6_cond5_21-atomized-bb-True,run_M0078_1al6_cond5_21-atomized-bb-True.pdb,0,40,True,True,True
M0078_1al6,rfflow_fixed-ligand_run_M0078_1al6_cond5_22-atomized-bb-True,run_M0078_1al6_cond5_22-atomized-bb-True.pdb,0,40,True,True,True
M0078_1al6,rfflow_fixed-ligand_run_M0078_1al6_cond5_23-atomized-bb-True,run_M0078_1al6_cond5_23-atomized-bb-True.pdb,0,40,True,True,True
M0078_1al6,rfflow_fixed-ligand_run_M0078_1al6_cond5_24-atomized-bb-True,run_M0078_1al6_cond5_24-atomized-bb-True.pdb,1,40,False,True,False
M0078_1al6,rfflow_fixed-ligand_run_M0078_1al6_cond5_25-atomized-bb-True,run_M0078_1al6_cond5_25-atomized-bb-True.pdb,0,40,True,True,True
M0078_1al6,rfflow_fixed-ligand_run_M0078_1al6_cond5_26-atomized-bb-True,run_M0078_1al6_cond5_26-atomized-bb-True.pdb,1,40,False,True,False
M0078_1al6,rfflow_fixed-ligand_run_M0078_1al6_cond5_27-atomized-bb-True,run_M0078_1al6_cond5_27-atomized-bb-True.pdb,0,40,True,True,True
M0078_1al6,rfflow_fixed-ligand_run_M0078_1al6_cond5_28-atomized-bb-True,run_M0078_1al6_cond5_28-atomized-bb-True.pdb,0,40,True,True,True
M0078_1al6,rfflow_fixed-ligand_run_M0078_1al6_cond5_29-atomized-bb-True,run_M0078_1al6_cond5_29-atomized-bb-True.pdb,0,40,True,True,True
M0078_1al6,rfflow_fixed-ligand_run_M0078_1al6_cond5_3-atomized-bb-True,run_M0078_1al6_cond5_3-atomized-bb-True.pdb,0,40,True,True,True
M0078_1al6,rfflow_fixed-ligand_run_M0078_1al6_cond5_30-atomized-bb-True,run_M0078_1al6_cond5_30-atomized-bb-True.pdb,0,40,True,True,True
M0078_1al6,rfflow_fixed-ligand_run_M0078_1al6_cond5_31-atomized-bb-True,run_M0078_1al6_cond5_31-atomized-bb-True.pdb,0,40,True,True,True
M0078_1al6,rfflow_fixed-ligand_run_M0078_1al6_cond5_32-atomized-bb-True,run_M0078_1al6_cond5_32-atomized-bb-True.pdb,0,40,True,True,True
M0078_1al6,rfflow_fixed-ligand_run_M0078_1al6_cond5_33-atomized-bb-True,run_M0078_1al6_cond5_33-atomized-bb-True.pdb,0,40,True,True,True
M0078_1al6,rfflow_fixed-ligand_run_M0078_1al6_cond5_34-atomized-bb-True,run_M0078_1al6_cond5_34-atomized-bb-True.pdb,0,40,True,True,True
M0078_1al6,rfflow_fixed-ligand_run_M0078_1al6_cond5_35-atomized-bb-True,run_M0078_1al6_cond5_35-atomized-bb-True.pdb,1,40,False,True,False
M0078_1al6,rfflow_fixed-ligand_run_M0078_1al6_cond5_36-atomized-bb-True,run_M0078_1al6_cond5_36-atomized-bb-True.pdb,0,40,True,False,False
M0078_1al6,rfflow_fixed-ligand_run_M0078_1al6_cond5_37-atomized-bb-True,run_M0078_1al6_cond5_37-atomized-bb-True.pdb,0,40,True,True,True
M0078_1al6,rfflow_fixed-ligand_run_M0078_1al6_cond5_38-atomized-bb-True,run_M0078_1al6_cond5_38-atomized-bb-True.pdb,0,40,True,False,False
M0078_1al6,rfflow_fixed-ligand_run_M0078_1al6_cond5_39-atomized-bb-True,run_M0078_1al6_cond5_39-atomized-bb-True.pdb,0,40,True,True,True
M0078_1al6,rfflow_fixed-ligand_run_M0078_1al6_cond5_4-atomized-bb-True,run_M0078_1al6_cond5_4-atomized-bb-True.pdb,0,40,True,True,True
M0078_1al6,rfflow_fixed-ligand_run_M0078_1al6_cond5_40-atomized-bb-True,run_M0078_1al6_cond5_40-atomized-bb-True.pdb,0,40,True,True,True
M0078_1al6,rfflow_fixed-ligand_run_M0078_1al6_cond5_41-atomized-bb-True,run_M0078_1al6_cond5_41-atomized-bb-True.pdb,0,40,True,True,True
M0078_1al6,rfflow_fixed-ligand_run_M0078_1al6_cond5_42-atomized-bb-True,run_M0078_1al6_cond5_42-atomized-bb-True.pdb,0,40,True,False,False
M0078_1al6,rfflow_fixed-ligand_run_M0078_1al6_cond5_43-atomized-bb-True,run_M0078_1al6_cond5_43-atomized-bb-True.pdb,0,40,True,True,True
M0078_1al6,rfflow_fixed-ligand_run_M0078_1al6_cond5_44-atomized-bb-True,run_M0078_1al6_cond5_44-atomized-bb-True.pdb,0,40,True,True,True
M0078_1al6,rfflow_fixed-ligand_run_M0078_1al6_cond5_45-atomized-bb-True,run_M0078_1al6_cond5_45-atomized-bb-True.pdb,8,40,False,True,False
M0078_1al6,rfflow_fixed-ligand_run_M0078_1al6_cond5_46-atomized-bb-True,run_M0078_1al6_cond5_46-atomized-bb-True.pdb,0,40,True,True,True
M0078_1al6,rfflow_fixed-ligand_run_M0078_1al6_cond5_47-atomized-bb-True,run_M0078_1al6_cond5_47-atomized-bb-True.pdb,0,40,True,False,False
M0078_1al6,rfflow_fixed-ligand_run_M0078_1al6_cond5_48-atomized-bb-True,run_M0078_1al6_cond5_48-atomized-bb-True.pdb,0,40,True,True,True
M0078_1al6,rfflow_fixed-ligand_run_M0078_1al6_cond5_49-atomized-bb-True,run_M0078_1al6_cond5_49-atomized-bb-True.pdb,1,40,False,True,False
M0078_1al6,rfflow_fixed-ligand_run_M0078_1al6_cond5_5-atomized-bb-True,run_M0078_1al6_cond5_5-atomized-bb-True.pdb,0,40,True,True,True
M0078_1al6,rfflow_fixed-ligand_run_M0078_1al6_cond5_50-atomized-bb-True,run_M0078_1al6_cond5_50-atomized-bb-True.pdb,0,40,True,True,True
M0078_1al6,rfflow_fixed-ligand_run_M0078_1al6_cond5_51-atomized-bb-True,run_M0078_1al6_cond5_51-atomized-bb-True.pdb,0,40,True,True,True
M0078_1al6,rfflow_fixed-ligand_run_M0078_1al6_cond5_52-atomized-bb-True,run_M0078_1al6_cond5_52-atomized-bb-True.pdb,0,40,True,True,True
M0078_1al6,rfflow_fixed-ligand_run_M0078_1al6_cond5_53-atomized-bb-True,run_M0078_1al6_cond5_53-atomized-bb-True.pdb,0,40,True,True,True
M0078_1al6,rfflow_fixed-ligand_run_M0078_1al6_cond5_54-atomized-bb-True,run_M0078_1al6_cond5_54-atomized-bb-True.pdb,0,40,True,True,True
M0078_1al6,rfflow_fixed-ligand_run_M0078_1al6_cond5_55-atomized-bb-True,run_M0078_1al6_cond5_55-atomized-bb-True.pdb,0,40,True,True,True
M0078_1al6,rfflow_fixed-ligand_run_M0078_1al6_cond5_56-atomized-bb-True,run_M0078_1al6_cond5_56-atomized-bb-True.pdb,3,40,False,True,False
M0078_1al6,rfflow_fixed-ligand_run_M0078_1al6_cond5_57-atomized-bb-True,run_M0078_1al6_cond5_57-atomized-bb-True.pdb,0,40,True,True,True
M0078_1al6,rfflow_fixed-ligand_run_M0078_1al6_cond5_58-atomized-bb-True,run_M0078_1al6_cond5_58-atomized-bb-True.pdb,0,40,True,True,True
M0078_1al6,rfflow_fixed-ligand_run_M0078_1al6_cond5_59-atomized-bb-True,run_M0078_1al6_cond5_59-atomized-bb-True.pdb,0,40,True,True,True
M0078_1al6,rfflow_fixed-ligand_run_M0078_1al6_cond5_6-atomized-bb-True,run_M0078_1al6_cond5_6-atomized-bb-True.pdb,0,40,True,True,True
M0078_1al6,rfflow_fixed-ligand_run_M0078_1al6_cond5_60-atomized-bb-True,run_M0078_1al6_cond5_60-atomized-bb-True.pdb,0,40,True,True,True
M0078_1al6,rfflow_fixed-ligand_run_M0078_1al6_cond5_61-atomized-bb-True,run_M0078_1al6_cond5_61-atomized-bb-True.pdb,0,40,True,True,True
M0078_1al6,rfflow_fixed-ligand_run_M0078_1al6_cond5_62-atomized-bb-True,run_M0078_1al6_cond5_62-atomized-bb-True.pdb,0,40,True,True,True
M0078_1al6,rfflow_fixed-ligand_run_M0078_1al6_cond5_63-atomized-bb-True,run_M0078_1al6_cond5_63-atomized-bb-True.pdb,0,40,True,True,True
M0078_1al6,rfflow_fixed-ligand_run_M0078_1al6_cond5_64-atomized-bb-True,run_M0078_1al6_cond5_64-atomized-bb-True.pdb,0,40,True,True,True
M0078_1al6,rfflow_fixed-ligand_run_M0078_1al6_cond5_65-atomized-bb-True,run_M0078_1al6_cond5_65-atomized-bb-True.pdb,0,40,True,True,True
M0078_1al6,rfflow_fixed-ligand_run_M0078_1al6_cond5_66-atomized-bb-True,run_M0078_1al6_cond5_66-atomized-bb-True.pdb,0,40,True,True,True
M0078_1al6,rfflow_fixed-ligand_run_M0078_1al6_cond5_67-atomized-bb-True,run_M0078_1al6_cond5_67-atomized-bb-True.pdb,0,40,True,True,True
M0078_1al6,rfflow_fixed-ligand_run_M0078_1al6_cond5_68-atomized-bb-True,run_M0078_1al6_cond5_68-atomized-bb-True.pdb,0,40,True,True,True
M0078_1al6,rfflow_fixed-ligand_run_M0078_1al6_cond5_69-atomized-bb-True,run_M0078_1al6_cond5_69-atomized-bb-True.pdb,0,40,True,True,True
M0078_1al6,rfflow_fixed-ligand_run_M0078_1al6_cond5_7-atomized-bb-True,run_M0078_1al6_cond5_7-atomized-bb-True.pdb,0,40,True,True,True
M0078_1al6,rfflow_fixed-ligand_run_M0078_1al6_cond5_70-atomized-bb-True,run_M0078_1al6_cond5_70-atomized-bb-True.pdb,0,40,True,True,True
M0078_1al6,rfflow_fixed-ligand_run_M0078_1al6_cond5_71-atomized-bb-True,run_M0078_1al6_cond5_71-atomized-bb-True.pdb,0,40,True,True,True
M0078_1al6,rfflow_fixed-ligand_run_M0078_1al6_cond5_72-atomized-bb-True,run_M0078_1al6_cond5_72-atomized-bb-True.pdb,0,40,True,True,True
M0078_1al6,rfflow_fixed-ligand_run_M0078_1al6_cond5_73-atomized-bb-True,run_M0078_1al6_cond5_73-atomized-bb-True.pdb,0,40,True,True,True
M0078_1al6,rfflow_fixed-ligand_run_M0078_1al6_cond5_74-atomized-bb-True,run_M0078_1al6_cond5_74-atomized-bb-True.pdb,0,40,True,True,True
M0078_1al6,rfflow_fixed-ligand_run_M0078_1al6_cond5_75-atomized-bb-True,run_M0078_1al6_cond5_75-atomized-bb-True.pdb,0,40,True,True,True
M0078_1al6,rfflow_fixed-ligand_run_M0078_1al6_cond5_76-atomized-bb-True,run_M0078_1al6_cond5_76-atomized-bb-True.pdb,0,40,True,False,False
M0078_1al6,rfflow_fixed-ligand_run_M0078_1al6_cond5_77-atomized-bb-True,run_M0078_1al6_cond5_77-atomized-bb-True.pdb,0,40,True,True,True
M0078_1al6,rfflow_fixed-ligand_run_M0078_1al6_cond5_78-atomized-bb-True,run_M0078_1al6_cond5_78-atomized-bb-True.pdb,0,40,True,True,True
M0078_1al6,rfflow_fixed-ligand_run_M0078_1al6_cond5_79-atomized-bb-True,run_M0078_1al6_cond5_79-atomized-bb-True.pdb,0,40,True,True,True
M0078_1al6,rfflow_fixed-ligand_run_M0078_1al6_cond5_8-atomized-bb-True,run_M0078_1al6_cond5_8-atomized-bb-True.pdb,0,40,True,True,True
M0078_1al6,rfflow_fixed-ligand_run_M0078_1al6_cond5_80-atomized-bb-True,run_M0078_1al6_cond5_80-atomized-bb-True.pdb,0,40,True,True,True
M0078_1al6,rfflow_fixed-ligand_run_M0078_1al6_cond5_81-atomized-bb-True,run_M0078_1al6_cond5_81-atomized-bb-True.pdb,0,40,True,False,False
M0078_1al6,rfflow_fixed-ligand_run_M0078_1al6_cond5_82-atomized-bb-True,run_M0078_1al6_cond5_82-atomized-bb-True.pdb,0,40,True,True,True
M0078_1al6,rfflow_fixed-ligand_run_M0078_1al6_cond5_83-atomized-bb-True,run_M0078_1al6_cond5_83-atomized-bb-True.pdb,0,40,True,True,True
M0078_1al6,rfflow_fixed-ligand_run_M0078_1al6_cond5_84-atomized-bb-True,run_M0078_1al6_cond5_84-atomized-bb-True.pdb,0,40,True,True,True
M0078_1al6,rfflow_fixed-ligand_run_M0078_1al6_cond5_85-atomized-bb-True,run_M0078_1al6_cond5_85-atomized-bb-True.pdb,0,40,True,True,True
M0078_1al6,rfflow_fixed-ligand_run_M0078_1al6_cond5_86-atomized-bb-True,run_M0078_1al6_cond5_86-atomized-bb-True.pdb,0,40,True,True,True
M0078_1al6,rfflow_fixed-ligand_run_M0078_1al6_cond5_87-atomized-bb-True,run_M0078_1al6_cond5_87-atomized-bb-True.pdb,0,40,True,True,True
M0078_1al6,rfflow_fixed-ligand_run_M0078_1al6_cond5_88-atomized-bb-True,run_M0078_1al6_cond5_88-atomized-bb-True.pdb,0,40,True,True,True
M0078_1al6,rfflow_fixed-ligand_run_M0078_1al6_cond5_89-atomized-bb-True,run_M0078_1al6_cond5_89-atomized-bb-True.pdb,0,40,True,True,True
M0078_1al6,rfflow_fixed-ligand_run_M0078_1al6_cond5_9-atomized-bb-True,run_M0078_1al6_cond5_9-atomized-bb-True.pdb,0,40,True,True,True
M0078_1al6,rfflow_fixed-ligand_run_M0078_1al6_cond5_90-atomized-bb-True,run_M0078_1al6_cond5_90-atomized-bb-True.pdb,0,40,True,True,True
M0078_1al6,rfflow_fixed-ligand_run_M0078_1al6_cond5_91-atomized-bb-True,run_M0078_1al6_cond5_91-atomized-bb-True.pdb,0,40,True,True,True
M0078_1al6,rfflow_fixed-ligand_run_M0078_1al6_cond5_92-atomized-bb-True,run_M0078_1al6_cond5_92-atomized-bb-True.pdb,0,40,True,True,True
M0078_1al6,rfflow_fixed-ligand_run_M0078_1al6_cond5_93-atomized-bb-True,run_M0078_1al6_cond5_93-atomized-bb-True.pdb,0,40,True,True,True
M0078_1al6,rfflow_fixed-ligand_run_M0078_1al6_cond5_94-atomized-bb-True,run_M0078_1al6_cond5_94-atomized-bb-True.pdb,0,40,True,True,True
M0078_1al6,rfflow_fixed-ligand_run_M0078_1al6_cond5_95-atomized-bb-True,run_M0078_1al6_cond5_95-atomized-bb-True.pdb,0,40,True,True,True
M0078_1al6,rfflow_fixed-ligand_run_M0078_1al6_cond5_96-atomized-bb-True,run_M0078_1al6_cond5_96-atomized-bb-True.pdb,0,40,True,False,False
M0078_1al6,rfflow_fixed-ligand_run_M0078_1al6_cond5_97-atomized-bb-True,run_M0078_1al6_cond5_97-atomized-bb-True.pdb,0,40,True,True,True
M0078_1al6,rfflow_fixed-ligand_run_M0078_1al6_cond5_98-atomized-bb-True,run_M0078_1al6_cond5_98-atomized-bb-True.pdb,0,40,True,True,True
M0078_1al6,rfflow_fixed-ligand_run_M0078_1al6_cond5_99-atomized-bb-True,run_M0078_1al6_cond5_99-atomized-bb-True.pdb,0,40,True,True,True
M0092_1dli,rfflow_fixed-ligand_run_M0092_1dli_cond6_0-atomized-bb-True,run_M0092_1dli_cond6_0-atomized-bb-True.pdb,0,40,True,True,True
M0092_1dli,rfflow_fixed-ligand_run_M0092_1dli_cond6_1-atomized-bb-True,run_M0092_1dli_cond6_1-atomized-bb-True.pdb,0,40,True,True,True
M0092_1dli,rfflow_fixed-ligand_run_M0092_1dli_cond6_10-atomized-bb-True,run_M0092_1dli_cond6_10-atomized-bb-True.pdb,0,40,True,True,True
M0092_1dli,rfflow_fixed-ligand_run_M0092_1dli_cond6_11-atomized-bb-True,run_M0092_1dli_cond6_11-atomized-bb-True.pdb,0,40,True,True,True
M0092_1dli,rfflow_fixed-ligand_run_M0092_1dli_cond6_12-atomized-bb-True,run_M0092_1dli_cond6_12-atomized-bb-True.pdb,0,40,True,True,True
M0092_1dli,rfflow_fixed-ligand_run_M0092_1dli_cond6_13-atomized-bb-True,run_M0092_1dli_cond6_13-atomized-bb-True.pdb,0,40,True,True,True
M0092_1dli,rfflow_fixed-ligand_run_M0092_1dli_cond6_14-atomized-bb-True,run_M0092_1dli_cond6_14-atomized-bb-True.pdb,0,40,True,True,True
M0092_1dli,rfflow_fixed-ligand_run_M0092_1dli_cond6_15-atomized-bb-True,run_M0092_1dli_cond6_15-atomized-bb-True.pdb,0,40,True,True,True
M0092_1dli,rfflow_fixed-ligand_run_M0092_1dli_cond6_16-atomized-bb-True,run_M0092_1dli_cond6_16-atomized-bb-True.pdb,0,40,True,True,True
M0092_1dli,rfflow_fixed-ligand_run_M0092_1dli_cond6_17-atomized-bb-True,run_M0092_1dli_cond6_17-atomized-bb-True.pdb,0,40,True,True,True
M0092_1dli,rfflow_fixed-ligand_run_M0092_1dli_cond6_18-atomized-bb-True,run_M0092_1dli_cond6_18-atomized-bb-True.pdb,0,40,True,True,True
M0092_1dli,rfflow_fixed-ligand_run_M0092_1dli_cond6_19-atomized-bb-True,run_M0092_1dli_cond6_19-atomized-bb-True.pdb,0,40,True,True,True
M0092_1dli,rfflow_fixed-ligand_run_M0092_1dli_cond6_2-atomized-bb-True,run_M0092_1dli_cond6_2-atomized-bb-True.pdb,0,40,True,True,True
M0092_1dli,rfflow_fixed-ligand_run_M0092_1dli_cond6_20-atomized-bb-True,run_M0092_1dli_cond6_20-atomized-bb-True.pdb,0,40,True,False,False
M0092_1dli,rfflow_fixed-ligand_run_M0092_1dli_cond6_21-atomized-bb-True,run_M0092_1dli_cond6_21-atomized-bb-True.pdb,0,40,True,True,True
M0092_1dli,rfflow_fixed-ligand_run_M0092_1dli_cond6_22-atomized-bb-True,run_M0092_1dli_cond6_22-atomized-bb-True.pdb,0,40,True,True,True
M0092_1dli,rfflow_fixed-ligand_run_M0092_1dli_cond6_23-atomized-bb-True,run_M0092_1dli_cond6_23-atomized-bb-True.pdb,0,40,True,False,False
M0092_1dli,rfflow_fixed-ligand_run_M0092_1dli_cond6_24-atomized-bb-True,run_M0092_1dli_cond6_24-atomized-bb-True.pdb,0,40,True,True,True
M0092_1dli,rfflow_fixed-ligand_run_M0092_1dli_cond6_25-atomized-bb-True,run_M0092_1dli_cond6_25-atomized-bb-True.pdb,0,40,True,True,True
M0092_1dli,rfflow_fixed-ligand_run_M0092_1dli_cond6_26-atomized-bb-True,run_M0092_1dli_cond6_26-atomized-bb-True.pdb,0,40,True,True,True
M0092_1dli,rfflow_fixed-ligand_run_M0092_1dli_cond6_27-atomized-bb-True,run_M0092_1dli_cond6_27-atomized-bb-True.pdb,0,40,True,True,True
M0092_1dli,rfflow_fixed-ligand_run_M0092_1dli_cond6_28-atomized-bb-True,run_M0092_1dli_cond6_28-atomized-bb-True.pdb,0,40,True,True,True
M0092_1dli,rfflow_fixed-ligand_run_M0092_1dli_cond6_29-atomized-bb-True,run_M0092_1dli_cond6_29-atomized-bb-True.pdb,0,40,True,True,True
M0092_1dli,rfflow_fixed-ligand_run_M0092_1dli_cond6_3-atomized-bb-True,run_M0092_1dli_cond6_3-atomized-bb-True.pdb,0,40,True,True,True
M0092_1dli,rfflow_fixed-ligand_run_M0092_1dli_cond6_30-atomized-bb-True,run_M0092_1dli_cond6_30-atomized-bb-True.pdb,0,40,True,True,True
M0092_1dli,rfflow_fixed-ligand_run_M0092_1dli_cond6_31-atomized-bb-True,run_M0092_1dli_cond6_31-atomized-bb-True.pdb,0,40,True,True,True
M0092_1dli,rfflow_fixed-ligand_run_M0092_1dli_cond6_32-atomized-bb-True,run_M0092_1dli_cond6_32-atomized-bb-True.pdb,0,40,True,False,False
M0092_1dli,rfflow_fixed-ligand_run_M0092_1dli_cond6_33-atomized-bb-True,run_M0092_1dli_cond6_33-atomized-bb-True.pdb,0,40,True,True,True
M0092_1dli,rfflow_fixed-ligand_run_M0092_1dli_cond6_34-atomized-bb-True,run_M0092_1dli_cond6_34-atomized-bb-True.pdb,0,40,True,True,True
M0092_1dli,rfflow_fixed-ligand_run_M0092_1dli_cond6_35-atomized-bb-True,run_M0092_1dli_cond6_35-atomized-bb-True.pdb,0,40,True,True,True
M0092_1dli,rfflow_fixed-ligand_run_M0092_1dli_cond6_36-atomized-bb-True,run_M0092_1dli_cond6_36-atomized-bb-True.pdb,0,40,True,True,True
M0092_1dli,rfflow_fixed-ligand_run_M0092_1dli_cond6_37-atomized-bb-True,run_M0092_1dli_cond6_37-atomized-bb-True.pdb,0,40,True,True,True
M0092_1dli,rfflow_fixed-ligand_run_M0092_1dli_cond6_38-atomized-bb-True,run_M0092_1dli_cond6_38-atomized-bb-True.pdb,0,40,True,True,True
M0092_1dli,rfflow_fixed-ligand_run_M0092_1dli_cond6_39-atomized-bb-True,run_M0092_1dli_cond6_39-atomized-bb-True.pdb,0,40,True,True,True
M0092_1dli,rfflow_fixed-ligand_run_M0092_1dli_cond6_4-atomized-bb-True,run_M0092_1dli_cond6_4-atomized-bb-True.pdb,0,40,True,True,True
M0092_1dli,rfflow_fixed-ligand_run_M0092_1dli_cond6_40-atomized-bb-True,run_M0092_1dli_cond6_40-atomized-bb-True.pdb,0,40,True,False,False
M0092_1dli,rfflow_fixed-ligand_run_M0092_1dli_cond6_41-atomized-bb-True,run_M0092_1dli_cond6_41-atomized-bb-True.pdb,0,40,True,True,True
M0092_1dli,rfflow_fixed-ligand_run_M0092_1dli_cond6_42-atomized-bb-True,run_M0092_1dli_cond6_42-atomized-bb-True.pdb,0,40,True,True,True
M0092_1dli,rfflow_fixed-ligand_run_M0092_1dli_cond6_43-atomized-bb-True,run_M0092_1dli_cond6_43-atomized-bb-True.pdb,0,40,True,True,True
M0092_1dli,rfflow_fixed-ligand_run_M0092_1dli_cond6_44-atomized-bb-True,run_M0092_1dli_cond6_44-atomized-bb-True.pdb,0,40,True,True,True
M0092_1dli,rfflow_fixed-ligand_run_M0092_1dli_cond6_45-atomized-bb-True,run_M0092_1dli_cond6_45-atomized-bb-True.pdb,0,40,True,False,False
M0092_1dli,rfflow_fixed-ligand_run_M0092_1dli_cond6_46-atomized-bb-True,run_M0092_1dli_cond6_46-atomized-bb-True.pdb,0,40,True,True,True
M0092_1dli,rfflow_fixed-ligand_run_M0092_1dli_cond6_47-atomized-bb-True,run_M0092_1dli_cond6_47-atomized-bb-True.pdb,0,40,True,False,False
M0092_1dli,rfflow_fixed-ligand_run_M0092_1dli_cond6_48-atomized-bb-True,run_M0092_1dli_cond6_48-atomized-bb-True.pdb,0,40,True,True,True
M0092_1dli,rfflow_fixed-ligand_run_M0092_1dli_cond6_49-atomized-bb-True,run_M0092_1dli_cond6_49-atomized-bb-True.pdb,0,40,True,False,False
M0092_1dli,rfflow_fixed-ligand_run_M0092_1dli_cond6_5-atomized-bb-True,run_M0092_1dli_cond6_5-atomized-bb-True.pdb,0,40,True,True,True
M0092_1dli,rfflow_fixed-ligand_run_M0092_1dli_cond6_50-atomized-bb-True,run_M0092_1dli_cond6_50-atomized-bb-True.pdb,0,40,True,False,False
M0092_1dli,rfflow_fixed-ligand_run_M0092_1dli_cond6_51-atomized-bb-True,run_M0092_1dli_cond6_51-atomized-bb-True.pdb,0,40,True,True,True
M0092_1dli,rfflow_fixed-ligand_run_M0092_1dli_cond6_52-atomized-bb-True,run_M0092_1dli_cond6_52-atomized-bb-True.pdb,0,40,True,True,True
M0092_1dli,rfflow_fixed-ligand_run_M0092_1dli_cond6_53-atomized-bb-True,run_M0092_1dli_cond6_53-atomized-bb-True.pdb,0,40,True,True,True
M0092_1dli,rfflow_fixed-ligand_run_M0092_1dli_cond6_54-atomized-bb-True,run_M0092_1dli_cond6_54-atomized-bb-True.pdb,0,40,True,False,False
M0092_1dli,rfflow_fixed-ligand_run_M0092_1dli_cond6_55-atomized-bb-True,run_M0092_1dli_cond6_55-atomized-bb-True.pdb,0,40,True,True,True
M0092_1dli,rfflow_fixed-ligand_run_M0092_1dli_cond6_56-atomized-bb-True,run_M0092_1dli_cond6_56-atomized-bb-True.pdb,0,40,True,True,True
M0092_1dli,rfflow_fixed-ligand_run_M0092_1dli_cond6_57-atomized-bb-True,run_M0092_1dli_cond6_57-atomized-bb-True.pdb,0,40,True,True,True
M0092_1dli,rfflow_fixed-ligand_run_M0092_1dli_cond6_58-atomized-bb-True,run_M0092_1dli_cond6_58-atomized-bb-True.pdb,0,40,True,True,True
M0092_1dli,rfflow_fixed-ligand_run_M0092_1dli_cond6_59-atomized-bb-True,run_M0092_1dli_cond6_59-atomized-bb-True.pdb,0,40,True,True,True
M0092_1dli,rfflow_fixed-ligand_run_M0092_1dli_cond6_6-atomized-bb-True,run_M0092_1dli_cond6_6-atomized-bb-True.pdb,0,40,True,False,False
M0092_1dli,rfflow_fixed-ligand_run_M0092_1dli_cond6_60-atomized-bb-True,run_M0092_1dli_cond6_60-atomized-bb-True.pdb,0,40,True,True,True
M0092_1dli,rfflow_fixed-ligand_run_M0092_1dli_cond6_61-atomized-bb-True,run_M0092_1dli_cond6_61-atomized-bb-True.pdb,0,40,True,True,True
M0092_1dli,rfflow_fixed-ligand_run_M0092_1dli_cond6_62-atomized-bb-True,run_M0092_1dli_cond6_62-atomized-bb-True.pdb,0,40,True,True,True
M0092_1dli,rfflow_fixed-ligand_run_M0092_1dli_cond6_63-atomized-bb-True,run_M0092_1dli_cond6_63-atomized-bb-True.pdb,0,40,True,True,True
M0092_1dli,rfflow_fixed-ligand_run_M0092_1dli_cond6_64-atomized-bb-True,run_M0092_1dli_cond6_64-atomized-bb-True.pdb,0,40,True,True,True
M0092_1dli,rfflow_fixed-ligand_run_M0092_1dli_cond6_65-atomized-bb-True,run_M0092_1dli_cond6_65-atomized-bb-True.pdb,0,40,True,True,True
M0092_1dli,rfflow_fixed-ligand_run_M0092_1dli_cond6_66-atomized-bb-True,run_M0092_1dli_cond6_66-atomized-bb-True.pdb,0,40,True,True,True
M0092_1dli,rfflow_fixed-ligand_run_M0092_1dli_cond6_67-atomized-bb-True,run_M0092_1dli_cond6_67-atomized-bb-True.pdb,0,40,True,False,False
M0092_1dli,rfflow_fixed-ligand_run_M0092_1dli_cond6_68-atomized-bb-True,run_M0092_1dli_cond6_68-atomized-bb-True.pdb,0,40,True,True,True
M0092_1dli,rfflow_fixed-ligand_run_M0092_1dli_cond6_69-atomized-bb-True,run_M0092_1dli_cond6_69-atomized-bb-True.pdb,0,40,True,True,True
M0092_1dli,rfflow_fixed-ligand_run_M0092_1dli_cond6_7-atomized-bb-True,run_M0092_1dli_cond6_7-atomized-bb-True.pdb,0,40,True,False,False
M0092_1dli,rfflow_fixed-ligand_run_M0092_1dli_cond6_70-atomized-bb-True,run_M0092_1dli_cond6_70-atomized-bb-True.pdb,0,40,True,True,True
M0092_1dli,rfflow_fixed-ligand_run_M0092_1dli_cond6_71-atomized-bb-True,run_M0092_1dli_cond6_71-atomized-bb-True.pdb,0,40,True,False,False
M0092_1dli,rfflow_fixed-ligand_run_M0092_1dli_cond6_72-atomized-bb-True,run_M0092_1dli_cond6_72-atomized-bb-True.pdb,0,40,True,True,True
M0092_1dli,rfflow_fixed-ligand_run_M0092_1dli_cond6_73-atomized-bb-True,run_M0092_1dli_cond6_73-atomized-bb-True.pdb,0,40,True,True,True
M0092_1dli,rfflow_fixed-ligand_run_M0092_1dli_cond6_74-atomized-bb-True,run_M0092_1dli_cond6_74-atomized-bb-True.pdb,0,40,True,False,False
M0092_1dli,rfflow_fixed-ligand_run_M0092_1dli_cond6_75-atomized-bb-True,run_M0092_1dli_cond6_75-atomized-bb-True.pdb,0,40,True,False,False
M0092_1dli,rfflow_fixed-ligand_run_M0092_1dli_cond6_76-atomized-bb-True,run_M0092_1dli_cond6_76-atomized-bb-True.pdb,0,40,True,True,True
M0092_1dli,rfflow_fixed-ligand_run_M0092_1dli_cond6_77-atomized-bb-True,run_M0092_1dli_cond6_77-atomized-bb-True.pdb,0,40,True,True,True
M0092_1dli,rfflow_fixed-ligand_run_M0092_1dli_cond6_78-atomized-bb-True,run_M0092_1dli_cond6_78-atomized-bb-True.pdb,0,40,True,True,True
M0092_1dli,rfflow_fixed-ligand_run_M0092_1dli_cond6_79-atomized-bb-True,run_M0092_1dli_cond6_79-atomized-bb-True.pdb,0,40,True,True,True
M0092_1dli,rfflow_fixed-ligand_run_M0092_1dli_cond6_8-atomized-bb-True,run_M0092_1dli_cond6_8-atomized-bb-True.pdb,0,40,True,True,True
M0092_1dli,rfflow_fixed-ligand_run_M0092_1dli_cond6_80-atomized-bb-True,run_M0092_1dli_cond6_80-atomized-bb-True.pdb,0,40,True,True,True
M0092_1dli,rfflow_fixed-ligand_run_M0092_1dli_cond6_81-atomized-bb-True,run_M0092_1dli_cond6_81-atomized-bb-True.pdb,0,40,True,True,True
M0092_1dli,rfflow_fixed-ligand_run_M0092_1dli_cond6_82-atomized-bb-True,run_M0092_1dli_cond6_82-atomized-bb-True.pdb,0,40,True,False,False
M0092_1dli,rfflow_fixed-ligand_run_M0092_1dli_cond6_83-atomized-bb-True,run_M0092_1dli_cond6_83-atomized-bb-True.pdb,0,40,True,False,False
M0092_1dli,rfflow_fixed-ligand_run_M0092_1dli_cond6_84-atomized-bb-True,run_M0092_1dli_cond6_84-atomized-bb-True.pdb,0,40,True,True,True
M0092_1dli,rfflow_fixed-ligand_run_M0092_1dli_cond6_85-atomized-bb-True,run_M0092_1dli_cond6_85-atomized-bb-True.pdb,0,40,True,True,True
M0092_1dli,rfflow_fixed-ligand_run_M0092_1dli_cond6_86-atomized-bb-True,run_M0092_1dli_cond6_86-atomized-bb-True.pdb,0,40,True,True,True
M0092_1dli,rfflow_fixed-ligand_run_M0092_1dli_cond6_87-atomized-bb-True,run_M0092_1dli_cond6_87-atomized-bb-True.pdb,3,40,False,True,False
M0092_1dli,rfflow_fixed-ligand_run_M0092_1dli_cond6_88-atomized-bb-True,run_M0092_1dli_cond6_88-atomized-bb-True.pdb,0,40,True,True,True
M0092_1dli,rfflow_fixed-ligand_run_M0092_1dli_cond6_89-atomized-bb-True,run_M0092_1dli_cond6_89-atomized-bb-True.pdb,0,40,True,True,True
M0092_1dli,rfflow_fixed-ligand_run_M0092_1dli_cond6_9-atomized-bb-True,run_M0092_1dli_cond6_9-atomized-bb-True.pdb,0,40,True,False,False
M0092_1dli,rfflow_fixed-ligand_run_M0092_1dli_cond6_90-atomized-bb-True,run_M0092_1dli_cond6_90-atomized-bb-True.pdb,0,40,True,True,True
M0092_1dli,rfflow_fixed-ligand_run_M0092_1dli_cond6_91-atomized-bb-True,run_M0092_1dli_cond6_91-atomized-bb-True.pdb,0,40,True,True,True
M0092_1dli,rfflow_fixed-ligand_run_M0092_1dli_cond6_92-atomized-bb-True,run_M0092_1dli_cond6_92-atomized-bb-True.pdb,0,40,True,True,True
M0092_1dli,rfflow_fixed-ligand_run_M0092_1dli_cond6_93-atomized-bb-True,run_M0092_1dli_cond6_93-atomized-bb-True.pdb,0,40,True,True,True
M0092_1dli,rfflow_fixed-ligand_run_M0092_1dli_cond6_94-atomized-bb-True,run_M0092_1dli_cond6_94-atomized-bb-True.pdb,0,40,True,True,True
M0092_1dli,rfflow_fixed-ligand_run_M0092_1dli_cond6_95-atomized-bb-True,run_M0092_1dli_cond6_95-atomized-bb-True.pdb,0,40,True,True,True
M0092_1dli,rfflow_fixed-ligand_run_M0092_1dli_cond6_96-atomized-bb-True,run_M0092_1dli_cond6_96-atomized-bb-True.pdb,0,40,True,False,False
M0092_1dli,rfflow_fixed-ligand_run_M0092_1dli_cond6_97-atomized-bb-True,run_M0092_1dli_cond6_97-atomized-bb-True.pdb,0,40,True,True,True
M0092_1dli,rfflow_fixed-ligand_run_M0092_1dli_cond6_98-atomized-bb-True,run_M0092_1dli_cond6_98-atomized-bb-True.pdb,0,40,True,True,True
M0092_1dli,rfflow_fixed-ligand_run_M0092_1dli_cond6_99-atomized-bb-True,run_M0092_1dli_cond6_99-atomized-bb-True.pdb,0,40,True,True,True
M0093_1dqa,rfflow_fixed-ligand_run_M0093_1dqa_cond7_0-atomized-bb-True,run_M0093_1dqa_cond7_0-atomized-bb-True.pdb,7,40,False,True,False
M0093_1dqa,rfflow_fixed-ligand_run_M0093_1dqa_cond7_1-atomized-bb-True,run_M0093_1dqa_cond7_1-atomized-bb-True.pdb,0,40,True,True,True
M0093_1dqa,rfflow_fixed-ligand_run_M0093_1dqa_cond7_10-atomized-bb-True,run_M0093_1dqa_cond7_10-atomized-bb-True.pdb,0,40,True,True,True
M0093_1dqa,rfflow_fixed-ligand_run_M0093_1dqa_cond7_11-atomized-bb-True,run_M0093_1dqa_cond7_11-atomized-bb-True.pdb,0,40,True,True,True
M0093_1dqa,rfflow_fixed-ligand_run_M0093_1dqa_cond7_12-atomized-bb-True,run_M0093_1dqa_cond7_12-atomized-bb-True.pdb,0,40,True,True,True
M0093_1dqa,rfflow_fixed-ligand_run_M0093_1dqa_cond7_13-atomized-bb-True,run_M0093_1dqa_cond7_13-atomized-bb-True.pdb,0,40,True,False,False
M0093_1dqa,rfflow_fixed-ligand_run_M0093_1dqa_cond7_14-atomized-bb-True,run_M0093_1dqa_cond7_14-atomized-bb-True.pdb,0,40,True,True,True
M0093_1dqa,rfflow_fixed-ligand_run_M0093_1dqa_cond7_15-atomized-bb-True,run_M0093_1dqa_cond7_15-atomized-bb-True.pdb,0,40,True,True,True
M0093_1dqa,rfflow_fixed-ligand_run_M0093_1dqa_cond7_16-atomized-bb-True,run_M0093_1dqa_cond7_16-atomized-bb-True.pdb,0,40,True,True,True
M0093_1dqa,rfflow_fixed-ligand_run_M0093_1dqa_cond7_17-atomized-bb-True,run_M0093_1dqa_cond7_17-atomized-bb-True.pdb,0,40,True,True,True
M0093_1dqa,rfflow_fixed-ligand_run_M0093_1dqa_cond7_18-atomized-bb-True,run_M0093_1dqa_cond7_18-atomized-bb-True.pdb,0,40,True,True,True
M0093_1dqa,rfflow_fixed-ligand_run_M0093_1dqa_cond7_19-atomized-bb-True,run_M0093_1dqa_cond7_19-atomized-bb-True.pdb,0,40,True,True,True
M0093_1dqa,rfflow_fixed-ligand_run_M0093_1dqa_cond7_2-atomized-bb-True,run_M0093_1dqa_cond7_2-atomized-bb-True.pdb,0,40,True,True,True
M0093_1dqa,rfflow_fixed-ligand_run_M0093_1dqa_cond7_20-atomized-bb-True,run_M0093_1dqa_cond7_20-atomized-bb-True.pdb,0,40,True,False,False
M0093_1dqa,rfflow_fixed-ligand_run_M0093_1dqa_cond7_21-atomized-bb-True,run_M0093_1dqa_cond7_21-atomized-bb-True.pdb,0,40,True,True,True
M0093_1dqa,rfflow_fixed-ligand_run_M0093_1dqa_cond7_22-atomized-bb-True,run_M0093_1dqa_cond7_22-atomized-bb-True.pdb,0,40,True,True,True
M0093_1dqa,rfflow_fixed-ligand_run_M0093_1dqa_cond7_23-atomized-bb-True,run_M0093_1dqa_cond7_23-atomized-bb-True.pdb,0,40,True,True,True
M0093_1dqa,rfflow_fixed-ligand_run_M0093_1dqa_cond7_24-atomized-bb-True,run_M0093_1dqa_cond7_24-atomized-bb-True.pdb,0,40,True,True,True
M0093_1dqa,rfflow_fixed-ligand_run_M0093_1dqa_cond7_25-atomized-bb-True,run_M0093_1dqa_cond7_25-atomized-bb-True.pdb,0,40,True,True,True
M0093_1dqa,rfflow_fixed-ligand_run_M0093_1dqa_cond7_26-atomized-bb-True,run_M0093_1dqa_cond7_26-atomized-bb-True.pdb,0,40,True,True,True
M0093_1dqa,rfflow_fixed-ligand_run_M0093_1dqa_cond7_27-atomized-bb-True,run_M0093_1dqa_cond7_27-atomized-bb-True.pdb,7,40,False,True,False
M0093_1dqa,rfflow_fixed-ligand_run_M0093_1dqa_cond7_28-atomized-bb-True,run_M0093_1dqa_cond7_28-atomized-bb-True.pdb,4,40,False,True,False
M0093_1dqa,rfflow_fixed-ligand_run_M0093_1dqa_cond7_29-atomized-bb-True,run_M0093_1dqa_cond7_29-atomized-bb-True.pdb,0,40,True,True,True
M0093_1dqa,rfflow_fixed-ligand_run_M0093_1dqa_cond7_3-atomized-bb-True,run_M0093_1dqa_cond7_3-atomized-bb-True.pdb,0,40,True,True,True
M0093_1dqa,rfflow_fixed-ligand_run_M0093_1dqa_cond7_30-atomized-bb-True,run_M0093_1dqa_cond7_30-atomized-bb-True.pdb,0,40,True,True,True
M0093_1dqa,rfflow_fixed-ligand_run_M0093_1dqa_cond7_31-atomized-bb-True,run_M0093_1dqa_cond7_31-atomized-bb-True.pdb,0,40,True,True,True
M0093_1dqa,rfflow_fixed-ligand_run_M0093_1dqa_cond7_32-atomized-bb-True,run_M0093_1dqa_cond7_32-atomized-bb-True.pdb,0,40,True,True,True
M0093_1dqa,rfflow_fixed-ligand_run_M0093_1dqa_cond7_33-atomized-bb-True,run_M0093_1dqa_cond7_33-atomized-bb-True.pdb,0,40,True,False,False
M0093_1dqa,rfflow_fixed-ligand_run_M0093_1dqa_cond7_34-atomized-bb-True,run_M0093_1dqa_cond7_34-atomized-bb-True.pdb,0,40,True,True,True
M0093_1dqa,rfflow_fixed-ligand_run_M0093_1dqa_cond7_35-atomized-bb-True,run_M0093_1dqa_cond7_35-atomized-bb-True.pdb,0,40,True,True,True
M0093_1dqa,rfflow_fixed-ligand_run_M0093_1dqa_cond7_36-atomized-bb-True,run_M0093_1dqa_cond7_36-atomized-bb-True.pdb,0,40,True,False,False
M0093_1dqa,rfflow_fixed-ligand_run_M0093_1dqa_cond7_37-atomized-bb-True,run_M0093_1dqa_cond7_37-atomized-bb-True.pdb,0,40,True,True,True
M0093_1dqa,rfflow_fixed-ligand_run_M0093_1dqa_cond7_38-atomized-bb-True,run_M0093_1dqa_cond7_38-atomized-bb-True.pdb,0,40,True,True,True
M0093_1dqa,rfflow_fixed-ligand_run_M0093_1dqa_cond7_39-atomized-bb-True,run_M0093_1dqa_cond7_39-atomized-bb-True.pdb,0,40,True,True,True
M0093_1dqa,rfflow_fixed-ligand_run_M0093_1dqa_cond7_4-atomized-bb-True,run_M0093_1dqa_cond7_4-atomized-bb-True.pdb,0,40,True,True,True
M0093_1dqa,rfflow_fixed-ligand_run_M0093_1dqa_cond7_40-atomized-bb-True,run_M0093_1dqa_cond7_40-atomized-bb-True.pdb,0,40,True,True,True
M0093_1dqa,rfflow_fixed-ligand_run_M0093_1dqa_cond7_41-atomized-bb-True,run_M0093_1dqa_cond7_41-atomized-bb-True.pdb,0,40,True,True,True
M0093_1dqa,rfflow_fixed-ligand_run_M0093_1dqa_cond7_42-atomized-bb-True,run_M0093_1dqa_cond7_42-atomized-bb-True.pdb,0,40,True,True,True
M0093_1dqa,rfflow_fixed-ligand_run_M0093_1dqa_cond7_43-atomized-bb-True,run_M0093_1dqa_cond7_43-atomized-bb-True.pdb,0,40,True,True,True
M0093_1dqa,rfflow_fixed-ligand_run_M0093_1dqa_cond7_44-atomized-bb-True,run_M0093_1dqa_cond7_44-atomized-bb-True.pdb,8,40,False,True,False
M0093_1dqa,rfflow_fixed-ligand_run_M0093_1dqa_cond7_45-atomized-bb-True,run_M0093_1dqa_cond7_45-atomized-bb-True.pdb,0,40,True,False,False
M0093_1dqa,rfflow_fixed-ligand_run_M0093_1dqa_cond7_46-atomized-bb-True,run_M0093_1dqa_cond7_46-atomized-bb-True.pdb,0,40,True,True,True
M0093_1dqa,rfflow_fixed-ligand_run_M0093_1dqa_cond7_47-atomized-bb-True,run_M0093_1dqa_cond7_47-atomized-bb-True.pdb,0,40,True,True,True
M0093_1dqa,rfflow_fixed-ligand_run_M0093_1dqa_cond7_48-atomized-bb-True,run_M0093_1dqa_cond7_48-atomized-bb-True.pdb,0,40,True,True,True
M0093_1dqa,rfflow_fixed-ligand_run_M0093_1dqa_cond7_49-atomized-bb-True,run_M0093_1dqa_cond7_49-atomized-bb-True.pdb,0,40,True,True,True
M0093_1dqa,rfflow_fixed-ligand_run_M0093_1dqa_cond7_5-atomized-bb-True,run_M0093_1dqa_cond7_5-atomized-bb-True.pdb,0,40,True,True,True
M0093_1dqa,rfflow_fixed-ligand_run_M0093_1dqa_cond7_50-atomized-bb-True,run_M0093_1dqa_cond7_50-atomized-bb-True.pdb,0,40,True,False,False
M0093_1dqa,rfflow_fixed-ligand_run_M0093_1dqa_cond7_51-atomized-bb-True,run_M0093_1dqa_cond7_51-atomized-bb-True.pdb,0,40,True,True,True
M0093_1dqa,rfflow_fixed-ligand_run_M0093_1dqa_cond7_52-atomized-bb-True,run_M0093_1dqa_cond7_52-atomized-bb-True.pdb,4,40,False,True,False
M0093_1dqa,rfflow_fixed-ligand_run_M0093_1dqa_cond7_53-atomized-bb-True,run_M0093_1dqa_cond7_53-atomized-bb-True.pdb,0,40,True,True,True
M0093_1dqa,rfflow_fixed-ligand_run_M0093_1dqa_cond7_54-atomized-bb-True,run_M0093_1dqa_cond7_54-atomized-bb-True.pdb,1,40,False,True,False
M0093_1dqa,rfflow_fixed-ligand_run_M0093_1dqa_cond7_55-atomized-bb-True,run_M0093_1dqa_cond7_55-atomized-bb-True.pdb,0,40,True,True,True
M0093_1dqa,rfflow_fixed-ligand_run_M0093_1dqa_cond7_56-atomized-bb-True,run_M0093_1dqa_cond7_56-atomized-bb-True.pdb,2,40,False,True,False
M0093_1dqa,rfflow_fixed-ligand_run_M0093_1dqa_cond7_57-atomized-bb-True,run_M0093_1dqa_cond7_57-atomized-bb-True.pdb,0,40,True,True,True
M0093_1dqa,rfflow_fixed-ligand_run_M0093_1dqa_cond7_58-atomized-bb-True,run_M0093_1dqa_cond7_58-atomized-bb-True.pdb,0,40,True,True,True
M0093_1dqa,rfflow_fixed-ligand_run_M0093_1dqa_cond7_59-atomized-bb-True,run_M0093_1dqa_cond7_59-atomized-bb-True.pdb,0,40,True,True,True
M0093_1dqa,rfflow_fixed-ligand_run_M0093_1dqa_cond7_6-atomized-bb-True,run_M0093_1dqa_cond7_6-atomized-bb-True.pdb,0,40,True,True,True
M0093_1dqa,rfflow_fixed-ligand_run_M0093_1dqa_cond7_60-atomized-bb-True,run_M0093_1dqa_cond7_60-atomized-bb-True.pdb,0,40,True,True,True
M0093_1dqa,rfflow_fixed-ligand_run_M0093_1dqa_cond7_61-atomized-bb-True,run_M0093_1dqa_cond7_61-atomized-bb-True.pdb,0,40,True,True,True
M0093_1dqa,rfflow_fixed-ligand_run_M0093_1dqa_cond7_62-atomized-bb-True,run_M0093_1dqa_cond7_62-atomized-bb-True.pdb,1,40,False,True,False
M0093_1dqa,rfflow_fixed-ligand_run_M0093_1dqa_cond7_63-atomized-bb-True,run_M0093_1dqa_cond7_63-atomized-bb-True.pdb,0,40,True,True,True
M0093_1dqa,rfflow_fixed-ligand_run_M0093_1dqa_cond7_64-atomized-bb-True,run_M0093_1dqa_cond7_64-atomized-bb-True.pdb,0,40,True,True,True
M0093_1dqa,rfflow_fixed-ligand_run_M0093_1dqa_cond7_65-atomized-bb-True,run_M0093_1dqa_cond7_65-atomized-bb-True.pdb,0,40,True,True,True
M0093_1dqa,rfflow_fixed-ligand_run_M0093_1dqa_cond7_66-atomized-bb-True,run_M0093_1dqa_cond7_66-atomized-bb-True.pdb,0,40,True,True,True
M0093_1dqa,rfflow_fixed-ligand_run_M0093_1dqa_cond7_67-atomized-bb-True,run_M0093_1dqa_cond7_67-atomized-bb-True.pdb,0,40,True,True,True
M0093_1dqa,rfflow_fixed-ligand_run_M0093_1dqa_cond7_68-atomized-bb-True,run_M0093_1dqa_cond7_68-atomized-bb-True.pdb,0,40,True,True,True
M0093_1dqa,rfflow_fixed-ligand_run_M0093_1dqa_cond7_69-atomized-bb-True,run_M0093_1dqa_cond7_69-atomized-bb-True.pdb,0,40,True,True,True
M0093_1dqa,rfflow_fixed-ligand_run_M0093_1dqa_cond7_7-atomized-bb-True,run_M0093_1dqa_cond7_7-atomized-bb-True.pdb,0,40,True,True,True
M0093_1dqa,rfflow_fixed-ligand_run_M0093_1dqa_cond7_70-atomized-bb-True,run_M0093_1dqa_cond7_70-atomized-bb-True.pdb,0,40,True,True,True
M0093_1dqa,rfflow_fixed-ligand_run_M0093_1dqa_cond7_71-atomized-bb-True,run_M0093_1dqa_cond7_71-atomized-bb-True.pdb,0,40,True,True,True
M0093_1dqa,rfflow_fixed-ligand_run_M0093_1dqa_cond7_72-atomized-bb-True,run_M0093_1dqa_cond7_72-atomized-bb-True.pdb,0,40,True,True,True
M0093_1dqa,rfflow_fixed-ligand_run_M0093_1dqa_cond7_73-atomized-bb-True,run_M0093_1dqa_cond7_73-atomized-bb-True.pdb,0,40,True,True,True
M0093_1dqa,rfflow_fixed-ligand_run_M0093_1dqa_cond7_74-atomized-bb-True,run_M0093_1dqa_cond7_74-atomized-bb-True.pdb,0,40,True,False,False
M0093_1dqa,rfflow_fixed-ligand_run_M0093_1dqa_cond7_75-atomized-bb-True,run_M0093_1dqa_cond7_75-atomized-bb-True.pdb,0,40,True,True,True
M0093_1dqa,rfflow_fixed-ligand_run_M0093_1dqa_cond7_76-atomized-bb-True,run_M0093_1dqa_cond7_76-atomized-bb-True.pdb,0,40,True,True,True
M0093_1dqa,rfflow_fixed-ligand_run_M0093_1dqa_cond7_77-atomized-bb-True,run_M0093_1dqa_cond7_77-atomized-bb-True.pdb,0,40,True,True,True
M0093_1dqa,rfflow_fixed-ligand_run_M0093_1dqa_cond7_78-atomized-bb-True,run_M0093_1dqa_cond7_78-atomized-bb-True.pdb,0,40,True,True,True
M0093_1dqa,rfflow_fixed-ligand_run_M0093_1dqa_cond7_79-atomized-bb-True,run_M0093_1dqa_cond7_79-atomized-bb-True.pdb,0,40,True,True,True
M0093_1dqa,rfflow_fixed-ligand_run_M0093_1dqa_cond7_8-atomized-bb-True,run_M0093_1dqa_cond7_8-atomized-bb-True.pdb,0,40,True,True,True
M0093_1dqa,rfflow_fixed-ligand_run_M0093_1dqa_cond7_80-atomized-bb-True,run_M0093_1dqa_cond7_80-atomized-bb-True.pdb,0,40,True,True,True
M0093_1dqa,rfflow_fixed-ligand_run_M0093_1dqa_cond7_81-atomized-bb-True,run_M0093_1dqa_cond7_81-atomized-bb-True.pdb,4,40,False,True,False
M0093_1dqa,rfflow_fixed-ligand_run_M0093_1dqa_cond7_82-atomized-bb-True,run_M0093_1dqa_cond7_82-atomized-bb-True.pdb,0,40,True,True,True
M0093_1dqa,rfflow_fixed-ligand_run_M0093_1dqa_cond7_83-atomized-bb-True,run_M0093_1dqa_cond7_83-atomized-bb-True.pdb,0,40,True,True,True
M0093_1dqa,rfflow_fixed-ligand_run_M0093_1dqa_cond7_84-atomized-bb-True,run_M0093_1dqa_cond7_84-atomized-bb-True.pdb,0,40,True,True,True
M0093_1dqa,rfflow_fixed-ligand_run_M0093_1dqa_cond7_85-atomized-bb-True,run_M0093_1dqa_cond7_85-atomized-bb-True.pdb,3,40,False,True,False
M0093_1dqa,rfflow_fixed-ligand_run_M0093_1dqa_cond7_86-atomized-bb-True,run_M0093_1dqa_cond7_86-atomized-bb-True.pdb,0,40,True,True,True
M0093_1dqa,rfflow_fixed-ligand_run_M0093_1dqa_cond7_87-atomized-bb-True,run_M0093_1dqa_cond7_87-atomized-bb-True.pdb,0,40,True,True,True
M0093_1dqa,rfflow_fixed-ligand_run_M0093_1dqa_cond7_88-atomized-bb-True,run_M0093_1dqa_cond7_88-atomized-bb-True.pdb,0,40,True,False,False
M0093_1dqa,rfflow_fixed-ligand_run_M0093_1dqa_cond7_89-atomized-bb-True,run_M0093_1dqa_cond7_89-atomized-bb-True.pdb,0,40,True,True,True
M0093_1dqa,rfflow_fixed-ligand_run_M0093_1dqa_cond7_9-atomized-bb-True,run_M0093_1dqa_cond7_9-atomized-bb-True.pdb,0,40,True,True,True
M0093_1dqa,rfflow_fixed-ligand_run_M0093_1dqa_cond7_90-atomized-bb-True,run_M0093_1dqa_cond7_90-atomized-bb-True.pdb,0,40,True,True,True
M0093_1dqa,rfflow_fixed-ligand_run_M0093_1dqa_cond7_91-atomized-bb-True,run_M0093_1dqa_cond7_91-atomized-bb-True.pdb,3,40,False,True,False
M0093_1dqa,rfflow_fixed-ligand_run_M0093_1dqa_cond7_92-atomized-bb-True,run_M0093_1dqa_cond7_92-atomized-bb-True.pdb,0,40,True,True,True
M0093_1dqa,rfflow_fixed-ligand_run_M0093_1dqa_cond7_93-atomized-bb-True,run_M0093_1dqa_cond7_93-atomized-bb-True.pdb,0,40,True,True,True
M0093_1dqa,rfflow_fixed-ligand_run_M0093_1dqa_cond7_94-atomized-bb-True,run_M0093_1dqa_cond7_94-atomized-bb-True.pdb,0,40,True,True,True
M0093_1dqa,rfflow_fixed-ligand_run_M0093_1dqa_cond7_95-atomized-bb-True,run_M0093_1dqa_cond7_95-atomized-bb-True.pdb,0,40,True,True,True
M0093_1dqa,rfflow_fixed-ligand_run_M0093_1dqa_cond7_96-atomized-bb-True,run_M0093_1dqa_cond7_96-atomized-bb-True.pdb,4,40,False,True,False
M0093_1dqa,rfflow_fixed-ligand_run_M0093_1dqa_cond7_97-atomized-bb-True,run_M0093_1dqa_cond7_97-atomized-bb-True.pdb,0,40,True,True,True
M0093_1dqa,rfflow_fixed-ligand_run_M0093_1dqa_cond7_98-atomized-bb-True,run_M0093_1dqa_cond7_98-atomized-bb-True.pdb,0,40,True,True,True
M0093_1dqa,rfflow_fixed-ligand_run_M0093_1dqa_cond7_99-atomized-bb-True,run_M0093_1dqa_cond7_99-atomized-bb-True.pdb,0,40,True,True,True
M0096_1chm,rfflow_fixed-ligand_run_M0096_1chm_cond8_0-atomized-bb-True,run_M0096_1chm_cond8_0-atomized-bb-True.pdb,0,40,True,True,True
M0096_1chm,rfflow_fixed-ligand_run_M0096_1chm_cond8_1-atomized-bb-True,run_M0096_1chm_cond8_1-atomized-bb-True.pdb,0,40,True,True,True
M0096_1chm,rfflow_fixed-ligand_run_M0096_1chm_cond8_10-atomized-bb-True,run_M0096_1chm_cond8_10-atomized-bb-True.pdb,0,40,True,True,True
M0096_1chm,rfflow_fixed-ligand_run_M0096_1chm_cond8_11-atomized-bb-True,run_M0096_1chm_cond8_11-atomized-bb-True.pdb,0,40,True,True,True
M0096_1chm,rfflow_fixed-ligand_run_M0096_1chm_cond8_12-atomized-bb-True,run_M0096_1chm_cond8_12-atomized-bb-True.pdb,0,40,True,True,True
M0096_1chm,rfflow_fixed-ligand_run_M0096_1chm_cond8_13-atomized-bb-True,run_M0096_1chm_cond8_13-atomized-bb-True.pdb,1,40,False,True,False
M0096_1chm,rfflow_fixed-ligand_run_M0096_1chm_cond8_14-atomized-bb-True,run_M0096_1chm_cond8_14-atomized-bb-True.pdb,1,40,False,True,False
M0096_1chm,rfflow_fixed-ligand_run_M0096_1chm_cond8_15-atomized-bb-True,run_M0096_1chm_cond8_15-atomized-bb-True.pdb,9,40,False,True,False
M0096_1chm,rfflow_fixed-ligand_run_M0096_1chm_cond8_16-atomized-bb-True,run_M0096_1chm_cond8_16-atomized-bb-True.pdb,11,40,False,True,False
M0096_1chm,rfflow_fixed-ligand_run_M0096_1chm_cond8_17-atomized-bb-True,run_M0096_1chm_cond8_17-atomized-bb-True.pdb,3,40,False,True,False
M0096_1chm,rfflow_fixed-ligand_run_M0096_1chm_cond8_18-atomized-bb-True,run_M0096_1chm_cond8_18-atomized-bb-True.pdb,0,40,True,True,True
M0096_1chm,rfflow_fixed-ligand_run_M0096_1chm_cond8_19-atomized-bb-True,run_M0096_1chm_cond8_19-atomized-bb-True.pdb,0,40,True,True,True
M0096_1chm,rfflow_fixed-ligand_run_M0096_1chm_cond8_2-atomized-bb-True,run_M0096_1chm_cond8_2-atomized-bb-True.pdb,0,40,True,True,True
M0096_1chm,rfflow_fixed-ligand_run_M0096_1chm_cond8_20-atomized-bb-True,run_M0096_1chm_cond8_20-atomized-bb-True.pdb,1,40,False,True,False
M0096_1chm,rfflow_fixed-ligand_run_M0096_1chm_cond8_21-atomized-bb-True,run_M0096_1chm_cond8_21-atomized-bb-True.pdb,0,40,True,True,True
M0096_1chm,rfflow_fixed-ligand_run_M0096_1chm_cond8_22-atomized-bb-True,run_M0096_1chm_cond8_22-atomized-bb-True.pdb,0,40,True,True,True
M0096_1chm,rfflow_fixed-ligand_run_M0096_1chm_cond8_23-atomized-bb-True,run_M0096_1chm_cond8_23-atomized-bb-True.pdb,0,40,True,True,True
M0096_1chm,rfflow_fixed-ligand_run_M0096_1chm_cond8_24-atomized-bb-True,run_M0096_1chm_cond8_24-atomized-bb-True.pdb,7,40,False,True,False
M0096_1chm,rfflow_fixed-ligand_run_M0096_1chm_cond8_25-atomized-bb-True,run_M0096_1chm_cond8_25-atomized-bb-True.pdb,6,40,False,True,False
M0096_1chm,rfflow_fixed-ligand_run_M0096_1chm_cond8_26-atomized-bb-True,run_M0096_1chm_cond8_26-atomized-bb-True.pdb,1,40,False,True,False
M0096_1chm,rfflow_fixed-ligand_run_M0096_1chm_cond8_27-atomized-bb-True,run_M0096_1chm_cond8_27-atomized-bb-True.pdb,0,40,True,True,True
M0096_1chm,rfflow_fixed-ligand_run_M0096_1chm_cond8_28-atomized-bb-True,run_M0096_1chm_cond8_28-atomized-bb-True.pdb,1,40,False,True,False
M0096_1chm,rfflow_fixed-ligand_run_M0096_1chm_cond8_29-atomized-bb-True,run_M0096_1chm_cond8_29-atomized-bb-True.pdb,8,40,False,True,False
M0096_1chm,rfflow_fixed-ligand_run_M0096_1chm_cond8_3-atomized-bb-True,run_M0096_1chm_cond8_3-atomized-bb-True.pdb,2,40,False,True,False
M0096_1chm,rfflow_fixed-ligand_run_M0096_1chm_cond8_30-atomized-bb-True,run_M0096_1chm_cond8_30-atomized-bb-True.pdb,0,40,True,True,True
M0096_1chm,rfflow_fixed-ligand_run_M0096_1chm_cond8_31-atomized-bb-True,run_M0096_1chm_cond8_31-atomized-bb-True.pdb,1,40,False,True,False
M0096_1chm,rfflow_fixed-ligand_run_M0096_1chm_cond8_32-atomized-bb-True,run_M0096_1chm_cond8_32-atomized-bb-True.pdb,12,40,False,True,False
M0096_1chm,rfflow_fixed-ligand_run_M0096_1chm_cond8_33-atomized-bb-True,run_M0096_1chm_cond8_33-atomized-bb-True.pdb,8,40,False,True,False
M0096_1chm,rfflow_fixed-ligand_run_M0096_1chm_cond8_34-atomized-bb-True,run_M0096_1chm_cond8_34-atomized-bb-True.pdb,11,40,False,True,False
M0096_1chm,rfflow_fixed-ligand_run_M0096_1chm_cond8_35-atomized-bb-True,run_M0096_1chm_cond8_35-atomized-bb-True.pdb,3,40,False,True,False
M0096_1chm,rfflow_fixed-ligand_run_M0096_1chm_cond8_36-atomized-bb-True,run_M0096_1chm_cond8_36-atomized-bb-True.pdb,1,40,False,True,False
M0096_1chm,rfflow_fixed-ligand_run_M0096_1chm_cond8_37-atomized-bb-True,run_M0096_1chm_cond8_37-atomized-bb-True.pdb,2,40,False,True,False
M0096_1chm,rfflow_fixed-ligand_run_M0096_1chm_cond8_38-atomized-bb-True,run_M0096_1chm_cond8_38-atomized-bb-True.pdb,0,40,True,True,True
M0096_1chm,rfflow_fixed-ligand_run_M0096_1chm_cond8_39-atomized-bb-True,run_M0096_1chm_cond8_39-atomized-bb-True.pdb,17,40,False,True,False
M0096_1chm,rfflow_fixed-ligand_run_M0096_1chm_cond8_4-atomized-bb-True,run_M0096_1chm_cond8_4-atomized-bb-True.pdb,0,40,True,True,True
M0096_1chm,rfflow_fixed-ligand_run_M0096_1chm_cond8_40-atomized-bb-True,run_M0096_1chm_cond8_40-atomized-bb-True.pdb,0,40,True,True,True
M0096_1chm,rfflow_fixed-ligand_run_M0096_1chm_cond8_41-atomized-bb-True,run_M0096_1chm_cond8_41-atomized-bb-True.pdb,0,40,True,True,True
M0096_1chm,rfflow_fixed-ligand_run_M0096_1chm_cond8_42-atomized-bb-True,run_M0096_1chm_cond8_42-atomized-bb-True.pdb,0,40,True,True,True
M0096_1chm,rfflow_fixed-ligand_run_M0096_1chm_cond8_43-atomized-bb-True,run_M0096_1chm_cond8_43-atomized-bb-True.pdb,0,40,True,True,True
M0096_1chm,rfflow_fixed-ligand_run_M0096_1chm_cond8_44-atomized-bb-True,run_M0096_1chm_cond8_44-atomized-bb-True.pdb,0,40,True,True,True
M0096_1chm,rfflow_fixed-ligand_run_M0096_1chm_cond8_45-atomized-bb-True,run_M0096_1chm_cond8_45-atomized-bb-True.pdb,0,40,True,True,True
M0096_1chm,rfflow_fixed-ligand_run_M0096_1chm_cond8_46-atomized-bb-True,run_M0096_1chm_cond8_46-atomized-bb-True.pdb,2,40,False,True,False
M0096_1chm,rfflow_fixed-ligand_run_M0096_1chm_cond8_47-atomized-bb-True,run_M0096_1chm_cond8_47-atomized-bb-True.pdb,0,40,True,True,True
M0096_1chm,rfflow_fixed-ligand_run_M0096_1chm_cond8_48-atomized-bb-True,run_M0096_1chm_cond8_48-atomized-bb-True.pdb,0,40,True,True,True
M0096_1chm,rfflow_fixed-ligand_run_M0096_1chm_cond8_49-atomized-bb-True,run_M0096_1chm_cond8_49-atomized-bb-True.pdb,0,40,True,True,True
M0096_1chm,rfflow_fixed-ligand_run_M0096_1chm_cond8_5-atomized-bb-True,run_M0096_1chm_cond8_5-atomized-bb-True.pdb,1,40,False,True,False
M0096_1chm,rfflow_fixed-ligand_run_M0096_1chm_cond8_50-atomized-bb-True,run_M0096_1chm_cond8_50-atomized-bb-True.pdb,0,40,True,True,True
M0096_1chm,rfflow_fixed-ligand_run_M0096_1chm_cond8_51-atomized-bb-True,run_M0096_1chm_cond8_51-atomized-bb-True.pdb,0,40,True,True,True
M0096_1chm,rfflow_fixed-ligand_run_M0096_1chm_cond8_52-atomized-bb-True,run_M0096_1chm_cond8_52-atomized-bb-True.pdb,1,40,False,True,False
M0096_1chm,rfflow_fixed-ligand_run_M0096_1chm_cond8_53-atomized-bb-True,run_M0096_1chm_cond8_53-atomized-bb-True.pdb,0,40,True,True,True
M0096_1chm,rfflow_fixed-ligand_run_M0096_1chm_cond8_54-atomized-bb-True,run_M0096_1chm_cond8_54-atomized-bb-True.pdb,25,40,False,True,False
M0096_1chm,rfflow_fixed-ligand_run_M0096_1chm_cond8_55-atomized-bb-True,run_M0096_1chm_cond8_55-atomized-bb-True.pdb,1,40,False,True,False
M0096_1chm,rfflow_fixed-ligand_run_M0096_1chm_cond8_56-atomized-bb-True,run_M0096_1chm_cond8_56-atomized-bb-True.pdb,5,40,False,True,False
M0096_1chm,rfflow_fixed-ligand_run_M0096_1chm_cond8_57-atomized-bb-True,run_M0096_1chm_cond8_57-atomized-bb-True.pdb,0,40,True,True,True
M0096_1chm,rfflow_fixed-ligand_run_M0096_1chm_cond8_58-atomized-bb-True,run_M0096_1chm_cond8_58-atomized-bb-True.pdb,0,40,True,True,True
M0096_1chm,rfflow_fixed-ligand_run_M0096_1chm_cond8_59-atomized-bb-True,run_M0096_1chm_cond8_59-atomized-bb-True.pdb,5,40,False,True,False
M0096_1chm,rfflow_fixed-ligand_run_M0096_1chm_cond8_6-atomized-bb-True,run_M0096_1chm_cond8_6-atomized-bb-True.pdb,0,40,True,True,True
M0096_1chm,rfflow_fixed-ligand_run_M0096_1chm_cond8_60-atomized-bb-True,run_M0096_1chm_cond8_60-atomized-bb-True.pdb,16,40,False,True,False
M0096_1chm,rfflow_fixed-ligand_run_M0096_1chm_cond8_61-atomized-bb-True,run_M0096_1chm_cond8_61-atomized-bb-True.pdb,2,40,False,True,False
M0096_1chm,rfflow_fixed-ligand_run_M0096_1chm_cond8_62-atomized-bb-True,run_M0096_1chm_cond8_62-atomized-bb-True.pdb,5,40,False,True,False
M0096_1chm,rfflow_fixed-ligand_run_M0096_1chm_cond8_63-atomized-bb-True,run_M0096_1chm_cond8_63-atomized-bb-True.pdb,6,40,False,True,False
M0096_1chm,rfflow_fixed-ligand_run_M0096_1chm_cond8_64-atomized-bb-True,run_M0096_1chm_cond8_64-atomized-bb-True.pdb,0,40,True,True,True
M0096_1chm,rfflow_fixed-ligand_run_M0096_1chm_cond8_65-atomized-bb-True,run_M0096_1chm_cond8_65-atomized-bb-True.pdb,18,40,False,True,False
M0096_1chm,rfflow_fixed-ligand_run_M0096_1chm_cond8_66-atomized-bb-True,run_M0096_1chm_cond8_66-atomized-bb-True.pdb,6,40,False,True,False
M0096_1chm,rfflow_fixed-ligand_run_M0096_1chm_cond8_67-atomized-bb-True,run_M0096_1chm_cond8_67-atomized-bb-True.pdb,0,40,True,True,True
M0096_1chm,rfflow_fixed-ligand_run_M0096_1chm_cond8_68-atomized-bb-True,run_M0096_1chm_cond8_68-atomized-bb-True.pdb,0,40,True,True,True
M0096_1chm,rfflow_fixed-ligand_run_M0096_1chm_cond8_69-atomized-bb-True,run_M0096_1chm_cond8_69-atomized-bb-True.pdb,0,40,True,True,True
M0096_1chm,rfflow_fixed-ligand_run_M0096_1chm_cond8_7-atomized-bb-True,run_M0096_1chm_cond8_7-atomized-bb-True.pdb,0,40,True,True,True
M0096_1chm,rfflow_fixed-ligand_run_M0096_1chm_cond8_70-atomized-bb-True,run_M0096_1chm_cond8_70-atomized-bb-True.pdb,0,40,True,True,True
M0096_1chm,rfflow_fixed-ligand_run_M0096_1chm_cond8_71-atomized-bb-True,run_M0096_1chm_cond8_71-atomized-bb-True.pdb,11,40,False,True,False
M0096_1chm,rfflow_fixed-ligand_run_M0096_1chm_cond8_72-atomized-bb-True,run_M0096_1chm_cond8_72-atomized-bb-True.pdb,0,40,True,True,True
M0096_1chm,rfflow_fixed-ligand_run_M0096_1chm_cond8_73-atomized-bb-True,run_M0096_1chm_cond8_73-atomized-bb-True.pdb,0,40,True,True,True
M0096_1chm,rfflow_fixed-ligand_run_M0096_1chm_cond8_74-atomized-bb-True,run_M0096_1chm_cond8_74-atomized-bb-True.pdb,0,40,True,True,True
M0096_1chm,rfflow_fixed-ligand_run_M0096_1chm_cond8_75-atomized-bb-True,run_M0096_1chm_cond8_75-atomized-bb-True.pdb,0,40,True,True,True
M0096_1chm,rfflow_fixed-ligand_run_M0096_1chm_cond8_76-atomized-bb-True,run_M0096_1chm_cond8_76-atomized-bb-True.pdb,1,40,False,True,False
M0096_1chm,rfflow_fixed-ligand_run_M0096_1chm_cond8_77-atomized-bb-True,run_M0096_1chm_cond8_77-atomized-bb-True.pdb,4,40,False,True,False
M0096_1chm,rfflow_fixed-ligand_run_M0096_1chm_cond8_78-atomized-bb-True,run_M0096_1chm_cond8_78-atomized-bb-True.pdb,13,40,False,True,False
M0096_1chm,rfflow_fixed-ligand_run_M0096_1chm_cond8_79-atomized-bb-True,run_M0096_1chm_cond8_79-atomized-bb-True.pdb,1,40,False,True,False
M0096_1chm,rfflow_fixed-ligand_run_M0096_1chm_cond8_8-atomized-bb-True,run_M0096_1chm_cond8_8-atomized-bb-True.pdb,1,40,False,True,False
M0096_1chm,rfflow_fixed-ligand_run_M0096_1chm_cond8_80-atomized-bb-True,run_M0096_1chm_cond8_80-atomized-bb-True.pdb,0,40,True,True,True
M0096_1chm,rfflow_fixed-ligand_run_M0096_1chm_cond8_81-atomized-bb-True,run_M0096_1chm_cond8_81-atomized-bb-True.pdb,13,40,False,True,False
M0096_1chm,rfflow_fixed-ligand_run_M0096_1chm_cond8_82-atomized-bb-True,run_M0096_1chm_cond8_82-atomized-bb-True.pdb,1,40,False,True,False
M0096_1chm,rfflow_fixed-ligand_run_M0096_1chm_cond8_83-atomized-bb-True,run_M0096_1chm_cond8_83-atomized-bb-True.pdb,0,40,True,True,True
M0096_1chm,rfflow_fixed-ligand_run_M0096_1chm_cond8_84-atomized-bb-True,run_M0096_1chm_cond8_84-atomized-bb-True.pdb,0,40,True,False,False
M0096_1chm,rfflow_fixed-ligand_run_M0096_1chm_cond8_85-atomized-bb-True,run_M0096_1chm_cond8_85-atomized-bb-True.pdb,5,40,False,True,False
M0096_1chm,rfflow_fixed-ligand_run_M0096_1chm_cond8_86-atomized-bb-True,run_M0096_1chm_cond8_86-atomized-bb-True.pdb,0,40,True,True,True
M0096_1chm,rfflow_fixed-ligand_run_M0096_1chm_cond8_87-atomized-bb-True,run_M0096_1chm_cond8_87-atomized-bb-True.pdb,0,40,True,True,True
M0096_1chm,rfflow_fixed-ligand_run_M0096_1chm_cond8_88-atomized-bb-True,run_M0096_1chm_cond8_88-atomized-bb-True.pdb,1,40,False,True,False
M0096_1chm,rfflow_fixed-ligand_run_M0096_1chm_cond8_89-atomized-bb-True,run_M0096_1chm_cond8_89-atomized-bb-True.pdb,0,40,True,True,True
M0096_1chm,rfflow_fixed-ligand_run_M0096_1chm_cond8_9-atomized-bb-True,run_M0096_1chm_cond8_9-atomized-bb-True.pdb,0,40,True,True,True
M0096_1chm,rfflow_fixed-ligand_run_M0096_1chm_cond8_90-atomized-bb-True,run_M0096_1chm_cond8_90-atomized-bb-True.pdb,0,40,True,True,True
M0096_1chm,rfflow_fixed-ligand_run_M0096_1chm_cond8_91-atomized-bb-True,run_M0096_1chm_cond8_91-atomized-bb-True.pdb,0,40,True,True,True
M0096_1chm,rfflow_fixed-ligand_run_M0096_1chm_cond8_92-atomized-bb-True,run_M0096_1chm_cond8_92-atomized-bb-True.pdb,0,40,True,True,True
M0096_1chm,rfflow_fixed-ligand_run_M0096_1chm_cond8_93-atomized-bb-True,run_M0096_1chm_cond8_93-atomized-bb-True.pdb,20,40,False,True,False
M0096_1chm,rfflow_fixed-ligand_run_M0096_1chm_cond8_94-atomized-bb-True,run_M0096_1chm_cond8_94-atomized-bb-True.pdb,0,40,True,True,True
M0096_1chm,rfflow_fixed-ligand_run_M0096_1chm_cond8_95-atomized-bb-True,run_M0096_1chm_cond8_95-atomized-bb-True.pdb,0,40,True,True,True
M0096_1chm,rfflow_fixed-ligand_run_M0096_1chm_cond8_96-atomized-bb-True,run_M0096_1chm_cond8_96-atomized-bb-True.pdb,5,40,False,True,False
M0096_1chm,rfflow_fixed-ligand_run_M0096_1chm_cond8_97-atomized-bb-True,run_M0096_1chm_cond8_97-atomized-bb-True.pdb,26,40,False,True,False
M0096_1chm,rfflow_fixed-ligand_run_M0096_1chm_cond8_98-atomized-bb-True,run_M0096_1chm_cond8_98-atomized-bb-True.pdb,14,40,False,True,False
M0096_1chm,rfflow_fixed-ligand_run_M0096_1chm_cond8_99-atomized-bb-True,run_M0096_1chm_cond8_99-atomized-bb-True.pdb,0,40,True,True,True
M0097_1ctt,rfflow_fixed-ligand_run_M0097_1ctt_cond9_0-atomized-bb-True,run_M0097_1ctt_cond9_0-atomized-bb-True.pdb,0,40,True,True,True
M0097_1ctt,rfflow_fixed-ligand_run_M0097_1ctt_cond9_1-atomized-bb-True,run_M0097_1ctt_cond9_1-atomized-bb-True.pdb,0,40,True,True,True
M0097_1ctt,rfflow_fixed-ligand_run_M0097_1ctt_cond9_10-atomized-bb-True,run_M0097_1ctt_cond9_10-atomized-bb-True.pdb,0,40,True,True,True
M0097_1ctt,rfflow_fixed-ligand_run_M0097_1ctt_cond9_11-atomized-bb-True,run_M0097_1ctt_cond9_11-atomized-bb-True.pdb,12,40,False,True,False
M0097_1ctt,rfflow_fixed-ligand_run_M0097_1ctt_cond9_12-atomized-bb-True,run_M0097_1ctt_cond9_12-atomized-bb-True.pdb,0,40,True,True,True
M0097_1ctt,rfflow_fixed-ligand_run_M0097_1ctt_cond9_13-atomized-bb-True,run_M0097_1ctt_cond9_13-atomized-bb-True.pdb,0,40,True,True,True
M0097_1ctt,rfflow_fixed-ligand_run_M0097_1ctt_cond9_14-atomized-bb-True,run_M0097_1ctt_cond9_14-atomized-bb-True.pdb,32,40,False,True,False
M0097_1ctt,rfflow_fixed-ligand_run_M0097_1ctt_cond9_15-atomized-bb-True,run_M0097_1ctt_cond9_15-atomized-bb-True.pdb,0,40,True,True,True
M0097_1ctt,rfflow_fixed-ligand_run_M0097_1ctt_cond9_16-atomized-bb-True,run_M0097_1ctt_cond9_16-atomized-bb-True.pdb,3,40,False,True,False
M0097_1ctt,rfflow_fixed-ligand_run_M0097_1ctt_cond9_17-atomized-bb-True,run_M0097_1ctt_cond9_17-atomized-bb-True.pdb,0,40,True,True,True
M0097_1ctt,rfflow_fixed-ligand_run_M0097_1ctt_cond9_18-atomized-bb-True,run_M0097_1ctt_cond9_18-atomized-bb-True.pdb,0,40,True,True,True
M0097_1ctt,rfflow_fixed-ligand_run_M0097_1ctt_cond9_19-atomized-bb-True,run_M0097_1ctt_cond9_19-atomized-bb-True.pdb,0,40,True,True,True
M0097_1ctt,rfflow_fixed-ligand_run_M0097_1ctt_cond9_2-atomized-bb-True,run_M0097_1ctt_cond9_2-atomized-bb-True.pdb,0,40,True,True,True
M0097_1ctt,rfflow_fixed-ligand_run_M0097_1ctt_cond9_20-atomized-bb-True,run_M0097_1ctt_cond9_20-atomized-bb-True.pdb,24,40,False,True,False
M0097_1ctt,rfflow_fixed-ligand_run_M0097_1ctt_cond9_21-atomized-bb-True,run_M0097_1ctt_cond9_21-atomized-bb-True.pdb,2,40,False,True,False
M0097_1ctt,rfflow_fixed-ligand_run_M0097_1ctt_cond9_22-atomized-bb-True,run_M0097_1ctt_cond9_22-atomized-bb-True.pdb,0,40,True,True,True
M0097_1ctt,rfflow_fixed-ligand_run_M0097_1ctt_cond9_23-atomized-bb-True,run_M0097_1ctt_cond9_23-atomized-bb-True.pdb,2,40,False,True,False
M0097_1ctt,rfflow_fixed-ligand_run_M0097_1ctt_cond9_24-atomized-bb-True,run_M0097_1ctt_cond9_24-atomized-bb-True.pdb,0,40,True,False,False
M0097_1ctt,rfflow_fixed-ligand_run_M0097_1ctt_cond9_25-atomized-bb-True,run_M0097_1ctt_cond9_25-atomized-bb-True.pdb,7,40,False,True,False
M0097_1ctt,rfflow_fixed-ligand_run_M0097_1ctt_cond9_26-atomized-bb-True,run_M0097_1ctt_cond9_26-atomized-bb-True.pdb,21,40,False,True,False
M0097_1ctt,rfflow_fixed-ligand_run_M0097_1ctt_cond9_27-atomized-bb-True,run_M0097_1ctt_cond9_27-atomized-bb-True.pdb,3,40,False,True,False
M0097_1ctt,rfflow_fixed-ligand_run_M0097_1ctt_cond9_28-atomized-bb-True,run_M0097_1ctt_cond9_28-atomized-bb-True.pdb,29,40,False,True,False
M0097_1ctt,rfflow_fixed-ligand_run_M0097_1ctt_cond9_29-atomized-bb-True,run_M0097_1ctt_cond9_29-atomized-bb-True.pdb,0,40,True,False,False
M0097_1ctt,rfflow_fixed-ligand_run_M0097_1ctt_cond9_3-atomized-bb-True,run_M0097_1ctt_cond9_3-atomized-bb-True.pdb,0,40,True,True,True
M0097_1ctt,rfflow_fixed-ligand_run_M0097_1ctt_cond9_30-atomized-bb-True,run_M0097_1ctt_cond9_30-atomized-bb-True.pdb,0,40,True,True,True
M0097_1ctt,rfflow_fixed-ligand_run_M0097_1ctt_cond9_31-atomized-bb-True,run_M0097_1ctt_cond9_31-atomized-bb-True.pdb,0,40,True,True,True
M0097_1ctt,rfflow_fixed-ligand_run_M0097_1ctt_cond9_32-atomized-bb-True,run_M0097_1ctt_cond9_32-atomized-bb-True.pdb,19,40,False,True,False
M0097_1ctt,rfflow_fixed-ligand_run_M0097_1ctt_cond9_33-atomized-bb-True,run_M0097_1ctt_cond9_33-atomized-bb-True.pdb,0,40,True,True,True
M0097_1ctt,rfflow_fixed-ligand_run_M0097_1ctt_cond9_34-atomized-bb-True,run_M0097_1ctt_cond9_34-atomized-bb-True.pdb,0,40,True,True,True
M0097_1ctt,rfflow_fixed-ligand_run_M0097_1ctt_cond9_35-atomized-bb-True,run_M0097_1ctt_cond9_35-atomized-bb-True.pdb,0,40,True,True,True
M0097_1ctt,rfflow_fixed-ligand_run_M0097_1ctt_cond9_36-atomized-bb-True,run_M0097_1ctt_cond9_36-atomized-bb-True.pdb,1,40,False,True,False
M0097_1ctt,rfflow_fixed-ligand_run_M0097_1ctt_cond9_37-atomized-bb-True,run_M0097_1ctt_cond9_37-atomized-bb-True.pdb,0,40,True,True,True
M0097_1ctt,rfflow_fixed-ligand_run_M0097_1ctt_cond9_38-atomized-bb-True,run_M0097_1ctt_cond9_38-atomized-bb-True.pdb,0,40,True,True,True
M0097_1ctt,rfflow_fixed-ligand_run_M0097_1ctt_cond9_39-atomized-bb-True,run_M0097_1ctt_cond9_39-atomized-bb-True.pdb,0,40,True,True,True
M0097_1ctt,rfflow_fixed-ligand_run_M0097_1ctt_cond9_4-atomized-bb-True,run_M0097_1ctt_cond9_4-atomized-bb-True.pdb,0,40,True,True,True
M0097_1ctt,rfflow_fixed-ligand_run_M0097_1ctt_cond9_40-atomized-bb-True,run_M0097_1ctt_cond9_40-atomized-bb-True.pdb,20,40,False,True,False
M0097_1ctt,rfflow_fixed-ligand_run_M0097_1ctt_cond9_41-atomized-bb-True,run_M0097_1ctt_cond9_41-atomized-bb-True.pdb,2,40,False,True,False
M0097_1ctt,rfflow_fixed-ligand_run_M0097_1ctt_cond9_42-atomized-bb-True,run_M0097_1ctt_cond9_42-atomized-bb-True.pdb,0,40,True,True,True
M0097_1ctt,rfflow_fixed-ligand_run_M0097_1ctt_cond9_43-atomized-bb-True,run_M0097_1ctt_cond9_43-atomized-bb-True.pdb,0,40,True,True,True
M0097_1ctt,rfflow_fixed-ligand_run_M0097_1ctt_cond9_44-atomized-bb-True,run_M0097_1ctt_cond9_44-atomized-bb-True.pdb,0,40,True,True,True
M0097_1ctt,rfflow_fixed-ligand_run_M0097_1ctt_cond9_45-atomized-bb-True,run_M0097_1ctt_cond9_45-atomized-bb-True.pdb,0,40,True,True,True
M0097_1ctt,rfflow_fixed-ligand_run_M0097_1ctt_cond9_46-atomized-bb-True,run_M0097_1ctt_cond9_46-atomized-bb-True.pdb,0,40,True,True,True
M0097_1ctt,rfflow_fixed-ligand_run_M0097_1ctt_cond9_47-atomized-bb-True,run_M0097_1ctt_cond9_47-atomized-bb-True.pdb,1,40,False,True,False
M0097_1ctt,rfflow_fixed-ligand_run_M0097_1ctt_cond9_48-atomized-bb-True,run_M0097_1ctt_cond9_48-atomized-bb-True.pdb,5,40,False,True,False
M0097_1ctt,rfflow_fixed-ligand_run_M0097_1ctt_cond9_49-atomized-bb-True,run_M0097_1ctt_cond9_49-atomized-bb-True.pdb,3,40,False,True,False
M0097_1ctt,rfflow_fixed-ligand_run_M0097_1ctt_cond9_5-atomized-bb-True,run_M0097_1ctt_cond9_5-atomized-bb-True.pdb,0,40,True,True,True
M0097_1ctt,rfflow_fixed-ligand_run_M0097_1ctt_cond9_50-atomized-bb-True,run_M0097_1ctt_cond9_50-atomized-bb-True.pdb,1,40,False,True,False
M0097_1ctt,rfflow_fixed-ligand_run_M0097_1ctt_cond9_51-atomized-bb-True,run_M0097_1ctt_cond9_51-atomized-bb-True.pdb,8,40,False,True,False
M0097_1ctt,rfflow_fixed-ligand_run_M0097_1ctt_cond9_52-atomized-bb-True,run_M0097_1ctt_cond9_52-atomized-bb-True.pdb,0,40,True,True,True
M0097_1ctt,rfflow_fixed-ligand_run_M0097_1ctt_cond9_53-atomized-bb-True,run_M0097_1ctt_cond9_53-atomized-bb-True.pdb,0,40,True,True,True
M0097_1ctt,rfflow_fixed-ligand_run_M0097_1ctt_cond9_54-atomized-bb-True,run_M0097_1ctt_cond9_54-atomized-bb-True.pdb,0,40,True,False,False
M0097_1ctt,rfflow_fixed-ligand_run_M0097_1ctt_cond9_55-atomized-bb-True,run_M0097_1ctt_cond9_55-atomized-bb-True.pdb,0,40,True,True,True
M0097_1ctt,rfflow_fixed-ligand_run_M0097_1ctt_cond9_56-atomized-bb-True,run_M0097_1ctt_cond9_56-atomized-bb-True.pdb,0,40,True,False,False
M0097_1ctt,rfflow_fixed-ligand_run_M0097_1ctt_cond9_57-atomized-bb-True,run_M0097_1ctt_cond9_57-atomized-bb-True.pdb,0,40,True,True,True
M0097_1ctt,rfflow_fixed-ligand_run_M0097_1ctt_cond9_58-atomized-bb-True,run_M0097_1ctt_cond9_58-atomized-bb-True.pdb,1,40,False,True,False
M0097_1ctt,rfflow_fixed-ligand_run_M0097_1ctt_cond9_59-atomized-bb-True,run_M0097_1ctt_cond9_59-atomized-bb-True.pdb,0,40,True,True,True
M0097_1ctt,rfflow_fixed-ligand_run_M0097_1ctt_cond9_6-atomized-bb-True,run_M0097_1ctt_cond9_6-atomized-bb-True.pdb,15,40,False,True,False
M0097_1ctt,rfflow_fixed-ligand_run_M0097_1ctt_cond9_60-atomized-bb-True,run_M0097_1ctt_cond9_60-atomized-bb-True.pdb,0,40,True,True,True
M0097_1ctt,rfflow_fixed-ligand_run_M0097_1ctt_cond9_61-atomized-bb-True,run_M0097_1ctt_cond9_61-atomized-bb-True.pdb,1,40,False,True,False
M0097_1ctt,rfflow_fixed-ligand_run_M0097_1ctt_cond9_62-atomized-bb-True,run_M0097_1ctt_cond9_62-atomized-bb-True.pdb,3,40,False,True,False
M0097_1ctt,rfflow_fixed-ligand_run_M0097_1ctt_cond9_63-atomized-bb-True,run_M0097_1ctt_cond9_63-atomized-bb-True.pdb,0,40,True,True,True
M0097_1ctt,rfflow_fixed-ligand_run_M0097_1ctt_cond9_64-atomized-bb-True,run_M0097_1ctt_cond9_64-atomized-bb-True.pdb,15,40,False,True,False
M0097_1ctt,rfflow_fixed-ligand_run_M0097_1ctt_cond9_65-atomized-bb-True,run_M0097_1ctt_cond9_65-atomized-bb-True.pdb,0,40,True,True,True
M0097_1ctt,rfflow_fixed-ligand_run_M0097_1ctt_cond9_66-atomized-bb-True,run_M0097_1ctt_cond9_66-atomized-bb-True.pdb,3,40,False,True,False
M0097_1ctt,rfflow_fixed-ligand_run_M0097_1ctt_cond9_67-atomized-bb-True,run_M0097_1ctt_cond9_67-atomized-bb-True.pdb,11,40,False,True,False
M0097_1ctt,rfflow_fixed-ligand_run_M0097_1ctt_cond9_68-atomized-bb-True,run_M0097_1ctt_cond9_68-atomized-bb-True.pdb,0,40,True,True,True
M0097_1ctt,rfflow_fixed-ligand_run_M0097_1ctt_cond9_69-atomized-bb-True,run_M0097_1ctt_cond9_69-atomized-bb-True.pdb,2,40,False,True,False
M0097_1ctt,rfflow_fixed-ligand_run_M0097_1ctt_cond9_7-atomized-bb-True,run_M0097_1ctt_cond9_7-atomized-bb-True.pdb,4,40,False,True,False
M0097_1ctt,rfflow_fixed-ligand_run_M0097_1ctt_cond9_70-atomized-bb-True,run_M0097_1ctt_cond9_70-atomized-bb-True.pdb,1,40,False,True,False
M0097_1ctt,rfflow_fixed-ligand_run_M0097_1ctt_cond9_71-atomized-bb-True,run_M0097_1ctt_cond9_71-atomized-bb-True.pdb,7,40,False,True,False
M0097_1ctt,rfflow_fixed-ligand_run_M0097_1ctt_cond9_72-atomized-bb-True,run_M0097_1ctt_cond9_72-atomized-bb-True.pdb,0,40,True,True,True
M0097_1ctt,rfflow_fixed-ligand_run_M0097_1ctt_cond9_73-atomized-bb-True,run_M0097_1ctt_cond9_73-atomized-bb-True.pdb,0,40,True,True,True
M0097_1ctt,rfflow_fixed-ligand_run_M0097_1ctt_cond9_74-atomized-bb-True,run_M0097_1ctt_cond9_74-atomized-bb-True.pdb,0,40,True,True,True
M0097_1ctt,rfflow_fixed-ligand_run_M0097_1ctt_cond9_75-atomized-bb-True,run_M0097_1ctt_cond9_75-atomized-bb-True.pdb,1,40,False,True,False
M0097_1ctt,rfflow_fixed-ligand_run_M0097_1ctt_cond9_76-atomized-bb-True,run_M0097_1ctt_cond9_76-atomized-bb-True.pdb,1,40,False,True,False
M0097_1ctt,rfflow_fixed-ligand_run_M0097_1ctt_cond9_77-atomized-bb-True,run_M0097_1ctt_cond9_77-atomized-bb-True.pdb,0,40,True,True,True
M0097_1ctt,rfflow_fixed-ligand_run_M0097_1ctt_cond9_78-atomized-bb-True,run_M0097_1ctt_cond9_78-atomized-bb-True.pdb,0,40,True,True,True
M0097_1ctt,rfflow_fixed-ligand_run_M0097_1ctt_cond9_79-atomized-bb-True,run_M0097_1ctt_cond9_79-atomized-bb-True.pdb,14,40,False,True,False
M0097_1ctt,rfflow_fixed-ligand_run_M0097_1ctt_cond9_8-atomized-bb-True,run_M0097_1ctt_cond9_8-atomized-bb-True.pdb,4,40,False,True,False
M0097_1ctt,rfflow_fixed-ligand_run_M0097_1ctt_cond9_80-atomized-bb-True,run_M0097_1ctt_cond9_80-atomized-bb-True.pdb,0,40,True,True,True
M0097_1ctt,rfflow_fixed-ligand_run_M0097_1ctt_cond9_81-atomized-bb-True,run_M0097_1ctt_cond9_81-atomized-bb-True.pdb,0,40,True,True,True
M0097_1ctt,rfflow_fixed-ligand_run_M0097_1ctt_cond9_82-atomized-bb-True,run_M0097_1ctt_cond9_82-atomized-bb-True.pdb,15,40,False,True,False
M0097_1ctt,rfflow_fixed-ligand_run_M0097_1ctt_cond9_83-atomized-bb-True,run_M0097_1ctt_cond9_83-atomized-bb-True.pdb,5,40,False,True,False
M0097_1ctt,rfflow_fixed-ligand_run_M0097_1ctt_cond9_84-atomized-bb-True,run_M0097_1ctt_cond9_84-atomized-bb-True.pdb,1,40,False,True,False
M0097_1ctt,rfflow_fixed-ligand_run_M0097_1ctt_cond9_85-atomized-bb-True,run_M0097_1ctt_cond9_85-atomized-bb-True.pdb,9,40,False,True,False
M0097_1ctt,rfflow_fixed-ligand_run_M0097_1ctt_cond9_86-atomized-bb-True,run_M0097_1ctt_cond9_86-atomized-bb-True.pdb,4,40,False,True,False
M0097_1ctt,rfflow_fixed-ligand_run_M0097_1ctt_cond9_87-atomized-bb-True,run_M0097_1ctt_cond9_87-atomized-bb-True.pdb,0,40,True,True,True
M0097_1ctt,rfflow_fixed-ligand_run_M0097_1ctt_cond9_88-atomized-bb-True,run_M0097_1ctt_cond9_88-atomized-bb-True.pdb,0,40,True,True,True
M0097_1ctt,rfflow_fixed-ligand_run_M0097_1ctt_cond9_89-atomized-bb-True,run_M0097_1ctt_cond9_89-atomized-bb-True.pdb,0,40,True,True,True
M0097_1ctt,rfflow_fixed-ligand_run_M0097_1ctt_cond9_9-atomized-bb-True,run_M0097_1ctt_cond9_9-atomized-bb-True.pdb,8,40,False,True,False
M0097_1ctt,rfflow_fixed-ligand_run_M0097_1ctt_cond9_90-atomized-bb-True,run_M0097_1ctt_cond9_90-atomized-bb-True.pdb,0,40,True,True,True
M0097_1ctt,rfflow_fixed-ligand_run_M0097_1ctt_cond9_91-atomized-bb-True,run_M0097_1ctt_cond9_91-atomized-bb-True.pdb,0,40,True,True,True
M0097_1ctt,rfflow_fixed-ligand_run_M0097_1ctt_cond9_92-atomized-bb-True,run_M0097_1ctt_cond9_92-atomized-bb-True.pdb,5,40,False,True,False
M0097_1ctt,rfflow_fixed-ligand_run_M0097_1ctt_cond9_93-atomized-bb-True,run_M0097_1ctt_cond9_93-atomized-bb-True.pdb,0,40,True,True,True
M0097_1ctt,rfflow_fixed-ligand_run_M0097_1ctt_cond9_94-atomized-bb-True,run_M0097_1ctt_cond9_94-atomized-bb-True.pdb,1,40,False,True,False
M0097_1ctt,rfflow_fixed-ligand_run_M0097_1ctt_cond9_95-atomized-bb-True,run_M0097_1ctt_cond9_95-atomized-bb-True.pdb,7,40,False,True,False
M0097_1ctt,rfflow_fixed-ligand_run_M0097_1ctt_cond9_96-atomized-bb-True,run_M0097_1ctt_cond9_96-atomized-bb-True.pdb,2,40,False,True,False
M0097_1ctt,rfflow_fixed-ligand_run_M0097_1ctt_cond9_97-atomized-bb-True,run_M0097_1ctt_cond9_97-atomized-bb-True.pdb,0,40,True,True,True
M0097_1ctt,rfflow_fixed-ligand_run_M0097_1ctt_cond9_98-atomized-bb-True,run_M0097_1ctt_cond9_98-atomized-bb-True.pdb,1,40,False,True,False
M0097_1ctt,rfflow_fixed-ligand_run_M0097_1ctt_cond9_99-atomized-bb-True,run_M0097_1ctt_cond9_99-atomized-bb-True.pdb,0,40,True,True,True
M0110_1c0p,rfflow_fixed-ligand_run_M0110_1c0p_cond10_0-atomized-bb-True,run_M0110_1c0p_cond10_0-atomized-bb-True.pdb,0,40,True,True,True
M0110_1c0p,rfflow_fixed-ligand_run_M0110_1c0p_cond10_1-atomized-bb-True,run_M0110_1c0p_cond10_1-atomized-bb-True.pdb,0,40,True,True,True
M0110_1c0p,rfflow_fixed-ligand_run_M0110_1c0p_cond10_10-atomized-bb-True,run_M0110_1c0p_cond10_10-atomized-bb-True.pdb,0,40,True,True,True
M0110_1c0p,rfflow_fixed-ligand_run_M0110_1c0p_cond10_11-atomized-bb-True,run_M0110_1c0p_cond10_11-atomized-bb-True.pdb,0,40,True,False,False
M0110_1c0p,rfflow_fixed-ligand_run_M0110_1c0p_cond10_12-atomized-bb-True,run_M0110_1c0p_cond10_12-atomized-bb-True.pdb,0,40,True,True,True
M0110_1c0p,rfflow_fixed-ligand_run_M0110_1c0p_cond10_13-atomized-bb-True,run_M0110_1c0p_cond10_13-atomized-bb-True.pdb,0,40,True,True,True
M0110_1c0p,rfflow_fixed-ligand_run_M0110_1c0p_cond10_14-atomized-bb-True,run_M0110_1c0p_cond10_14-atomized-bb-True.pdb,0,40,True,True,True
M0110_1c0p,rfflow_fixed-ligand_run_M0110_1c0p_cond10_15-atomized-bb-True,run_M0110_1c0p_cond10_15-atomized-bb-True.pdb,0,40,True,True,True
M0110_1c0p,rfflow_fixed-ligand_run_M0110_1c0p_cond10_16-atomized-bb-True,run_M0110_1c0p_cond10_16-atomized-bb-True.pdb,0,40,True,True,True
M0110_1c0p,rfflow_fixed-ligand_run_M0110_1c0p_cond10_17-atomized-bb-True,run_M0110_1c0p_cond10_17-atomized-bb-True.pdb,0,40,True,True,True
M0110_1c0p,rfflow_fixed-ligand_run_M0110_1c0p_cond10_18-atomized-bb-True,run_M0110_1c0p_cond10_18-atomized-bb-True.pdb,0,40,True,True,True
M0110_1c0p,rfflow_fixed-ligand_run_M0110_1c0p_cond10_19-atomized-bb-True,run_M0110_1c0p_cond10_19-atomized-bb-True.pdb,0,40,True,True,True
M0110_1c0p,rfflow_fixed-ligand_run_M0110_1c0p_cond10_2-atomized-bb-True,run_M0110_1c0p_cond10_2-atomized-bb-True.pdb,0,40,True,True,True
M0110_1c0p,rfflow_fixed-ligand_run_M0110_1c0p_cond10_20-atomized-bb-True,run_M0110_1c0p_cond10_20-atomized-bb-True.pdb,2,40,False,True,False
M0110_1c0p,rfflow_fixed-ligand_run_M0110_1c0p_cond10_21-atomized-bb-True,run_M0110_1c0p_cond10_21-atomized-bb-True.pdb,0,40,True,True,True
M0110_1c0p,rfflow_fixed-ligand_run_M0110_1c0p_cond10_22-atomized-bb-True,run_M0110_1c0p_cond10_22-atomized-bb-True.pdb,0,40,True,True,True
M0110_1c0p,rfflow_fixed-ligand_run_M0110_1c0p_cond10_23-atomized-bb-True,run_M0110_1c0p_cond10_23-atomized-bb-True.pdb,0,40,True,True,True
M0110_1c0p,rfflow_fixed-ligand_run_M0110_1c0p_cond10_24-atomized-bb-True,run_M0110_1c0p_cond10_24-atomized-bb-True.pdb,0,40,True,True,True
M0110_1c0p,rfflow_fixed-ligand_run_M0110_1c0p_cond10_25-atomized-bb-True,run_M0110_1c0p_cond10_25-atomized-bb-True.pdb,1,40,False,True,False
M0110_1c0p,rfflow_fixed-ligand_run_M0110_1c0p_cond10_26-atomized-bb-True,run_M0110_1c0p_cond10_26-atomized-bb-True.pdb,4,40,False,True,False
M0110_1c0p,rfflow_fixed-ligand_run_M0110_1c0p_cond10_27-atomized-bb-True,run_M0110_1c0p_cond10_27-atomized-bb-True.pdb,0,40,True,True,True
M0110_1c0p,rfflow_fixed-ligand_run_M0110_1c0p_cond10_28-atomized-bb-True,run_M0110_1c0p_cond10_28-atomized-bb-True.pdb,0,40,True,True,True
M0110_1c0p,rfflow_fixed-ligand_run_M0110_1c0p_cond10_29-atomized-bb-True,run_M0110_1c0p_cond10_29-atomized-bb-True.pdb,0,40,True,True,True
M0110_1c0p,rfflow_fixed-ligand_run_M0110_1c0p_cond10_3-atomized-bb-True,run_M0110_1c0p_cond10_3-atomized-bb-True.pdb,0,40,True,True,True
M0110_1c0p,rfflow_fixed-ligand_run_M0110_1c0p_cond10_30-atomized-bb-True,run_M0110_1c0p_cond10_30-atomized-bb-True.pdb,0,40,True,True,True
M0110_1c0p,rfflow_fixed-ligand_run_M0110_1c0p_cond10_31-atomized-bb-True,run_M0110_1c0p_cond10_31-atomized-bb-True.pdb,0,40,True,True,True
M0110_1c0p,rfflow_fixed-ligand_run_M0110_1c0p_cond10_32-atomized-bb-True,run_M0110_1c0p_cond10_32-atomized-bb-True.pdb,0,40,True,True,True
M0110_1c0p,rfflow_fixed-ligand_run_M0110_1c0p_cond10_33-atomized-bb-True,run_M0110_1c0p_cond10_33-atomized-bb-True.pdb,0,40,True,True,True
M0110_1c0p,rfflow_fixed-ligand_run_M0110_1c0p_cond10_34-atomized-bb-True,run_M0110_1c0p_cond10_34-atomized-bb-True.pdb,0,40,True,True,True
M0110_1c0p,rfflow_fixed-ligand_run_M0110_1c0p_cond10_35-atomized-bb-True,run_M0110_1c0p_cond10_35-atomized-bb-True.pdb,0,40,True,True,True
M0110_1c0p,rfflow_fixed-ligand_run_M0110_1c0p_cond10_36-atomized-bb-True,run_M0110_1c0p_cond10_36-atomized-bb-True.pdb,0,40,True,True,True
M0110_1c0p,rfflow_fixed-ligand_run_M0110_1c0p_cond10_37-atomized-bb-True,run_M0110_1c0p_cond10_37-atomized-bb-True.pdb,0,40,True,True,True
M0110_1c0p,rfflow_fixed-ligand_run_M0110_1c0p_cond10_38-atomized-bb-True,run_M0110_1c0p_cond10_38-atomized-bb-True.pdb,0,40,True,True,True
M0110_1c0p,rfflow_fixed-ligand_run_M0110_1c0p_cond10_39-atomized-bb-True,run_M0110_1c0p_cond10_39-atomized-bb-True.pdb,0,40,True,True,True
M0110_1c0p,rfflow_fixed-ligand_run_M0110_1c0p_cond10_4-atomized-bb-True,run_M0110_1c0p_cond10_4-atomized-bb-True.pdb,0,40,True,True,True
M0110_1c0p,rfflow_fixed-ligand_run_M0110_1c0p_cond10_40-atomized-bb-True,run_M0110_1c0p_cond10_40-atomized-bb-True.pdb,0,40,True,True,True
M0110_1c0p,rfflow_fixed-ligand_run_M0110_1c0p_cond10_41-atomized-bb-True,run_M0110_1c0p_cond10_41-atomized-bb-True.pdb,0,40,True,True,True
M0110_1c0p,rfflow_fixed-ligand_run_M0110_1c0p_cond10_42-atomized-bb-True,run_M0110_1c0p_cond10_42-atomized-bb-True.pdb,0,40,True,True,True
M0110_1c0p,rfflow_fixed-ligand_run_M0110_1c0p_cond10_43-atomized-bb-True,run_M0110_1c0p_cond10_43-atomized-bb-True.pdb,0,40,True,True,True
M0110_1c0p,rfflow_fixed-ligand_run_M0110_1c0p_cond10_44-atomized-bb-True,run_M0110_1c0p_cond10_44-atomized-bb-True.pdb,0,40,True,True,True
M0110_1c0p,rfflow_fixed-ligand_run_M0110_1c0p_cond10_45-atomized-bb-True,run_M0110_1c0p_cond10_45-atomized-bb-True.pdb,0,40,True,True,True
M0110_1c0p,rfflow_fixed-ligand_run_M0110_1c0p_cond10_46-atomized-bb-True,run_M0110_1c0p_cond10_46-atomized-bb-True.pdb,0,40,True,False,False
M0110_1c0p,rfflow_fixed-ligand_run_M0110_1c0p_cond10_47-atomized-bb-True,run_M0110_1c0p_cond10_47-atomized-bb-True.pdb,0,40,True,True,True
M0110_1c0p,rfflow_fixed-ligand_run_M0110_1c0p_cond10_48-atomized-bb-True,run_M0110_1c0p_cond10_48-atomized-bb-True.pdb,0,40,True,True,True
M0110_1c0p,rfflow_fixed-ligand_run_M0110_1c0p_cond10_49-atomized-bb-True,run_M0110_1c0p_cond10_49-atomized-bb-True.pdb,0,40,True,True,True
M0110_1c0p,rfflow_fixed-ligand_run_M0110_1c0p_cond10_5-atomized-bb-True,run_M0110_1c0p_cond10_5-atomized-bb-True.pdb,0,40,True,True,True
M0110_1c0p,rfflow_fixed-ligand_run_M0110_1c0p_cond10_50-atomized-bb-True,run_M0110_1c0p_cond10_50-atomized-bb-True.pdb,0,40,True,True,True
M0110_1c0p,rfflow_fixed-ligand_run_M0110_1c0p_cond10_51-atomized-bb-True,run_M0110_1c0p_cond10_51-atomized-bb-True.pdb,0,40,True,True,True
M0110_1c0p,rfflow_fixed-ligand_run_M0110_1c0p_cond10_52-atomized-bb-True,run_M0110_1c0p_cond10_52-atomized-bb-True.pdb,0,40,True,True,True
M0110_1c0p,rfflow_fixed-ligand_run_M0110_1c0p_cond10_53-atomized-bb-True,run_M0110_1c0p_cond10_53-atomized-bb-True.pdb,0,40,True,True,True
M0110_1c0p,rfflow_fixed-ligand_run_M0110_1c0p_cond10_54-atomized-bb-True,run_M0110_1c0p_cond10_54-atomized-bb-True.pdb,0,40,True,True,True
M0110_1c0p,rfflow_fixed-ligand_run_M0110_1c0p_cond10_55-atomized-bb-True,run_M0110_1c0p_cond10_55-atomized-bb-True.pdb,0,40,True,True,True
M0110_1c0p,rfflow_fixed-ligand_run_M0110_1c0p_cond10_56-atomized-bb-True,run_M0110_1c0p_cond10_56-atomized-bb-True.pdb,0,40,True,True,True
M0110_1c0p,rfflow_fixed-ligand_run_M0110_1c0p_cond10_57-atomized-bb-True,run_M0110_1c0p_cond10_57-atomized-bb-True.pdb,0,40,True,True,True
M0110_1c0p,rfflow_fixed-ligand_run_M0110_1c0p_cond10_58-atomized-bb-True,run_M0110_1c0p_cond10_58-atomized-bb-True.pdb,0,40,True,True,True
M0110_1c0p,rfflow_fixed-ligand_run_M0110_1c0p_cond10_59-atomized-bb-True,run_M0110_1c0p_cond10_59-atomized-bb-True.pdb,2,40,False,True,False
M0110_1c0p,rfflow_fixed-ligand_run_M0110_1c0p_cond10_6-atomized-bb-True,run_M0110_1c0p_cond10_6-atomized-bb-True.pdb,0,40,True,True,True
M0110_1c0p,rfflow_fixed-ligand_run_M0110_1c0p_cond10_60-atomized-bb-True,run_M0110_1c0p_cond10_60-atomized-bb-True.pdb,0,40,True,True,True
M0110_1c0p,rfflow_fixed-ligand_run_M0110_1c0p_cond10_61-atomized-bb-True,run_M0110_1c0p_cond10_61-atomized-bb-True.pdb,0,40,True,False,False
M0110_1c0p,rfflow_fixed-ligand_run_M0110_1c0p_cond10_62-atomized-bb-True,run_M0110_1c0p_cond10_62-atomized-bb-True.pdb,0,40,True,True,True
M0110_1c0p,rfflow_fixed-ligand_run_M0110_1c0p_cond10_63-atomized-bb-True,run_M0110_1c0p_cond10_63-atomized-bb-True.pdb,0,40,True,False,False
M0110_1c0p,rfflow_fixed-ligand_run_M0110_1c0p_cond10_64-atomized-bb-True,run_M0110_1c0p_cond10_64-atomized-bb-True.pdb,0,40,True,True,True
M0110_1c0p,rfflow_fixed-ligand_run_M0110_1c0p_cond10_65-atomized-bb-True,run_M0110_1c0p_cond10_65-atomized-bb-True.pdb,0,40,True,True,True
M0110_1c0p,rfflow_fixed-ligand_run_M0110_1c0p_cond10_66-atomized-bb-True,run_M0110_1c0p_cond10_66-atomized-bb-True.pdb,0,40,True,True,True
M0110_1c0p,rfflow_fixed-ligand_run_M0110_1c0p_cond10_67-atomized-bb-True,run_M0110_1c0p_cond10_67-atomized-bb-True.pdb,0,40,True,True,True
M0110_1c0p,rfflow_fixed-ligand_run_M0110_1c0p_cond10_68-atomized-bb-True,run_M0110_1c0p_cond10_68-atomized-bb-True.pdb,0,40,True,True,True
M0110_1c0p,rfflow_fixed-ligand_run_M0110_1c0p_cond10_69-atomized-bb-True,run_M0110_1c0p_cond10_69-atomized-bb-True.pdb,0,40,True,True,True
M0110_1c0p,rfflow_fixed-ligand_run_M0110_1c0p_cond10_7-atomized-bb-True,run_M0110_1c0p_cond10_7-atomized-bb-True.pdb,0,40,True,True,True
M0110_1c0p,rfflow_fixed-ligand_run_M0110_1c0p_cond10_70-atomized-bb-True,run_M0110_1c0p_cond10_70-atomized-bb-True.pdb,1,40,False,True,False
M0110_1c0p,rfflow_fixed-ligand_run_M0110_1c0p_cond10_71-atomized-bb-True,run_M0110_1c0p_cond10_71-atomized-bb-True.pdb,0,40,True,True,True
M0110_1c0p,rfflow_fixed-ligand_run_M0110_1c0p_cond10_72-atomized-bb-True,run_M0110_1c0p_cond10_72-atomized-bb-True.pdb,0,40,True,True,True
M0110_1c0p,rfflow_fixed-ligand_run_M0110_1c0p_cond10_73-atomized-bb-True,run_M0110_1c0p_cond10_73-atomized-bb-True.pdb,0,40,True,True,True
M0110_1c0p,rfflow_fixed-ligand_run_M0110_1c0p_cond10_74-atomized-bb-True,run_M0110_1c0p_cond10_74-atomized-bb-True.pdb,0,40,True,True,True
M0110_1c0p,rfflow_fixed-ligand_run_M0110_1c0p_cond10_75-atomized-bb-True,run_M0110_1c0p_cond10_75-atomized-bb-True.pdb,0,40,True,True,True
M0110_1c0p,rfflow_fixed-ligand_run_M0110_1c0p_cond10_76-atomized-bb-True,run_M0110_1c0p_cond10_76-atomized-bb-True.pdb,0,40,True,True,True
M0110_1c0p,rfflow_fixed-ligand_run_M0110_1c0p_cond10_77-atomized-bb-True,run_M0110_1c0p_cond10_77-atomized-bb-True.pdb,0,40,True,True,True
M0110_1c0p,rfflow_fixed-ligand_run_M0110_1c0p_cond10_78-atomized-bb-True,run_M0110_1c0p_cond10_78-atomized-bb-True.pdb,0,40,True,True,True
M0110_1c0p,rfflow_fixed-ligand_run_M0110_1c0p_cond10_79-atomized-bb-True,run_M0110_1c0p_cond10_79-atomized-bb-True.pdb,0,40,True,True,True
M0110_1c0p,rfflow_fixed-ligand_run_M0110_1c0p_cond10_8-atomized-bb-True,run_M0110_1c0p_cond10_8-atomized-bb-True.pdb,0,40,True,True,True
M0110_1c0p,rfflow_fixed-ligand_run_M0110_1c0p_cond10_80-atomized-bb-True,run_M0110_1c0p_cond10_80-atomized-bb-True.pdb,0,40,True,True,True
M0110_1c0p,rfflow_fixed-ligand_run_M0110_1c0p_cond10_81-atomized-bb-True,run_M0110_1c0p_cond10_81-atomized-bb-True.pdb,0,40,True,True,True
M0110_1c0p,rfflow_fixed-ligand_run_M0110_1c0p_cond10_82-atomized-bb-True,run_M0110_1c0p_cond10_82-atomized-bb-True.pdb,0,40,True,False,False
M0110_1c0p,rfflow_fixed-ligand_run_M0110_1c0p_cond10_83-atomized-bb-True,run_M0110_1c0p_cond10_83-atomized-bb-True.pdb,0,40,True,True,True
M0110_1c0p,rfflow_fixed-ligand_run_M0110_1c0p_cond10_84-atomized-bb-True,run_M0110_1c0p_cond10_84-atomized-bb-True.pdb,0,40,True,True,True
M0110_1c0p,rfflow_fixed-ligand_run_M0110_1c0p_cond10_85-atomized-bb-True,run_M0110_1c0p_cond10_85-atomized-bb-True.pdb,0,40,True,True,True
M0110_1c0p,rfflow_fixed-ligand_run_M0110_1c0p_cond10_86-atomized-bb-True,run_M0110_1c0p_cond10_86-atomized-bb-True.pdb,0,40,True,True,True
M0110_1c0p,rfflow_fixed-ligand_run_M0110_1c0p_cond10_87-atomized-bb-True,run_M0110_1c0p_cond10_87-atomized-bb-True.pdb,0,40,True,False,False
M0110_1c0p,rfflow_fixed-ligand_run_M0110_1c0p_cond10_88-atomized-bb-True,run_M0110_1c0p_cond10_88-atomized-bb-True.pdb,0,40,True,True,True
M0110_1c0p,rfflow_fixed-ligand_run_M0110_1c0p_cond10_89-atomized-bb-True,run_M0110_1c0p_cond10_89-atomized-bb-True.pdb,0,40,True,True,True
M0110_1c0p,rfflow_fixed-ligand_run_M0110_1c0p_cond10_9-atomized-bb-True,run_M0110_1c0p_cond10_9-atomized-bb-True.pdb,0,40,True,True,True
M0110_1c0p,rfflow_fixed-ligand_run_M0110_1c0p_cond10_90-atomized-bb-True,run_M0110_1c0p_cond10_90-atomized-bb-True.pdb,0,40,True,True,True
M0110_1c0p,rfflow_fixed-ligand_run_M0110_1c0p_cond10_91-atomized-bb-True,run_M0110_1c0p_cond10_91-atomized-bb-True.pdb,0,40,True,True,True
M0110_1c0p,rfflow_fixed-ligand_run_M0110_1c0p_cond10_92-atomized-bb-True,run_M0110_1c0p_cond10_92-atomized-bb-True.pdb,0,40,True,True,True
M0110_1c0p,rfflow_fixed-ligand_run_M0110_1c0p_cond10_93-atomized-bb-True,run_M0110_1c0p_cond10_93-atomized-bb-True.pdb,0,40,True,True,True
M0110_1c0p,rfflow_fixed-ligand_run_M0110_1c0p_cond10_94-atomized-bb-True,run_M0110_1c0p_cond10_94-atomized-bb-True.pdb,0,40,True,True,True
M0110_1c0p,rfflow_fixed-ligand_run_M0110_1c0p_cond10_95-atomized-bb-True,run_M0110_1c0p_cond10_95-atomized-bb-True.pdb,0,40,True,True,True
M0110_1c0p,rfflow_fixed-ligand_run_M0110_1c0p_cond10_96-atomized-bb-True,run_M0110_1c0p_cond10_96-atomized-bb-True.pdb,0,40,True,True,True
M0110_1c0p,rfflow_fixed-ligand_run_M0110_1c0p_cond10_97-atomized-bb-True,run_M0110_1c0p_cond10_97-atomized-bb-True.pdb,2,40,False,True,False
M0110_1c0p,rfflow_fixed-ligand_run_M0110_1c0p_cond10_98-atomized-bb-True,run_M0110_1c0p_cond10_98-atomized-bb-True.pdb,0,40,True,True,True
M0110_1c0p,rfflow_fixed-ligand_run_M0110_1c0p_cond10_99-atomized-bb-True,run_M0110_1c0p_cond10_99-atomized-bb-True.pdb,0,40,True,True,True
M0129_1os7,rfflow_fixed-ligand_run_M0129_1os7_cond11_0-atomized-bb-True,run_M0129_1os7_cond11_0-atomized-bb-True.pdb,0,40,True,True,True
M0129_1os7,rfflow_fixed-ligand_run_M0129_1os7_cond11_1-atomized-bb-True,run_M0129_1os7_cond11_1-atomized-bb-True.pdb,0,40,True,True,True
M0129_1os7,rfflow_fixed-ligand_run_M0129_1os7_cond11_10-atomized-bb-True,run_M0129_1os7_cond11_10-atomized-bb-True.pdb,2,40,False,True,False
M0129_1os7,rfflow_fixed-ligand_run_M0129_1os7_cond11_11-atomized-bb-True,run_M0129_1os7_cond11_11-atomized-bb-True.pdb,0,40,True,True,True
M0129_1os7,rfflow_fixed-ligand_run_M0129_1os7_cond11_12-atomized-bb-True,run_M0129_1os7_cond11_12-atomized-bb-True.pdb,0,40,True,True,True
M0129_1os7,rfflow_fixed-ligand_run_M0129_1os7_cond11_13-atomized-bb-True,run_M0129_1os7_cond11_13-atomized-bb-True.pdb,0,40,True,True,True
M0129_1os7,rfflow_fixed-ligand_run_M0129_1os7_cond11_14-atomized-bb-True,run_M0129_1os7_cond11_14-atomized-bb-True.pdb,0,40,True,False,False
M0129_1os7,rfflow_fixed-ligand_run_M0129_1os7_cond11_15-atomized-bb-True,run_M0129_1os7_cond11_15-atomized-bb-True.pdb,0,40,True,True,True
M0129_1os7,rfflow_fixed-ligand_run_M0129_1os7_cond11_16-atomized-bb-True,run_M0129_1os7_cond11_16-atomized-bb-True.pdb,0,40,True,True,True
M0129_1os7,rfflow_fixed-ligand_run_M0129_1os7_cond11_17-atomized-bb-True,run_M0129_1os7_cond11_17-atomized-bb-True.pdb,13,40,False,True,False
M0129_1os7,rfflow_fixed-ligand_run_M0129_1os7_cond11_18-atomized-bb-True,run_M0129_1os7_cond11_18-atomized-bb-True.pdb,5,40,False,True,False
M0129_1os7,rfflow_fixed-ligand_run_M0129_1os7_cond11_19-atomized-bb-True,run_M0129_1os7_cond11_19-atomized-bb-True.pdb,0,40,True,True,True
M0129_1os7,rfflow_fixed-ligand_run_M0129_1os7_cond11_2-atomized-bb-True,run_M0129_1os7_cond11_2-atomized-bb-True.pdb,0,40,True,True,True
M0129_1os7,rfflow_fixed-ligand_run_M0129_1os7_cond11_20-atomized-bb-True,run_M0129_1os7_cond11_20-atomized-bb-True.pdb,26,40,False,True,False
M0129_1os7,rfflow_fixed-ligand_run_M0129_1os7_cond11_21-atomized-bb-True,run_M0129_1os7_cond11_21-atomized-bb-True.pdb,0,40,True,True,True
M0129_1os7,rfflow_fixed-ligand_run_M0129_1os7_cond11_22-atomized-bb-True,run_M0129_1os7_cond11_22-atomized-bb-True.pdb,1,40,False,True,False
M0129_1os7,rfflow_fixed-ligand_run_M0129_1os7_cond11_23-atomized-bb-True,run_M0129_1os7_cond11_23-atomized-bb-True.pdb,0,40,True,True,True
M0129_1os7,rfflow_fixed-ligand_run_M0129_1os7_cond11_24-atomized-bb-True,run_M0129_1os7_cond11_24-atomized-bb-True.pdb,1,40,False,True,False
M0129_1os7,rfflow_fixed-ligand_run_M0129_1os7_cond11_25-atomized-bb-True,run_M0129_1os7_cond11_25-atomized-bb-True.pdb,0,40,True,True,True
M0129_1os7,rfflow_fixed-ligand_run_M0129_1os7_cond11_26-atomized-bb-True,run_M0129_1os7_cond11_26-atomized-bb-True.pdb,0,40,True,True,True
M0129_1os7,rfflow_fixed-ligand_run_M0129_1os7_cond11_27-atomized-bb-True,run_M0129_1os7_cond11_27-atomized-bb-True.pdb,0,40,True,True,True
M0129_1os7,rfflow_fixed-ligand_run_M0129_1os7_cond11_28-atomized-bb-True,run_M0129_1os7_cond11_28-atomized-bb-True.pdb,0,40,True,True,True
M0129_1os7,rfflow_fixed-ligand_run_M0129_1os7_cond11_29-atomized-bb-True,run_M0129_1os7_cond11_29-atomized-bb-True.pdb,26,40,False,True,False
M0129_1os7,rfflow_fixed-ligand_run_M0129_1os7_cond11_3-atomized-bb-True,run_M0129_1os7_cond11_3-atomized-bb-True.pdb,0,40,True,False,False
M0129_1os7,rfflow_fixed-ligand_run_M0129_1os7_cond11_30-atomized-bb-True,run_M0129_1os7_cond11_30-atomized-bb-True.pdb,0,40,True,True,True
M0129_1os7,rfflow_fixed-ligand_run_M0129_1os7_cond11_31-atomized-bb-True,run_M0129_1os7_cond11_31-atomized-bb-True.pdb,0,40,True,False,False
M0129_1os7,rfflow_fixed-ligand_run_M0129_1os7_cond11_32-atomized-bb-True,run_M0129_1os7_cond11_32-atomized-bb-True.pdb,0,40,True,True,True
M0129_1os7,rfflow_fixed-ligand_run_M0129_1os7_cond11_33-atomized-bb-True,run_M0129_1os7_cond11_33-atomized-bb-True.pdb,0,40,True,True,True
M0129_1os7,rfflow_fixed-ligand_run_M0129_1os7_cond11_34-atomized-bb-True,run_M0129_1os7_cond11_34-atomized-bb-True.pdb,0,40,True,True,True
M0129_1os7,rfflow_fixed-ligand_run_M0129_1os7_cond11_35-atomized-bb-True,run_M0129_1os7_cond11_35-atomized-bb-True.pdb,0,40,True,True,True
M0129_1os7,rfflow_fixed-ligand_run_M0129_1os7_cond11_36-atomized-bb-True,run_M0129_1os7_cond11_36-atomized-bb-True.pdb,0,40,True,True,True
M0129_1os7,rfflow_fixed-ligand_run_M0129_1os7_cond11_37-atomized-bb-True,run_M0129_1os7_cond11_37-atomized-bb-True.pdb,0,40,True,True,True
M0129_1os7,rfflow_fixed-ligand_run_M0129_1os7_cond11_38-atomized-bb-True,run_M0129_1os7_cond11_38-atomized-bb-True.pdb,0,40,True,True,True
M0129_1os7,rfflow_fixed-ligand_run_M0129_1os7_cond11_39-atomized-bb-True,run_M0129_1os7_cond11_39-atomized-bb-True.pdb,0,40,True,True,True
M0129_1os7,rfflow_fixed-ligand_run_M0129_1os7_cond11_4-atomized-bb-True,run_M0129_1os7_cond11_4-atomized-bb-True.pdb,0,40,True,True,True
M0129_1os7,rfflow_fixed-ligand_run_M0129_1os7_cond11_40-atomized-bb-True,run_M0129_1os7_cond11_40-atomized-bb-True.pdb,0,40,True,False,False
M0129_1os7,rfflow_fixed-ligand_run_M0129_1os7_cond11_41-atomized-bb-True,run_M0129_1os7_cond11_41-atomized-bb-True.pdb,21,40,False,True,False
M0129_1os7,rfflow_fixed-ligand_run_M0129_1os7_cond11_42-atomized-bb-True,run_M0129_1os7_cond11_42-atomized-bb-True.pdb,1,40,False,True,False
M0129_1os7,rfflow_fixed-ligand_run_M0129_1os7_cond11_43-atomized-bb-True,run_M0129_1os7_cond11_43-atomized-bb-True.pdb,1,40,False,True,False
M0129_1os7,rfflow_fixed-ligand_run_M0129_1os7_cond11_44-atomized-bb-True,run_M0129_1os7_cond11_44-atomized-bb-True.pdb,0,40,True,True,True
M0129_1os7,rfflow_fixed-ligand_run_M0129_1os7_cond11_45-atomized-bb-True,run_M0129_1os7_cond11_45-atomized-bb-True.pdb,0,40,True,True,True
M0129_1os7,rfflow_fixed-ligand_run_M0129_1os7_cond11_46-atomized-bb-True,run_M0129_1os7_cond11_46-atomized-bb-True.pdb,0,40,True,False,False
M0129_1os7,rfflow_fixed-ligand_run_M0129_1os7_cond11_47-atomized-bb-True,run_M0129_1os7_cond11_47-atomized-bb-True.pdb,0,40,True,True,True
M0129_1os7,rfflow_fixed-ligand_run_M0129_1os7_cond11_48-atomized-bb-True,run_M0129_1os7_cond11_48-atomized-bb-True.pdb,2,40,False,True,False
M0129_1os7,rfflow_fixed-ligand_run_M0129_1os7_cond11_49-atomized-bb-True,run_M0129_1os7_cond11_49-atomized-bb-True.pdb,0,40,True,True,True
M0129_1os7,rfflow_fixed-ligand_run_M0129_1os7_cond11_5-atomized-bb-True,run_M0129_1os7_cond11_5-atomized-bb-True.pdb,0,40,True,True,True
M0129_1os7,rfflow_fixed-ligand_run_M0129_1os7_cond11_50-atomized-bb-True,run_M0129_1os7_cond11_50-atomized-bb-True.pdb,0,40,True,True,True
M0129_1os7,rfflow_fixed-ligand_run_M0129_1os7_cond11_51-atomized-bb-True,run_M0129_1os7_cond11_51-atomized-bb-True.pdb,1,40,False,True,False
M0129_1os7,rfflow_fixed-ligand_run_M0129_1os7_cond11_52-atomized-bb-True,run_M0129_1os7_cond11_52-atomized-bb-True.pdb,0,40,True,True,True
M0129_1os7,rfflow_fixed-ligand_run_M0129_1os7_cond11_53-atomized-bb-True,run_M0129_1os7_cond11_53-atomized-bb-True.pdb,0,40,True,True,True
M0129_1os7,rfflow_fixed-ligand_run_M0129_1os7_cond11_54-atomized-bb-True,run_M0129_1os7_cond11_54-atomized-bb-True.pdb,0,40,True,True,True
M0129_1os7,rfflow_fixed-ligand_run_M0129_1os7_cond11_55-atomized-bb-True,run_M0129_1os7_cond11_55-atomized-bb-True.pdb,0,40,True,True,True
M0129_1os7,rfflow_fixed-ligand_run_M0129_1os7_cond11_56-atomized-bb-True,run_M0129_1os7_cond11_56-atomized-bb-True.pdb,0,40,True,True,True
M0129_1os7,rfflow_fixed-ligand_run_M0129_1os7_cond11_57-atomized-bb-True,run_M0129_1os7_cond11_57-atomized-bb-True.pdb,0,40,True,True,True
M0129_1os7,rfflow_fixed-ligand_run_M0129_1os7_cond11_58-atomized-bb-True,run_M0129_1os7_cond11_58-atomized-bb-True.pdb,0,40,True,True,True
M0129_1os7,rfflow_fixed-ligand_run_M0129_1os7_cond11_59-atomized-bb-True,run_M0129_1os7_cond11_59-atomized-bb-True.pdb,0,40,True,True,True
M0129_1os7,rfflow_fixed-ligand_run_M0129_1os7_cond11_6-atomized-bb-True,run_M0129_1os7_cond11_6-atomized-bb-True.pdb,0,40,True,True,True
M0129_1os7,rfflow_fixed-ligand_run_M0129_1os7_cond11_60-atomized-bb-True,run_M0129_1os7_cond11_60-atomized-bb-True.pdb,0,40,True,True,True
M0129_1os7,rfflow_fixed-ligand_run_M0129_1os7_cond11_61-atomized-bb-True,run_M0129_1os7_cond11_61-atomized-bb-True.pdb,5,40,False,True,False
M0129_1os7,rfflow_fixed-ligand_run_M0129_1os7_cond11_62-atomized-bb-True,run_M0129_1os7_cond11_62-atomized-bb-True.pdb,0,40,True,True,True
M0129_1os7,rfflow_fixed-ligand_run_M0129_1os7_cond11_63-atomized-bb-True,run_M0129_1os7_cond11_63-atomized-bb-True.pdb,1,40,False,True,False
M0129_1os7,rfflow_fixed-ligand_run_M0129_1os7_cond11_64-atomized-bb-True,run_M0129_1os7_cond11_64-atomized-bb-True.pdb,0,40,True,True,True
M0129_1os7,rfflow_fixed-ligand_run_M0129_1os7_cond11_65-atomized-bb-True,run_M0129_1os7_cond11_65-atomized-bb-True.pdb,0,40,True,True,True
M0129_1os7,rfflow_fixed-ligand_run_M0129_1os7_cond11_66-atomized-bb-True,run_M0129_1os7_cond11_66-atomized-bb-True.pdb,0,40,True,True,True
M0129_1os7,rfflow_fixed-ligand_run_M0129_1os7_cond11_67-atomized-bb-True,run_M0129_1os7_cond11_67-atomized-bb-True.pdb,0,40,True,True,True
M0129_1os7,rfflow_fixed-ligand_run_M0129_1os7_cond11_68-atomized-bb-True,run_M0129_1os7_cond11_68-atomized-bb-True.pdb,0,40,True,True,True
M0129_1os7,rfflow_fixed-ligand_run_M0129_1os7_cond11_69-atomized-bb-True,run_M0129_1os7_cond11_69-atomized-bb-True.pdb,0,40,True,True,True
M0129_1os7,rfflow_fixed-ligand_run_M0129_1os7_cond11_7-atomized-bb-True,run_M0129_1os7_cond11_7-atomized-bb-True.pdb,0,40,True,True,True
M0129_1os7,rfflow_fixed-ligand_run_M0129_1os7_cond11_70-atomized-bb-True,run_M0129_1os7_cond11_70-atomized-bb-True.pdb,5,40,False,True,False
M0129_1os7,rfflow_fixed-ligand_run_M0129_1os7_cond11_71-atomized-bb-True,run_M0129_1os7_cond11_71-atomized-bb-True.pdb,0,40,True,False,False
M0129_1os7,rfflow_fixed-ligand_run_M0129_1os7_cond11_72-atomized-bb-True,run_M0129_1os7_cond11_72-atomized-bb-True.pdb,0,40,True,True,True
M0129_1os7,rfflow_fixed-ligand_run_M0129_1os7_cond11_73-atomized-bb-True,run_M0129_1os7_cond11_73-atomized-bb-True.pdb,0,40,True,True,True
M0129_1os7,rfflow_fixed-ligand_run_M0129_1os7_cond11_74-atomized-bb-True,run_M0129_1os7_cond11_74-atomized-bb-True.pdb,0,40,True,True,True
M0129_1os7,rfflow_fixed-ligand_run_M0129_1os7_cond11_75-atomized-bb-True,run_M0129_1os7_cond11_75-atomized-bb-True.pdb,0,40,True,True,True
M0129_1os7,rfflow_fixed-ligand_run_M0129_1os7_cond11_76-atomized-bb-True,run_M0129_1os7_cond11_76-atomized-bb-True.pdb,0,40,True,True,True
M0129_1os7,rfflow_fixed-ligand_run_M0129_1os7_cond11_77-atomized-bb-True,run_M0129_1os7_cond11_77-atomized-bb-True.pdb,0,40,True,True,True
M0129_1os7,rfflow_fixed-ligand_run_M0129_1os7_cond11_78-atomized-bb-True,run_M0129_1os7_cond11_78-atomized-bb-True.pdb,28,40,False,True,False
M0129_1os7,rfflow_fixed-ligand_run_M0129_1os7_cond11_79-atomized-bb-True,run_M0129_1os7_cond11_79-atomized-bb-True.pdb,0,40,True,True,True
M0129_1os7,rfflow_fixed-ligand_run_M0129_1os7_cond11_8-atomized-bb-True,run_M0129_1os7_cond11_8-atomized-bb-True.pdb,0,40,True,True,True
M0129_1os7,rfflow_fixed-ligand_run_M0129_1os7_cond11_80-atomized-bb-True,run_M0129_1os7_cond11_80-atomized-bb-True.pdb,0,40,True,True,True
M0129_1os7,rfflow_fixed-ligand_run_M0129_1os7_cond11_81-atomized-bb-True,run_M0129_1os7_cond11_81-atomized-bb-True.pdb,21,40,False,True,False
M0129_1os7,rfflow_fixed-ligand_run_M0129_1os7_cond11_82-atomized-bb-True,run_M0129_1os7_cond11_82-atomized-bb-True.pdb,0,40,True,True,True
M0129_1os7,rfflow_fixed-ligand_run_M0129_1os7_cond11_83-atomized-bb-True,run_M0129_1os7_cond11_83-atomized-bb-True.pdb,6,40,False,True,False
M0129_1os7,rfflow_fixed-ligand_run_M0129_1os7_cond11_84-atomized-bb-True,run_M0129_1os7_cond11_84-atomized-bb-True.pdb,0,40,True,True,True
M0129_1os7,rfflow_fixed-ligand_run_M0129_1os7_cond11_85-atomized-bb-True,run_M0129_1os7_cond11_85-atomized-bb-True.pdb,0,40,True,True,True
M0129_1os7,rfflow_fixed-ligand_run_M0129_1os7_cond11_86-atomized-bb-True,run_M0129_1os7_cond11_86-atomized-bb-True.pdb,0,40,True,True,True
M0129_1os7,rfflow_fixed-ligand_run_M0129_1os7_cond11_87-atomized-bb-True,run_M0129_1os7_cond11_87-atomized-bb-True.pdb,0,40,True,True,True
M0129_1os7,rfflow_fixed-ligand_run_M0129_1os7_cond11_88-atomized-bb-True,run_M0129_1os7_cond11_88-atomized-bb-True.pdb,0,40,True,True,True
M0129_1os7,rfflow_fixed-ligand_run_M0129_1os7_cond11_89-atomized-bb-True,run_M0129_1os7_cond11_89-atomized-bb-True.pdb,0,40,True,True,True
M0129_1os7,rfflow_fixed-ligand_run_M0129_1os7_cond11_9-atomized-bb-True,run_M0129_1os7_cond11_9-atomized-bb-True.pdb,0,40,True,False,False
M0129_1os7,rfflow_fixed-ligand_run_M0129_1os7_cond11_90-atomized-bb-True,run_M0129_1os7_cond11_90-atomized-bb-True.pdb,0,40,True,True,True
M0129_1os7,rfflow_fixed-ligand_run_M0129_1os7_cond11_91-atomized-bb-True,run_M0129_1os7_cond11_91-atomized-bb-True.pdb,0,40,True,True,True
M0129_1os7,rfflow_fixed-ligand_run_M0129_1os7_cond11_92-atomized-bb-True,run_M0129_1os7_cond11_92-atomized-bb-True.pdb,0,40,True,True,True
M0129_1os7,rfflow_fixed-ligand_run_M0129_1os7_cond11_93-atomized-bb-True,run_M0129_1os7_cond11_93-atomized-bb-True.pdb,2,40,False,True,False
M0129_1os7,rfflow_fixed-ligand_run_M0129_1os7_cond11_94-atomized-bb-True,run_M0129_1os7_cond11_94-atomized-bb-True.pdb,0,40,True,True,True
M0129_1os7,rfflow_fixed-ligand_run_M0129_1os7_cond11_95-atomized-bb-True,run_M0129_1os7_cond11_95-atomized-bb-True.pdb,2,40,False,True,False
M0129_1os7,rfflow_fixed-ligand_run_M0129_1os7_cond11_96-atomized-bb-True,run_M0129_1os7_cond11_96-atomized-bb-True.pdb,0,40,True,True,True
M0129_1os7,rfflow_fixed-ligand_run_M0129_1os7_cond11_97-atomized-bb-True,run_M0129_1os7_cond11_97-atomized-bb-True.pdb,0,40,True,True,True
M0129_1os7,rfflow_fixed-ligand_run_M0129_1os7_cond11_98-atomized-bb-True,run_M0129_1os7_cond11_98-atomized-bb-True.pdb,0,40,True,True,True
M0129_1os7,rfflow_fixed-ligand_run_M0129_1os7_cond11_99-atomized-bb-True,run_M0129_1os7_cond11_99-atomized-bb-True.pdb,0,40,True,False,False
M0151_1q0n,rfflow_fixed-ligand_run_M0151_1q0n_cond12_0-atomized-bb-True,run_M0151_1q0n_cond12_0-atomized-bb-True.pdb,2,40,False,True,False
M0151_1q0n,rfflow_fixed-ligand_run_M0151_1q0n_cond12_1-atomized-bb-True,run_M0151_1q0n_cond12_1-atomized-bb-True.pdb,0,40,True,False,False
M0151_1q0n,rfflow_fixed-ligand_run_M0151_1q0n_cond12_10-atomized-bb-True,run_M0151_1q0n_cond12_10-atomized-bb-True.pdb,4,40,False,True,False
M0151_1q0n,rfflow_fixed-ligand_run_M0151_1q0n_cond12_11-atomized-bb-True,run_M0151_1q0n_cond12_11-atomized-bb-True.pdb,0,40,True,True,True
M0151_1q0n,rfflow_fixed-ligand_run_M0151_1q0n_cond12_12-atomized-bb-True,run_M0151_1q0n_cond12_12-atomized-bb-True.pdb,0,40,True,True,True
M0151_1q0n,rfflow_fixed-ligand_run_M0151_1q0n_cond12_13-atomized-bb-True,run_M0151_1q0n_cond12_13-atomized-bb-True.pdb,0,40,True,True,True
M0151_1q0n,rfflow_fixed-ligand_run_M0151_1q0n_cond12_14-atomized-bb-True,run_M0151_1q0n_cond12_14-atomized-bb-True.pdb,0,40,True,True,True
M0151_1q0n,rfflow_fixed-ligand_run_M0151_1q0n_cond12_15-atomized-bb-True,run_M0151_1q0n_cond12_15-atomized-bb-True.pdb,0,40,True,True,True
M0151_1q0n,rfflow_fixed-ligand_run_M0151_1q0n_cond12_16-atomized-bb-True,run_M0151_1q0n_cond12_16-atomized-bb-True.pdb,0,40,True,True,True
M0151_1q0n,rfflow_fixed-ligand_run_M0151_1q0n_cond12_17-atomized-bb-True,run_M0151_1q0n_cond12_17-atomized-bb-True.pdb,0,40,True,True,True
M0151_1q0n,rfflow_fixed-ligand_run_M0151_1q0n_cond12_18-atomized-bb-True,run_M0151_1q0n_cond12_18-atomized-bb-True.pdb,0,40,True,False,False
M0151_1q0n,rfflow_fixed-ligand_run_M0151_1q0n_cond12_19-atomized-bb-True,run_M0151_1q0n_cond12_19-atomized-bb-True.pdb,0,40,True,True,True
M0151_1q0n,rfflow_fixed-ligand_run_M0151_1q0n_cond12_2-atomized-bb-True,run_M0151_1q0n_cond12_2-atomized-bb-True.pdb,0,40,True,True,True
M0151_1q0n,rfflow_fixed-ligand_run_M0151_1q0n_cond12_20-atomized-bb-True,run_M0151_1q0n_cond12_20-atomized-bb-True.pdb,0,40,True,True,True
M0151_1q0n,rfflow_fixed-ligand_run_M0151_1q0n_cond12_21-atomized-bb-True,run_M0151_1q0n_cond12_21-atomized-bb-True.pdb,0,40,True,True,True
M0151_1q0n,rfflow_fixed-ligand_run_M0151_1q0n_cond12_22-atomized-bb-True,run_M0151_1q0n_cond12_22-atomized-bb-True.pdb,0,40,True,True,True
M0151_1q0n,rfflow_fixed-ligand_run_M0151_1q0n_cond12_23-atomized-bb-True,run_M0151_1q0n_cond12_23-atomized-bb-True.pdb,0,40,True,True,True
M0151_1q0n,rfflow_fixed-ligand_run_M0151_1q0n_cond12_24-atomized-bb-True,run_M0151_1q0n_cond12_24-atomized-bb-True.pdb,0,40,True,True,True
M0151_1q0n,rfflow_fixed-ligand_run_M0151_1q0n_cond12_25-atomized-bb-True,run_M0151_1q0n_cond12_25-atomized-bb-True.pdb,0,40,True,True,True
M0151_1q0n,rfflow_fixed-ligand_run_M0151_1q0n_cond12_26-atomized-bb-True,run_M0151_1q0n_cond12_26-atomized-bb-True.pdb,0,40,True,True,True
M0151_1q0n,rfflow_fixed-ligand_run_M0151_1q0n_cond12_27-atomized-bb-True,run_M0151_1q0n_cond12_27-atomized-bb-True.pdb,1,40,False,True,False
M0151_1q0n,rfflow_fixed-ligand_run_M0151_1q0n_cond12_28-atomized-bb-True,run_M0151_1q0n_cond12_28-atomized-bb-True.pdb,0,40,True,True,True
M0151_1q0n,rfflow_fixed-ligand_run_M0151_1q0n_cond12_29-atomized-bb-True,run_M0151_1q0n_cond12_29-atomized-bb-True.pdb,0,40,True,True,True
M0151_1q0n,rfflow_fixed-ligand_run_M0151_1q0n_cond12_3-atomized-bb-True,run_M0151_1q0n_cond12_3-atomized-bb-True.pdb,4,40,False,True,False
M0151_1q0n,rfflow_fixed-ligand_run_M0151_1q0n_cond12_30-atomized-bb-True,run_M0151_1q0n_cond12_30-atomized-bb-True.pdb,0,40,True,False,False
M0151_1q0n,rfflow_fixed-ligand_run_M0151_1q0n_cond12_31-atomized-bb-True,run_M0151_1q0n_cond12_31-atomized-bb-True.pdb,0,40,True,True,True
M0151_1q0n,rfflow_fixed-ligand_run_M0151_1q0n_cond12_32-atomized-bb-True,run_M0151_1q0n_cond12_32-atomized-bb-True.pdb,0,40,True,True,True
M0151_1q0n,rfflow_fixed-ligand_run_M0151_1q0n_cond12_33-atomized-bb-True,run_M0151_1q0n_cond12_33-atomized-bb-True.pdb,0,40,True,True,True
M0151_1q0n,rfflow_fixed-ligand_run_M0151_1q0n_cond12_34-atomized-bb-True,run_M0151_1q0n_cond12_34-atomized-bb-True.pdb,0,40,True,False,False
M0151_1q0n,rfflow_fixed-ligand_run_M0151_1q0n_cond12_35-atomized-bb-True,run_M0151_1q0n_cond12_35-atomized-bb-True.pdb,0,40,True,True,True
M0151_1q0n,rfflow_fixed-ligand_run_M0151_1q0n_cond12_36-atomized-bb-True,run_M0151_1q0n_cond12_36-atomized-bb-True.pdb,1,40,False,True,False
M0151_1q0n,rfflow_fixed-ligand_run_M0151_1q0n_cond12_37-atomized-bb-True,run_M0151_1q0n_cond12_37-atomized-bb-True.pdb,0,40,True,True,True
M0151_1q0n,rfflow_fixed-ligand_run_M0151_1q0n_cond12_38-atomized-bb-True,run_M0151_1q0n_cond12_38-atomized-bb-True.pdb,0,40,True,True,True
M0151_1q0n,rfflow_fixed-ligand_run_M0151_1q0n_cond12_39-atomized-bb-True,run_M0151_1q0n_cond12_39-atomized-bb-True.pdb,0,40,True,True,True
M0151_1q0n,rfflow_fixed-ligand_run_M0151_1q0n_cond12_4-atomized-bb-True,run_M0151_1q0n_cond12_4-atomized-bb-True.pdb,0,40,True,True,True
M0151_1q0n,rfflow_fixed-ligand_run_M0151_1q0n_cond12_40-atomized-bb-True,run_M0151_1q0n_cond12_40-atomized-bb-True.pdb,0,40,True,False,False
M0151_1q0n,rfflow_fixed-ligand_run_M0151_1q0n_cond12_41-atomized-bb-True,run_M0151_1q0n_cond12_41-atomized-bb-True.pdb,0,40,True,True,True
M0151_1q0n,rfflow_fixed-ligand_run_M0151_1q0n_cond12_42-atomized-bb-True,run_M0151_1q0n_cond12_42-atomized-bb-True.pdb,0,40,True,True,True
M0151_1q0n,rfflow_fixed-ligand_run_M0151_1q0n_cond12_43-atomized-bb-True,run_M0151_1q0n_cond12_43-atomized-bb-True.pdb,0,40,True,True,True
M0151_1q0n,rfflow_fixed-ligand_run_M0151_1q0n_cond12_44-atomized-bb-True,run_M0151_1q0n_cond12_44-atomized-bb-True.pdb,0,40,True,True,True
M0151_1q0n,rfflow_fixed-ligand_run_M0151_1q0n_cond12_45-atomized-bb-True,run_M0151_1q0n_cond12_45-atomized-bb-True.pdb,0,40,True,True,True
M0151_1q0n,rfflow_fixed-ligand_run_M0151_1q0n_cond12_46-atomized-bb-True,run_M0151_1q0n_cond12_46-atomized-bb-True.pdb,0,40,True,True,True
M0151_1q0n,rfflow_fixed-ligand_run_M0151_1q0n_cond12_47-atomized-bb-True,run_M0151_1q0n_cond12_47-atomized-bb-True.pdb,0,40,True,True,True
M0151_1q0n,rfflow_fixed-ligand_run_M0151_1q0n_cond12_48-atomized-bb-True,run_M0151_1q0n_cond12_48-atomized-bb-True.pdb,0,40,True,True,True
M0151_1q0n,rfflow_fixed-ligand_run_M0151_1q0n_cond12_49-atomized-bb-True,run_M0151_1q0n_cond12_49-atomized-bb-True.pdb,0,40,True,True,True
M0151_1q0n,rfflow_fixed-ligand_run_M0151_1q0n_cond12_5-atomized-bb-True,run_M0151_1q0n_cond12_5-atomized-bb-True.pdb,0,40,True,True,True
M0151_1q0n,rfflow_fixed-ligand_run_M0151_1q0n_cond12_50-atomized-bb-True,run_M0151_1q0n_cond12_50-atomized-bb-True.pdb,0,40,True,True,True
M0151_1q0n,rfflow_fixed-ligand_run_M0151_1q0n_cond12_51-atomized-bb-True,run_M0151_1q0n_cond12_51-atomized-bb-True.pdb,0,40,True,True,True
M0151_1q0n,rfflow_fixed-ligand_run_M0151_1q0n_cond12_52-atomized-bb-True,run_M0151_1q0n_cond12_52-atomized-bb-True.pdb,0,40,True,True,True
M0151_1q0n,rfflow_fixed-ligand_run_M0151_1q0n_cond12_53-atomized-bb-True,run_M0151_1q0n_cond12_53-atomized-bb-True.pdb,2,40,False,True,False
M0151_1q0n,rfflow_fixed-ligand_run_M0151_1q0n_cond12_54-atomized-bb-True,run_M0151_1q0n_cond12_54-atomized-bb-True.pdb,0,40,True,True,True
M0151_1q0n,rfflow_fixed-ligand_run_M0151_1q0n_cond12_55-atomized-bb-True,run_M0151_1q0n_cond12_55-atomized-bb-True.pdb,0,40,True,True,True
M0151_1q0n,rfflow_fixed-ligand_run_M0151_1q0n_cond12_56-atomized-bb-True,run_M0151_1q0n_cond12_56-atomized-bb-True.pdb,0,40,True,True,True
M0151_1q0n,rfflow_fixed-ligand_run_M0151_1q0n_cond12_57-atomized-bb-True,run_M0151_1q0n_cond12_57-atomized-bb-True.pdb,0,40,True,True,True
M0151_1q0n,rfflow_fixed-ligand_run_M0151_1q0n_cond12_58-atomized-bb-True,run_M0151_1q0n_cond12_58-atomized-bb-True.pdb,0,40,True,True,True
M0151_1q0n,rfflow_fixed-ligand_run_M0151_1q0n_cond12_59-atomized-bb-True,run_M0151_1q0n_cond12_59-atomized-bb-True.pdb,0,40,True,True,True
M0151_1q0n,rfflow_fixed-ligand_run_M0151_1q0n_cond12_6-atomized-bb-True,run_M0151_1q0n_cond12_6-atomized-bb-True.pdb,0,40,True,True,True
M0151_1q0n,rfflow_fixed-ligand_run_M0151_1q0n_cond12_60-atomized-bb-True,run_M0151_1q0n_cond12_60-atomized-bb-True.pdb,0,40,True,False,False
M0151_1q0n,rfflow_fixed-ligand_run_M0151_1q0n_cond12_61-atomized-bb-True,run_M0151_1q0n_cond12_61-atomized-bb-True.pdb,0,40,True,True,True
M0151_1q0n,rfflow_fixed-ligand_run_M0151_1q0n_cond12_62-atomized-bb-True,run_M0151_1q0n_cond12_62-atomized-bb-True.pdb,0,40,True,True,True
M0151_1q0n,rfflow_fixed-ligand_run_M0151_1q0n_cond12_63-atomized-bb-True,run_M0151_1q0n_cond12_63-atomized-bb-True.pdb,0,40,True,True,True
M0151_1q0n,rfflow_fixed-ligand_run_M0151_1q0n_cond12_64-atomized-bb-True,run_M0151_1q0n_cond12_64-atomized-bb-True.pdb,0,40,True,True,True
M0151_1q0n,rfflow_fixed-ligand_run_M0151_1q0n_cond12_65-atomized-bb-True,run_M0151_1q0n_cond12_65-atomized-bb-True.pdb,0,40,True,True,True
M0151_1q0n,rfflow_fixed-ligand_run_M0151_1q0n_cond12_66-atomized-bb-True,run_M0151_1q0n_cond12_66-atomized-bb-True.pdb,0,40,True,False,False
M0151_1q0n,rfflow_fixed-ligand_run_M0151_1q0n_cond12_67-atomized-bb-True,run_M0151_1q0n_cond12_67-atomized-bb-True.pdb,0,40,True,True,True
M0151_1q0n,rfflow_fixed-ligand_run_M0151_1q0n_cond12_68-atomized-bb-True,run_M0151_1q0n_cond12_68-atomized-bb-True.pdb,1,40,False,True,False
M0151_1q0n,rfflow_fixed-ligand_run_M0151_1q0n_cond12_69-atomized-bb-True,run_M0151_1q0n_cond12_69-atomized-bb-True.pdb,0,40,True,True,True
M0151_1q0n,rfflow_fixed-ligand_run_M0151_1q0n_cond12_7-atomized-bb-True,run_M0151_1q0n_cond12_7-atomized-bb-True.pdb,0,40,True,False,False
M0151_1q0n,rfflow_fixed-ligand_run_M0151_1q0n_cond12_70-atomized-bb-True,run_M0151_1q0n_cond12_70-atomized-bb-True.pdb,0,40,True,True,True
M0151_1q0n,rfflow_fixed-ligand_run_M0151_1q0n_cond12_71-atomized-bb-True,run_M0151_1q0n_cond12_71-atomized-bb-True.pdb,9,40,False,True,False
M0151_1q0n,rfflow_fixed-ligand_run_M0151_1q0n_cond12_72-atomized-bb-True,run_M0151_1q0n_cond12_72-atomized-bb-True.pdb,0,40,True,False,False
M0151_1q0n,rfflow_fixed-ligand_run_M0151_1q0n_cond12_73-atomized-bb-True,run_M0151_1q0n_cond12_73-atomized-bb-True.pdb,0,40,True,True,True
M0151_1q0n,rfflow_fixed-ligand_run_M0151_1q0n_cond12_74-atomized-bb-True,run_M0151_1q0n_cond12_74-atomized-bb-True.pdb,0,40,True,True,True
M0151_1q0n,rfflow_fixed-ligand_run_M0151_1q0n_cond12_75-atomized-bb-True,run_M0151_1q0n_cond12_75-atomized-bb-True.pdb,0,40,True,True,True
M0151_1q0n,rfflow_fixed-ligand_run_M0151_1q0n_cond12_76-atomized-bb-True,run_M0151_1q0n_cond12_76-atomized-bb-True.pdb,0,40,True,False,False
M0151_1q0n,rfflow_fixed-ligand_run_M0151_1q0n_cond12_77-atomized-bb-True,run_M0151_1q0n_cond12_77-atomized-bb-True.pdb,0,40,True,True,True
M0151_1q0n,rfflow_fixed-ligand_run_M0151_1q0n_cond12_78-atomized-bb-True,run_M0151_1q0n_cond12_78-atomized-bb-True.pdb,0,40,True,False,False
M0151_1q0n,rfflow_fixed-ligand_run_M0151_1q0n_cond12_79-atomized-bb-True,run_M0151_1q0n_cond12_79-atomized-bb-True.pdb,0,40,True,True,True
M0151_1q0n,rfflow_fixed-ligand_run_M0151_1q0n_cond12_8-atomized-bb-True,run_M0151_1q0n_cond12_8-atomized-bb-True.pdb,0,40,True,True,True
M0151_1q0n,rfflow_fixed-ligand_run_M0151_1q0n_cond12_80-atomized-bb-True,run_M0151_1q0n_cond12_80-atomized-bb-True.pdb,0,40,True,True,True
M0151_1q0n,rfflow_fixed-ligand_run_M0151_1q0n_cond12_81-atomized-bb-True,run_M0151_1q0n_cond12_81-atomized-bb-True.pdb,0,40,True,True,True
M0151_1q0n,rfflow_fixed-ligand_run_M0151_1q0n_cond12_82-atomized-bb-True,run_M0151_1q0n_cond12_82-atomized-bb-True.pdb,0,40,True,True,True
M0151_1q0n,rfflow_fixed-ligand_run_M0151_1q0n_cond12_83-atomized-bb-True,run_M0151_1q0n_cond12_83-atomized-bb-True.pdb,0,40,True,True,True
M0151_1q0n,rfflow_fixed-ligand_run_M0151_1q0n_cond12_84-atomized-bb-True,run_M0151_1q0n_cond12_84-atomized-bb-True.pdb,0,40,True,True,True
M0151_1q0n,rfflow_fixed-ligand_run_M0151_1q0n_cond12_85-atomized-bb-True,run_M0151_1q0n_cond12_85-atomized-bb-True.pdb,0,40,True,True,True
M0151_1q0n,rfflow_fixed-ligand_run_M0151_1q0n_cond12_86-atomized-bb-True,run_M0151_1q0n_cond12_86-atomized-bb-True.pdb,0,40,True,False,False
M0151_1q0n,rfflow_fixed-ligand_run_M0151_1q0n_cond12_87-atomized-bb-True,run_M0151_1q0n_cond12_87-atomized-bb-True.pdb,0,40,True,True,True
M0151_1q0n,rfflow_fixed-ligand_run_M0151_1q0n_cond12_88-atomized-bb-True,run_M0151_1q0n_cond12_88-atomized-bb-True.pdb,0,40,True,True,True
M0151_1q0n,rfflow_fixed-ligand_run_M0151_1q0n_cond12_89-atomized-bb-True,run_M0151_1q0n_cond12_89-atomized-bb-True.pdb,0,40,True,True,True
M0151_1q0n,rfflow_fixed-ligand_run_M0151_1q0n_cond12_9-atomized-bb-True,run_M0151_1q0n_cond12_9-atomized-bb-True.pdb,0,40,True,True,True
M0151_1q0n,rfflow_fixed-ligand_run_M0151_1q0n_cond12_90-atomized-bb-True,run_M0151_1q0n_cond12_90-atomized-bb-True.pdb,0,40,True,True,True
M0151_1q0n,rfflow_fixed-ligand_run_M0151_1q0n_cond12_91-atomized-bb-True,run_M0151_1q0n_cond12_91-atomized-bb-True.pdb,0,40,True,False,False
M0151_1q0n,rfflow_fixed-ligand_run_M0151_1q0n_cond12_92-atomized-bb-True,run_M0151_1q0n_cond12_92-atomized-bb-True.pdb,0,40,True,True,True
M0151_1q0n,rfflow_fixed-ligand_run_M0151_1q0n_cond12_93-atomized-bb-True,run_M0151_1q0n_cond12_93-atomized-bb-True.pdb,0,40,True,True,True
M0151_1q0n,rfflow_fixed-ligand_run_M0151_1q0n_cond12_94-atomized-bb-True,run_M0151_1q0n_cond12_94-atomized-bb-True.pdb,0,40,True,True,True
M0151_1q0n,rfflow_fixed-ligand_run_M0151_1q0n_cond12_95-atomized-bb-True,run_M0151_1q0n_cond12_95-atomized-bb-True.pdb,0,40,True,True,True
M0151_1q0n,rfflow_fixed-ligand_run_M0151_1q0n_cond12_96-atomized-bb-True,run_M0151_1q0n_cond12_96-atomized-bb-True.pdb,0,40,True,True,True
M0151_1q0n,rfflow_fixed-ligand_run_M0151_1q0n_cond12_97-atomized-bb-True,run_M0151_1q0n_cond12_97-atomized-bb-True.pdb,0,40,True,True,True
M0151_1q0n,rfflow_fixed-ligand_run_M0151_1q0n_cond12_98-atomized-bb-True,run_M0151_1q0n_cond12_98-atomized-bb-True.pdb,0,40,True,True,True
M0151_1q0n,rfflow_fixed-ligand_run_M0151_1q0n_cond12_99-atomized-bb-True,run_M0151_1q0n_cond12_99-atomized-bb-True.pdb,0,40,True,True,True
M0157_1qh5,rfflow_fixed-ligand_run_M0157_1qh5_cond13_0-atomized-bb-True,run_M0157_1qh5_cond13_0-atomized-bb-True.pdb,0,40,True,True,True
M0157_1qh5,rfflow_fixed-ligand_run_M0157_1qh5_cond13_1-atomized-bb-True,run_M0157_1qh5_cond13_1-atomized-bb-True.pdb,0,40,True,True,True
M0157_1qh5,rfflow_fixed-ligand_run_M0157_1qh5_cond13_10-atomized-bb-True,run_M0157_1qh5_cond13_10-atomized-bb-True.pdb,0,40,True,True,True
M0157_1qh5,rfflow_fixed-ligand_run_M0157_1qh5_cond13_11-atomized-bb-True,run_M0157_1qh5_cond13_11-atomized-bb-True.pdb,0,40,True,True,True
M0157_1qh5,rfflow_fixed-ligand_run_M0157_1qh5_cond13_12-atomized-bb-True,run_M0157_1qh5_cond13_12-atomized-bb-True.pdb,0,40,True,True,True
M0157_1qh5,rfflow_fixed-ligand_run_M0157_1qh5_cond13_13-atomized-bb-True,run_M0157_1qh5_cond13_13-atomized-bb-True.pdb,0,40,True,True,True
M0157_1qh5,rfflow_fixed-ligand_run_M0157_1qh5_cond13_14-atomized-bb-True,run_M0157_1qh5_cond13_14-atomized-bb-True.pdb,0,40,True,True,True
M0157_1qh5,rfflow_fixed-ligand_run_M0157_1qh5_cond13_15-atomized-bb-True,run_M0157_1qh5_cond13_15-atomized-bb-True.pdb,3,40,False,True,False
M0157_1qh5,rfflow_fixed-ligand_run_M0157_1qh5_cond13_16-atomized-bb-True,run_M0157_1qh5_cond13_16-atomized-bb-True.pdb,4,40,False,True,False
M0157_1qh5,rfflow_fixed-ligand_run_M0157_1qh5_cond13_17-atomized-bb-True,run_M0157_1qh5_cond13_17-atomized-bb-True.pdb,0,40,True,True,True
M0157_1qh5,rfflow_fixed-ligand_run_M0157_1qh5_cond13_18-atomized-bb-True,run_M0157_1qh5_cond13_18-atomized-bb-True.pdb,0,40,True,True,True
M0157_1qh5,rfflow_fixed-ligand_run_M0157_1qh5_cond13_19-atomized-bb-True,run_M0157_1qh5_cond13_19-atomized-bb-True.pdb,0,40,True,True,True
M0157_1qh5,rfflow_fixed-ligand_run_M0157_1qh5_cond13_2-atomized-bb-True,run_M0157_1qh5_cond13_2-atomized-bb-True.pdb,0,40,True,True,True
M0157_1qh5,rfflow_fixed-ligand_run_M0157_1qh5_cond13_20-atomized-bb-True,run_M0157_1qh5_cond13_20-atomized-bb-True.pdb,0,40,True,True,True
M0157_1qh5,rfflow_fixed-ligand_run_M0157_1qh5_cond13_21-atomized-bb-True,run_M0157_1qh5_cond13_21-atomized-bb-True.pdb,0,40,True,True,True
M0157_1qh5,rfflow_fixed-ligand_run_M0157_1qh5_cond13_22-atomized-bb-True,run_M0157_1qh5_cond13_22-atomized-bb-True.pdb,0,40,True,True,True
M0157_1qh5,rfflow_fixed-ligand_run_M0157_1qh5_cond13_23-atomized-bb-True,run_M0157_1qh5_cond13_23-atomized-bb-True.pdb,1,40,False,True,False
M0157_1qh5,rfflow_fixed-ligand_run_M0157_1qh5_cond13_24-atomized-bb-True,run_M0157_1qh5_cond13_24-atomized-bb-True.pdb,0,40,True,True,True
M0157_1qh5,rfflow_fixed-ligand_run_M0157_1qh5_cond13_25-atomized-bb-True,run_M0157_1qh5_cond13_25-atomized-bb-True.pdb,0,40,True,True,True
M0157_1qh5,rfflow_fixed-ligand_run_M0157_1qh5_cond13_26-atomized-bb-True,run_M0157_1qh5_cond13_26-atomized-bb-True.pdb,0,40,True,True,True
M0157_1qh5,rfflow_fixed-ligand_run_M0157_1qh5_cond13_27-atomized-bb-True,run_M0157_1qh5_cond13_27-atomized-bb-True.pdb,0,40,True,True,True
M0157_1qh5,rfflow_fixed-ligand_run_M0157_1qh5_cond13_28-atomized-bb-True,run_M0157_1qh5_cond13_28-atomized-bb-True.pdb,0,40,True,True,True
M0157_1qh5,rfflow_fixed-ligand_run_M0157_1qh5_cond13_29-atomized-bb-True,run_M0157_1qh5_cond13_29-atomized-bb-True.pdb,0,40,True,True,True
M0157_1qh5,rfflow_fixed-ligand_run_M0157_1qh5_cond13_3-atomized-bb-True,run_M0157_1qh5_cond13_3-atomized-bb-True.pdb,0,40,True,True,True
M0157_1qh5,rfflow_fixed-ligand_run_M0157_1qh5_cond13_30-atomized-bb-True,run_M0157_1qh5_cond13_30-atomized-bb-True.pdb,0,40,True,True,True
M0157_1qh5,rfflow_fixed-ligand_run_M0157_1qh5_cond13_31-atomized-bb-True,run_M0157_1qh5_cond13_31-atomized-bb-True.pdb,0,40,True,True,True
M0157_1qh5,rfflow_fixed-ligand_run_M0157_1qh5_cond13_32-atomized-bb-True,run_M0157_1qh5_cond13_32-atomized-bb-True.pdb,0,40,True,True,True
M0157_1qh5,rfflow_fixed-ligand_run_M0157_1qh5_cond13_33-atomized-bb-True,run_M0157_1qh5_cond13_33-atomized-bb-True.pdb,0,40,True,True,True
M0157_1qh5,rfflow_fixed-ligand_run_M0157_1qh5_cond13_34-atomized-bb-True,run_M0157_1qh5_cond13_34-atomized-bb-True.pdb,0,40,True,True,True
M0157_1qh5,rfflow_fixed-ligand_run_M0157_1qh5_cond13_35-atomized-bb-True,run_M0157_1qh5_cond13_35-atomized-bb-True.pdb,1,40,False,True,False
M0157_1qh5,rfflow_fixed-ligand_run_M0157_1qh5_cond13_36-atomized-bb-True,run_M0157_1qh5_cond13_36-atomized-bb-True.pdb,0,40,True,True,True
M0157_1qh5,rfflow_fixed-ligand_run_M0157_1qh5_cond13_37-atomized-bb-True,run_M0157_1qh5_cond13_37-atomized-bb-True.pdb,0,40,True,False,False
M0157_1qh5,rfflow_fixed-ligand_run_M0157_1qh5_cond13_38-atomized-bb-True,run_M0157_1qh5_cond13_38-atomized-bb-True.pdb,0,40,True,True,True
M0157_1qh5,rfflow_fixed-ligand_run_M0157_1qh5_cond13_39-atomized-bb-True,run_M0157_1qh5_cond13_39-atomized-bb-True.pdb,0,40,True,True,True
M0157_1qh5,rfflow_fixed-ligand_run_M0157_1qh5_cond13_4-atomized-bb-True,run_M0157_1qh5_cond13_4-atomized-bb-True.pdb,0,40,True,True,True
M0157_1qh5,rfflow_fixed-ligand_run_M0157_1qh5_cond13_40-atomized-bb-True,run_M0157_1qh5_cond13_40-atomized-bb-True.pdb,0,40,True,True,True
M0157_1qh5,rfflow_fixed-ligand_run_M0157_1qh5_cond13_41-atomized-bb-True,run_M0157_1qh5_cond13_41-atomized-bb-True.pdb,0,40,True,True,True
M0157_1qh5,rfflow_fixed-ligand_run_M0157_1qh5_cond13_42-atomized-bb-True,run_M0157_1qh5_cond13_42-atomized-bb-True.pdb,0,40,True,True,True
M0157_1qh5,rfflow_fixed-ligand_run_M0157_1qh5_cond13_43-atomized-bb-True,run_M0157_1qh5_cond13_43-atomized-bb-True.pdb,0,40,True,True,True
M0157_1qh5,rfflow_fixed-ligand_run_M0157_1qh5_cond13_44-atomized-bb-True,run_M0157_1qh5_cond13_44-atomized-bb-True.pdb,0,40,True,True,True
M0157_1qh5,rfflow_fixed-ligand_run_M0157_1qh5_cond13_45-atomized-bb-True,run_M0157_1qh5_cond13_45-atomized-bb-True.pdb,0,40,True,True,True
M0157_1qh5,rfflow_fixed-ligand_run_M0157_1qh5_cond13_46-atomized-bb-True,run_M0157_1qh5_cond13_46-atomized-bb-True.pdb,0,40,True,True,True
M0157_1qh5,rfflow_fixed-ligand_run_M0157_1qh5_cond13_47-atomized-bb-True,run_M0157_1qh5_cond13_47-atomized-bb-True.pdb,0,40,True,True,True
M0157_1qh5,rfflow_fixed-ligand_run_M0157_1qh5_cond13_48-atomized-bb-True,run_M0157_1qh5_cond13_48-atomized-bb-True.pdb,0,40,True,True,True
M0157_1qh5,rfflow_fixed-ligand_run_M0157_1qh5_cond13_49-atomized-bb-True,run_M0157_1qh5_cond13_49-atomized-bb-True.pdb,0,40,True,True,True
M0157_1qh5,rfflow_fixed-ligand_run_M0157_1qh5_cond13_5-atomized-bb-True,run_M0157_1qh5_cond13_5-atomized-bb-True.pdb,0,40,True,True,True
M0157_1qh5,rfflow_fixed-ligand_run_M0157_1qh5_cond13_50-atomized-bb-True,run_M0157_1qh5_cond13_50-atomized-bb-True.pdb,0,40,True,True,True
M0157_1qh5,rfflow_fixed-ligand_run_M0157_1qh5_cond13_51-atomized-bb-True,run_M0157_1qh5_cond13_51-atomized-bb-True.pdb,0,40,True,True,True
M0157_1qh5,rfflow_fixed-ligand_run_M0157_1qh5_cond13_52-atomized-bb-True,run_M0157_1qh5_cond13_52-atomized-bb-True.pdb,0,40,True,True,True
M0157_1qh5,rfflow_fixed-ligand_run_M0157_1qh5_cond13_53-atomized-bb-True,run_M0157_1qh5_cond13_53-atomized-bb-True.pdb,0,40,True,True,True
M0157_1qh5,rfflow_fixed-ligand_run_M0157_1qh5_cond13_54-atomized-bb-True,run_M0157_1qh5_cond13_54-atomized-bb-True.pdb,0,40,True,True,True
M0157_1qh5,rfflow_fixed-ligand_run_M0157_1qh5_cond13_55-atomized-bb-True,run_M0157_1qh5_cond13_55-atomized-bb-True.pdb,0,40,True,True,True
M0157_1qh5,rfflow_fixed-ligand_run_M0157_1qh5_cond13_56-atomized-bb-True,run_M0157_1qh5_cond13_56-atomized-bb-True.pdb,0,40,True,True,True
M0157_1qh5,rfflow_fixed-ligand_run_M0157_1qh5_cond13_57-atomized-bb-True,run_M0157_1qh5_cond13_57-atomized-bb-True.pdb,0,40,True,True,True
M0157_1qh5,rfflow_fixed-ligand_run_M0157_1qh5_cond13_58-atomized-bb-True,run_M0157_1qh5_cond13_58-atomized-bb-True.pdb,1,40,False,True,False
M0157_1qh5,rfflow_fixed-ligand_run_M0157_1qh5_cond13_59-atomized-bb-True,run_M0157_1qh5_cond13_59-atomized-bb-True.pdb,0,40,True,True,True
M0157_1qh5,rfflow_fixed-ligand_run_M0157_1qh5_cond13_6-atomized-bb-True,run_M0157_1qh5_cond13_6-atomized-bb-True.pdb,0,40,True,True,True
M0157_1qh5,rfflow_fixed-ligand_run_M0157_1qh5_cond13_60-atomized-bb-True,run_M0157_1qh5_cond13_60-atomized-bb-True.pdb,0,40,True,True,True
M0157_1qh5,rfflow_fixed-ligand_run_M0157_1qh5_cond13_61-atomized-bb-True,run_M0157_1qh5_cond13_61-atomized-bb-True.pdb,0,40,True,True,True
M0157_1qh5,rfflow_fixed-ligand_run_M0157_1qh5_cond13_62-atomized-bb-True,run_M0157_1qh5_cond13_62-atomized-bb-True.pdb,0,40,True,True,True
M0157_1qh5,rfflow_fixed-ligand_run_M0157_1qh5_cond13_63-atomized-bb-True,run_M0157_1qh5_cond13_63-atomized-bb-True.pdb,0,40,True,True,True
M0157_1qh5,rfflow_fixed-ligand_run_M0157_1qh5_cond13_64-atomized-bb-True,run_M0157_1qh5_cond13_64-atomized-bb-True.pdb,0,40,True,True,True
M0157_1qh5,rfflow_fixed-ligand_run_M0157_1qh5_cond13_65-atomized-bb-True,run_M0157_1qh5_cond13_65-atomized-bb-True.pdb,1,40,False,True,False
M0157_1qh5,rfflow_fixed-ligand_run_M0157_1qh5_cond13_66-atomized-bb-True,run_M0157_1qh5_cond13_66-atomized-bb-True.pdb,0,40,True,True,True
M0157_1qh5,rfflow_fixed-ligand_run_M0157_1qh5_cond13_67-atomized-bb-True,run_M0157_1qh5_cond13_67-atomized-bb-True.pdb,0,40,True,True,True
M0157_1qh5,rfflow_fixed-ligand_run_M0157_1qh5_cond13_68-atomized-bb-True,run_M0157_1qh5_cond13_68-atomized-bb-True.pdb,0,40,True,True,True
M0157_1qh5,rfflow_fixed-ligand_run_M0157_1qh5_cond13_69-atomized-bb-True,run_M0157_1qh5_cond13_69-atomized-bb-True.pdb,0,40,True,True,True
M0157_1qh5,rfflow_fixed-ligand_run_M0157_1qh5_cond13_7-atomized-bb-True,run_M0157_1qh5_cond13_7-atomized-bb-True.pdb,0,40,True,True,True
M0157_1qh5,rfflow_fixed-ligand_run_M0157_1qh5_cond13_70-atomized-bb-True,run_M0157_1qh5_cond13_70-atomized-bb-True.pdb,0,40,True,True,True
M0157_1qh5,rfflow_fixed-ligand_run_M0157_1qh5_cond13_71-atomized-bb-True,run_M0157_1qh5_cond13_71-atomized-bb-True.pdb,0,40,True,True,True
M0157_1qh5,rfflow_fixed-ligand_run_M0157_1qh5_cond13_72-atomized-bb-True,run_M0157_1qh5_cond13_72-atomized-bb-True.pdb,0,40,True,True,True
M0157_1qh5,rfflow_fixed-ligand_run_M0157_1qh5_cond13_73-atomized-bb-True,run_M0157_1qh5_cond13_73-atomized-bb-True.pdb,2,40,False,True,False
M0157_1qh5,rfflow_fixed-ligand_run_M0157_1qh5_cond13_74-atomized-bb-True,run_M0157_1qh5_cond13_74-atomized-bb-True.pdb,0,40,True,True,True
M0157_1qh5,rfflow_fixed-ligand_run_M0157_1qh5_cond13_75-atomized-bb-True,run_M0157_1qh5_cond13_75-atomized-bb-True.pdb,0,40,True,True,True
M0157_1qh5,rfflow_fixed-ligand_run_M0157_1qh5_cond13_76-atomized-bb-True,run_M0157_1qh5_cond13_76-atomized-bb-True.pdb,0,40,True,True,True
M0157_1qh5,rfflow_fixed-ligand_run_M0157_1qh5_cond13_77-atomized-bb-True,run_M0157_1qh5_cond13_77-atomized-bb-True.pdb,0,40,True,True,True
M0157_1qh5,rfflow_fixed-ligand_run_M0157_1qh5_cond13_78-atomized-bb-True,run_M0157_1qh5_cond13_78-atomized-bb-True.pdb,0,40,True,True,True
M0157_1qh5,rfflow_fixed-ligand_run_M0157_1qh5_cond13_79-atomized-bb-True,run_M0157_1qh5_cond13_79-atomized-bb-True.pdb,0,40,True,True,True
M0157_1qh5,rfflow_fixed-ligand_run_M0157_1qh5_cond13_8-atomized-bb-True,run_M0157_1qh5_cond13_8-atomized-bb-True.pdb,0,40,True,True,True
M0157_1qh5,rfflow_fixed-ligand_run_M0157_1qh5_cond13_80-atomized-bb-True,run_M0157_1qh5_cond13_80-atomized-bb-True.pdb,0,40,True,True,True
M0157_1qh5,rfflow_fixed-ligand_run_M0157_1qh5_cond13_81-atomized-bb-True,run_M0157_1qh5_cond13_81-atomized-bb-True.pdb,0,40,True,True,True
M0157_1qh5,rfflow_fixed-ligand_run_M0157_1qh5_cond13_82-atomized-bb-True,run_M0157_1qh5_cond13_82-atomized-bb-True.pdb,0,40,True,True,True
M0157_1qh5,rfflow_fixed-ligand_run_M0157_1qh5_cond13_83-atomized-bb-True,run_M0157_1qh5_cond13_83-atomized-bb-True.pdb,0,40,True,True,True
M0157_1qh5,rfflow_fixed-ligand_run_M0157_1qh5_cond13_84-atomized-bb-True,run_M0157_1qh5_cond13_84-atomized-bb-True.pdb,0,40,True,True,True
M0157_1qh5,rfflow_fixed-ligand_run_M0157_1qh5_cond13_85-atomized-bb-True,run_M0157_1qh5_cond13_85-atomized-bb-True.pdb,0,40,True,True,True
M0157_1qh5,rfflow_fixed-ligand_run_M0157_1qh5_cond13_86-atomized-bb-True,run_M0157_1qh5_cond13_86-atomized-bb-True.pdb,1,40,False,True,False
M0157_1qh5,rfflow_fixed-ligand_run_M0157_1qh5_cond13_87-atomized-bb-True,run_M0157_1qh5_cond13_87-atomized-bb-True.pdb,0,40,True,True,True
M0157_1qh5,rfflow_fixed-ligand_run_M0157_1qh5_cond13_88-atomized-bb-True,run_M0157_1qh5_cond13_88-atomized-bb-True.pdb,0,40,True,True,True
M0157_1qh5,rfflow_fixed-ligand_run_M0157_1qh5_cond13_89-atomized-bb-True,run_M0157_1qh5_cond13_89-atomized-bb-True.pdb,0,40,True,True,True
M0157_1qh5,rfflow_fixed-ligand_run_M0157_1qh5_cond13_9-atomized-bb-True,run_M0157_1qh5_cond13_9-atomized-bb-True.pdb,0,40,True,True,True
M0157_1qh5,rfflow_fixed-ligand_run_M0157_1qh5_cond13_90-atomized-bb-True,run_M0157_1qh5_cond13_90-atomized-bb-True.pdb,0,40,True,True,True
M0157_1qh5,rfflow_fixed-ligand_run_M0157_1qh5_cond13_91-atomized-bb-True,run_M0157_1qh5_cond13_91-atomized-bb-True.pdb,0,40,True,True,True
M0157_1qh5,rfflow_fixed-ligand_run_M0157_1qh5_cond13_92-atomized-bb-True,run_M0157_1qh5_cond13_92-atomized-bb-True.pdb,0,40,True,True,True
M0157_1qh5,rfflow_fixed-ligand_run_M0157_1qh5_cond13_93-atomized-bb-True,run_M0157_1qh5_cond13_93-atomized-bb-True.pdb,0,40,True,True,True
M0157_1qh5,rfflow_fixed-ligand_run_M0157_1qh5_cond13_94-atomized-bb-True,run_M0157_1qh5_cond13_94-atomized-bb-True.pdb,2,40,False,True,False
M0157_1qh5,rfflow_fixed-ligand_run_M0157_1qh5_cond13_95-atomized-bb-True,run_M0157_1qh5_cond13_95-atomized-bb-True.pdb,0,40,True,True,True
M0157_1qh5,rfflow_fixed-ligand_run_M0157_1qh5_cond13_96-atomized-bb-True,run_M0157_1qh5_cond13_96-atomized-bb-True.pdb,0,40,True,True,True
M0157_1qh5,rfflow_fixed-ligand_run_M0157_1qh5_cond13_97-atomized-bb-True,run_M0157_1qh5_cond13_97-atomized-bb-True.pdb,0,40,True,True,True
M0157_1qh5,rfflow_fixed-ligand_run_M0157_1qh5_cond13_98-atomized-bb-True,run_M0157_1qh5_cond13_98-atomized-bb-True.pdb,0,40,True,True,True
M0157_1qh5,rfflow_fixed-ligand_run_M0157_1qh5_cond13_99-atomized-bb-True,run_M0157_1qh5_cond13_99-atomized-bb-True.pdb,0,40,True,True,True
M0179_1q3s,rfflow_fixed-ligand_run_M0179_1q3s_cond14_0-atomized-bb-True,run_M0179_1q3s_cond14_0-atomized-bb-True.pdb,0,40,True,False,False
M0179_1q3s,rfflow_fixed-ligand_run_M0179_1q3s_cond14_1-atomized-bb-True,run_M0179_1q3s_cond14_1-atomized-bb-True.pdb,0,40,True,True,True
M0179_1q3s,rfflow_fixed-ligand_run_M0179_1q3s_cond14_10-atomized-bb-True,run_M0179_1q3s_cond14_10-atomized-bb-True.pdb,0,40,True,True,True
M0179_1q3s,rfflow_fixed-ligand_run_M0179_1q3s_cond14_11-atomized-bb-True,run_M0179_1q3s_cond14_11-atomized-bb-True.pdb,0,40,True,False,False
M0179_1q3s,rfflow_fixed-ligand_run_M0179_1q3s_cond14_12-atomized-bb-True,run_M0179_1q3s_cond14_12-atomized-bb-True.pdb,0,40,True,True,True
M0179_1q3s,rfflow_fixed-ligand_run_M0179_1q3s_cond14_13-atomized-bb-True,run_M0179_1q3s_cond14_13-atomized-bb-True.pdb,1,40,False,True,False
M0179_1q3s,rfflow_fixed-ligand_run_M0179_1q3s_cond14_14-atomized-bb-True,run_M0179_1q3s_cond14_14-atomized-bb-True.pdb,0,40,True,True,True
M0179_1q3s,rfflow_fixed-ligand_run_M0179_1q3s_cond14_15-atomized-bb-True,run_M0179_1q3s_cond14_15-atomized-bb-True.pdb,3,40,False,True,False
M0179_1q3s,rfflow_fixed-ligand_run_M0179_1q3s_cond14_16-atomized-bb-True,run_M0179_1q3s_cond14_16-atomized-bb-True.pdb,0,40,True,True,True
M0179_1q3s,rfflow_fixed-ligand_run_M0179_1q3s_cond14_17-atomized-bb-True,run_M0179_1q3s_cond14_17-atomized-bb-True.pdb,0,40,True,True,True
M0179_1q3s,rfflow_fixed-ligand_run_M0179_1q3s_cond14_18-atomized-bb-True,run_M0179_1q3s_cond14_18-atomized-bb-True.pdb,0,40,True,True,True
M0179_1q3s,rfflow_fixed-ligand_run_M0179_1q3s_cond14_19-atomized-bb-True,run_M0179_1q3s_cond14_19-atomized-bb-True.pdb,0,40,True,True,True
M0179_1q3s,rfflow_fixed-ligand_run_M0179_1q3s_cond14_2-atomized-bb-True,run_M0179_1q3s_cond14_2-atomized-bb-True.pdb,0,40,True,True,True
M0179_1q3s,rfflow_fixed-ligand_run_M0179_1q3s_cond14_20-atomized-bb-True,run_M0179_1q3s_cond14_20-atomized-bb-True.pdb,0,40,True,True,True
M0179_1q3s,rfflow_fixed-ligand_run_M0179_1q3s_cond14_21-atomized-bb-True,run_M0179_1q3s_cond14_21-atomized-bb-True.pdb,4,40,False,True,False
M0179_1q3s,rfflow_fixed-ligand_run_M0179_1q3s_cond14_22-atomized-bb-True,run_M0179_1q3s_cond14_22-atomized-bb-True.pdb,0,40,True,True,True
M0179_1q3s,rfflow_fixed-ligand_run_M0179_1q3s_cond14_23-atomized-bb-True,run_M0179_1q3s_cond14_23-atomized-bb-True.pdb,0,40,True,True,True
M0179_1q3s,rfflow_fixed-ligand_run_M0179_1q3s_cond14_24-atomized-bb-True,run_M0179_1q3s_cond14_24-atomized-bb-True.pdb,0,40,True,True,True
M0179_1q3s,rfflow_fixed-ligand_run_M0179_1q3s_cond14_25-atomized-bb-True,run_M0179_1q3s_cond14_25-atomized-bb-True.pdb,0,40,True,True,True
M0179_1q3s,rfflow_fixed-ligand_run_M0179_1q3s_cond14_26-atomized-bb-True,run_M0179_1q3s_cond14_26-atomized-bb-True.pdb,0,40,True,True,True
M0179_1q3s,rfflow_fixed-ligand_run_M0179_1q3s_cond14_27-atomized-bb-True,run_M0179_1q3s_cond14_27-atomized-bb-True.pdb,3,40,False,True,False
M0179_1q3s,rfflow_fixed-ligand_run_M0179_1q3s_cond14_28-atomized-bb-True,run_M0179_1q3s_cond14_28-atomized-bb-True.pdb,0,40,True,True,True
M0179_1q3s,rfflow_fixed-ligand_run_M0179_1q3s_cond14_29-atomized-bb-True,run_M0179_1q3s_cond14_29-atomized-bb-True.pdb,0,40,True,True,True
M0179_1q3s,rfflow_fixed-ligand_run_M0179_1q3s_cond14_3-atomized-bb-True,run_M0179_1q3s_cond14_3-atomized-bb-True.pdb,6,40,False,True,False
M0179_1q3s,rfflow_fixed-ligand_run_M0179_1q3s_cond14_30-atomized-bb-True,run_M0179_1q3s_cond14_30-atomized-bb-True.pdb,0,40,True,True,True
M0179_1q3s,rfflow_fixed-ligand_run_M0179_1q3s_cond14_31-atomized-bb-True,run_M0179_1q3s_cond14_31-atomized-bb-True.pdb,0,40,True,True,True
M0179_1q3s,rfflow_fixed-ligand_run_M0179_1q3s_cond14_32-atomized-bb-True,run_M0179_1q3s_cond14_32-atomized-bb-True.pdb,0,40,True,False,False
M0179_1q3s,rfflow_fixed-ligand_run_M0179_1q3s_cond14_33-atomized-bb-True,run_M0179_1q3s_cond14_33-atomized-bb-True.pdb,0,40,True,True,True
M0179_1q3s,rfflow_fixed-ligand_run_M0179_1q3s_cond14_34-atomized-bb-True,run_M0179_1q3s_cond14_34-atomized-bb-True.pdb,0,40,True,False,False
M0179_1q3s,rfflow_fixed-ligand_run_M0179_1q3s_cond14_35-atomized-bb-True,run_M0179_1q3s_cond14_35-atomized-bb-True.pdb,0,40,True,False,False
M0179_1q3s,rfflow_fixed-ligand_run_M0179_1q3s_cond14_36-atomized-bb-True,run_M0179_1q3s_cond14_36-atomized-bb-True.pdb,0,40,True,True,True
M0179_1q3s,rfflow_fixed-ligand_run_M0179_1q3s_cond14_37-atomized-bb-True,run_M0179_1q3s_cond14_37-atomized-bb-True.pdb,0,40,True,False,False
M0179_1q3s,rfflow_fixed-ligand_run_M0179_1q3s_cond14_38-atomized-bb-True,run_M0179_1q3s_cond14_38-atomized-bb-True.pdb,0,40,True,True,True
M0179_1q3s,rfflow_fixed-ligand_run_M0179_1q3s_cond14_39-atomized-bb-True,run_M0179_1q3s_cond14_39-atomized-bb-True.pdb,0,40,True,True,True
M0179_1q3s,rfflow_fixed-ligand_run_M0179_1q3s_cond14_4-atomized-bb-True,run_M0179_1q3s_cond14_4-atomized-bb-True.pdb,0,40,True,True,True
M0179_1q3s,rfflow_fixed-ligand_run_M0179_1q3s_cond14_40-atomized-bb-True,run_M0179_1q3s_cond14_40-atomized-bb-True.pdb,0,40,True,True,True
M0179_1q3s,rfflow_fixed-ligand_run_M0179_1q3s_cond14_41-atomized-bb-True,run_M0179_1q3s_cond14_41-atomized-bb-True.pdb,1,40,False,True,False
M0179_1q3s,rfflow_fixed-ligand_run_M0179_1q3s_cond14_42-atomized-bb-True,run_M0179_1q3s_cond14_42-atomized-bb-True.pdb,7,40,False,True,False
M0179_1q3s,rfflow_fixed-ligand_run_M0179_1q3s_cond14_43-atomized-bb-True,run_M0179_1q3s_cond14_43-atomized-bb-True.pdb,0,40,True,True,True
M0179_1q3s,rfflow_fixed-ligand_run_M0179_1q3s_cond14_44-atomized-bb-True,run_M0179_1q3s_cond14_44-atomized-bb-True.pdb,0,40,True,True,True
M0179_1q3s,rfflow_fixed-ligand_run_M0179_1q3s_cond14_45-atomized-bb-True,run_M0179_1q3s_cond14_45-atomized-bb-True.pdb,3,40,False,True,False
M0179_1q3s,rfflow_fixed-ligand_run_M0179_1q3s_cond14_46-atomized-bb-True,run_M0179_1q3s_cond14_46-atomized-bb-True.pdb,0,40,True,True,True
M0179_1q3s,rfflow_fixed-ligand_run_M0179_1q3s_cond14_47-atomized-bb-True,run_M0179_1q3s_cond14_47-atomized-bb-True.pdb,0,40,True,True,True
M0179_1q3s,rfflow_fixed-ligand_run_M0179_1q3s_cond14_48-atomized-bb-True,run_M0179_1q3s_cond14_48-atomized-bb-True.pdb,0,40,True,True,True
M0179_1q3s,rfflow_fixed-ligand_run_M0179_1q3s_cond14_49-atomized-bb-True,run_M0179_1q3s_cond14_49-atomized-bb-True.pdb,13,40,False,True,False
M0179_1q3s,rfflow_fixed-ligand_run_M0179_1q3s_cond14_5-atomized-bb-True,run_M0179_1q3s_cond14_5-atomized-bb-True.pdb,0,40,True,True,True
M0179_1q3s,rfflow_fixed-ligand_run_M0179_1q3s_cond14_50-atomized-bb-True,run_M0179_1q3s_cond14_50-atomized-bb-True.pdb,0,40,True,False,False
M0179_1q3s,rfflow_fixed-ligand_run_M0179_1q3s_cond14_51-atomized-bb-True,run_M0179_1q3s_cond14_51-atomized-bb-True.pdb,0,40,True,True,True
M0179_1q3s,rfflow_fixed-ligand_run_M0179_1q3s_cond14_52-atomized-bb-True,run_M0179_1q3s_cond14_52-atomized-bb-True.pdb,6,40,False,True,False
M0179_1q3s,rfflow_fixed-ligand_run_M0179_1q3s_cond14_53-atomized-bb-True,run_M0179_1q3s_cond14_53-atomized-bb-True.pdb,0,40,True,True,True
M0179_1q3s,rfflow_fixed-ligand_run_M0179_1q3s_cond14_54-atomized-bb-True,run_M0179_1q3s_cond14_54-atomized-bb-True.pdb,0,40,True,True,True
M0179_1q3s,rfflow_fixed-ligand_run_M0179_1q3s_cond14_55-atomized-bb-True,run_M0179_1q3s_cond14_55-atomized-bb-True.pdb,0,40,True,True,True
M0179_1q3s,rfflow_fixed-ligand_run_M0179_1q3s_cond14_56-atomized-bb-True,run_M0179_1q3s_cond14_56-atomized-bb-True.pdb,0,40,True,True,True
M0179_1q3s,rfflow_fixed-ligand_run_M0179_1q3s_cond14_57-atomized-bb-True,run_M0179_1q3s_cond14_57-atomized-bb-True.pdb,0,40,True,False,False
M0179_1q3s,rfflow_fixed-ligand_run_M0179_1q3s_cond14_58-atomized-bb-True,run_M0179_1q3s_cond14_58-atomized-bb-True.pdb,0,40,True,True,True
M0179_1q3s,rfflow_fixed-ligand_run_M0179_1q3s_cond14_59-atomized-bb-True,run_M0179_1q3s_cond14_59-atomized-bb-True.pdb,8,40,False,True,False
M0179_1q3s,rfflow_fixed-ligand_run_M0179_1q3s_cond14_6-atomized-bb-True,run_M0179_1q3s_cond14_6-atomized-bb-True.pdb,0,40,True,True,True
M0179_1q3s,rfflow_fixed-ligand_run_M0179_1q3s_cond14_60-atomized-bb-True,run_M0179_1q3s_cond14_60-atomized-bb-True.pdb,0,40,True,True,True
M0179_1q3s,rfflow_fixed-ligand_run_M0179_1q3s_cond14_61-atomized-bb-True,run_M0179_1q3s_cond14_61-atomized-bb-True.pdb,0,40,True,False,False
M0179_1q3s,rfflow_fixed-ligand_run_M0179_1q3s_cond14_62-atomized-bb-True,run_M0179_1q3s_cond14_62-atomized-bb-True.pdb,0,40,True,False,False
M0179_1q3s,rfflow_fixed-ligand_run_M0179_1q3s_cond14_63-atomized-bb-True,run_M0179_1q3s_cond14_63-atomized-bb-True.pdb,0,40,True,True,True
M0179_1q3s,rfflow_fixed-ligand_run_M0179_1q3s_cond14_64-atomized-bb-True,run_M0179_1q3s_cond14_64-atomized-bb-True.pdb,0,40,True,True,True
M0179_1q3s,rfflow_fixed-ligand_run_M0179_1q3s_cond14_65-atomized-bb-True,run_M0179_1q3s_cond14_65-atomized-bb-True.pdb,1,40,False,True,False
M0179_1q3s,rfflow_fixed-ligand_run_M0179_1q3s_cond14_66-atomized-bb-True,run_M0179_1q3s_cond14_66-atomized-bb-True.pdb,0,40,True,True,True
M0179_1q3s,rfflow_fixed-ligand_run_M0179_1q3s_cond14_67-atomized-bb-True,run_M0179_1q3s_cond14_67-atomized-bb-True.pdb,5,40,False,True,False
M0179_1q3s,rfflow_fixed-ligand_run_M0179_1q3s_cond14_68-atomized-bb-True,run_M0179_1q3s_cond14_68-atomized-bb-True.pdb,0,40,True,True,True
M0179_1q3s,rfflow_fixed-ligand_run_M0179_1q3s_cond14_69-atomized-bb-True,run_M0179_1q3s_cond14_69-atomized-bb-True.pdb,0,40,True,True,True
M0179_1q3s,rfflow_fixed-ligand_run_M0179_1q3s_cond14_7-atomized-bb-True,run_M0179_1q3s_cond14_7-atomized-bb-True.pdb,0,40,True,True,True
M0179_1q3s,rfflow_fixed-ligand_run_M0179_1q3s_cond14_70-atomized-bb-True,run_M0179_1q3s_cond14_70-atomized-bb-True.pdb,0,40,True,True,True
M0179_1q3s,rfflow_fixed-ligand_run_M0179_1q3s_cond14_71-atomized-bb-True,run_M0179_1q3s_cond14_71-atomized-bb-True.pdb,0,40,True,True,True
M0179_1q3s,rfflow_fixed-ligand_run_M0179_1q3s_cond14_72-atomized-bb-True,run_M0179_1q3s_cond14_72-atomized-bb-True.pdb,4,40,False,True,False
M0179_1q3s,rfflow_fixed-ligand_run_M0179_1q3s_cond14_73-atomized-bb-True,run_M0179_1q3s_cond14_73-atomized-bb-True.pdb,0,40,True,True,True
M0179_1q3s,rfflow_fixed-ligand_run_M0179_1q3s_cond14_74-atomized-bb-True,run_M0179_1q3s_cond14_74-atomized-bb-True.pdb,0,40,True,True,True
M0179_1q3s,rfflow_fixed-ligand_run_M0179_1q3s_cond14_75-atomized-bb-True,run_M0179_1q3s_cond14_75-atomized-bb-True.pdb,0,40,True,True,True
M0179_1q3s,rfflow_fixed-ligand_run_M0179_1q3s_cond14_76-atomized-bb-True,run_M0179_1q3s_cond14_76-atomized-bb-True.pdb,0,40,True,True,True
M0179_1q3s,rfflow_fixed-ligand_run_M0179_1q3s_cond14_77-atomized-bb-True,run_M0179_1q3s_cond14_77-atomized-bb-True.pdb,2,40,False,True,False
M0179_1q3s,rfflow_fixed-ligand_run_M0179_1q3s_cond14_78-atomized-bb-True,run_M0179_1q3s_cond14_78-atomized-bb-True.pdb,0,40,True,True,True
M0179_1q3s,rfflow_fixed-ligand_run_M0179_1q3s_cond14_79-atomized-bb-True,run_M0179_1q3s_cond14_79-atomized-bb-True.pdb,0,40,True,True,True
M0179_1q3s,rfflow_fixed-ligand_run_M0179_1q3s_cond14_8-atomized-bb-True,run_M0179_1q3s_cond14_8-atomized-bb-True.pdb,0,40,True,True,True
M0179_1q3s,rfflow_fixed-ligand_run_M0179_1q3s_cond14_80-atomized-bb-True,run_M0179_1q3s_cond14_80-atomized-bb-True.pdb,0,40,True,True,True
M0179_1q3s,rfflow_fixed-ligand_run_M0179_1q3s_cond14_81-atomized-bb-True,run_M0179_1q3s_cond14_81-atomized-bb-True.pdb,0,40,True,True,True
M0179_1q3s,rfflow_fixed-ligand_run_M0179_1q3s_cond14_82-atomized-bb-True,run_M0179_1q3s_cond14_82-atomized-bb-True.pdb,0,40,True,True,True
M0179_1q3s,rfflow_fixed-ligand_run_M0179_1q3s_cond14_83-atomized-bb-True,run_M0179_1q3s_cond14_83-atomized-bb-True.pdb,0,40,True,True,True
M0179_1q3s,rfflow_fixed-ligand_run_M0179_1q3s_cond14_84-atomized-bb-True,run_M0179_1q3s_cond14_84-atomized-bb-True.pdb,0,40,True,True,True
M0179_1q3s,rfflow_fixed-ligand_run_M0179_1q3s_cond14_85-atomized-bb-True,run_M0179_1q3s_cond14_85-atomized-bb-True.pdb,0,40,True,True,True
M0179_1q3s,rfflow_fixed-ligand_run_M0179_1q3s_cond14_86-atomized-bb-True,run_M0179_1q3s_cond14_86-atomized-bb-True.pdb,0,40,True,True,True
M0179_1q3s,rfflow_fixed-ligand_run_M0179_1q3s_cond14_87-atomized-bb-True,run_M0179_1q3s_cond14_87-atomized-bb-True.pdb,0,40,True,False,False
M0179_1q3s,rfflow_fixed-ligand_run_M0179_1q3s_cond14_88-atomized-bb-True,run_M0179_1q3s_cond14_88-atomized-bb-True.pdb,0,40,True,True,True
M0179_1q3s,rfflow_fixed-ligand_run_M0179_1q3s_cond14_89-atomized-bb-True,run_M0179_1q3s_cond14_89-atomized-bb-True.pdb,0,40,True,False,False
M0179_1q3s,rfflow_fixed-ligand_run_M0179_1q3s_cond14_9-atomized-bb-True,run_M0179_1q3s_cond14_9-atomized-bb-True.pdb,0,40,True,True,True
M0179_1q3s,rfflow_fixed-ligand_run_M0179_1q3s_cond14_90-atomized-bb-True,run_M0179_1q3s_cond14_90-atomized-bb-True.pdb,0,40,True,True,True
M0179_1q3s,rfflow_fixed-ligand_run_M0179_1q3s_cond14_91-atomized-bb-True,run_M0179_1q3s_cond14_91-atomized-bb-True.pdb,0,40,True,True,True
M0179_1q3s,rfflow_fixed-ligand_run_M0179_1q3s_cond14_92-atomized-bb-True,run_M0179_1q3s_cond14_92-atomized-bb-True.pdb,0,40,True,True,True
M0179_1q3s,rfflow_fixed-ligand_run_M0179_1q3s_cond14_93-atomized-bb-True,run_M0179_1q3s_cond14_93-atomized-bb-True.pdb,4,40,False,True,False
M0179_1q3s,rfflow_fixed-ligand_run_M0179_1q3s_cond14_94-atomized-bb-True,run_M0179_1q3s_cond14_94-atomized-bb-True.pdb,0,40,True,True,True
M0179_1q3s,rfflow_fixed-ligand_run_M0179_1q3s_cond14_95-atomized-bb-True,run_M0179_1q3s_cond14_95-atomized-bb-True.pdb,0,40,True,True,True
M0179_1q3s,rfflow_fixed-ligand_run_M0179_1q3s_cond14_96-atomized-bb-True,run_M0179_1q3s_cond14_96-atomized-bb-True.pdb,0,40,True,False,False
M0179_1q3s,rfflow_fixed-ligand_run_M0179_1q3s_cond14_97-atomized-bb-True,run_M0179_1q3s_cond14_97-atomized-bb-True.pdb,0,40,True,False,False
M0179_1q3s,rfflow_fixed-ligand_run_M0179_1q3s_cond14_98-atomized-bb-True,run_M0179_1q3s_cond14_98-atomized-bb-True.pdb,0,40,True,False,False
M0179_1q3s,rfflow_fixed-ligand_run_M0179_1q3s_cond14_99-atomized-bb-True,run_M0179_1q3s_cond14_99-atomized-bb-True.pdb,0,40,True,False,False
M0188_1xel,rfflow_fixed-ligand_run_M0188_1xel_cond15_0-atomized-bb-True,run_M0188_1xel_cond15_0-atomized-bb-True.pdb,0,40,True,True,True
M0188_1xel,rfflow_fixed-ligand_run_M0188_1xel_cond15_1-atomized-bb-True,run_M0188_1xel_cond15_1-atomized-bb-True.pdb,1,40,False,True,False
M0188_1xel,rfflow_fixed-ligand_run_M0188_1xel_cond15_10-atomized-bb-True,run_M0188_1xel_cond15_10-atomized-bb-True.pdb,1,40,False,True,False
M0188_1xel,rfflow_fixed-ligand_run_M0188_1xel_cond15_11-atomized-bb-True,run_M0188_1xel_cond15_11-atomized-bb-True.pdb,2,40,False,True,False
M0188_1xel,rfflow_fixed-ligand_run_M0188_1xel_cond15_12-atomized-bb-True,run_M0188_1xel_cond15_12-atomized-bb-True.pdb,0,40,True,True,True
M0188_1xel,rfflow_fixed-ligand_run_M0188_1xel_cond15_13-atomized-bb-True,run_M0188_1xel_cond15_13-atomized-bb-True.pdb,0,40,True,True,True
M0188_1xel,rfflow_fixed-ligand_run_M0188_1xel_cond15_14-atomized-bb-True,run_M0188_1xel_cond15_14-atomized-bb-True.pdb,0,40,True,True,True
M0188_1xel,rfflow_fixed-ligand_run_M0188_1xel_cond15_15-atomized-bb-True,run_M0188_1xel_cond15_15-atomized-bb-True.pdb,8,40,False,True,False
M0188_1xel,rfflow_fixed-ligand_run_M0188_1xel_cond15_16-atomized-bb-True,run_M0188_1xel_cond15_16-atomized-bb-True.pdb,2,40,False,True,False
M0188_1xel,rfflow_fixed-ligand_run_M0188_1xel_cond15_17-atomized-bb-True,run_M0188_1xel_cond15_17-atomized-bb-True.pdb,0,40,True,True,True
M0188_1xel,rfflow_fixed-ligand_run_M0188_1xel_cond15_18-atomized-bb-True,run_M0188_1xel_cond15_18-atomized-bb-True.pdb,0,40,True,True,True
M0188_1xel,rfflow_fixed-ligand_run_M0188_1xel_cond15_19-atomized-bb-True,run_M0188_1xel_cond15_19-atomized-bb-True.pdb,0,40,True,True,True
M0188_1xel,rfflow_fixed-ligand_run_M0188_1xel_cond15_2-atomized-bb-True,run_M0188_1xel_cond15_2-atomized-bb-True.pdb,1,40,False,True,False
M0188_1xel,rfflow_fixed-ligand_run_M0188_1xel_cond15_20-atomized-bb-True,run_M0188_1xel_cond15_20-atomized-bb-True.pdb,5,40,False,True,False
M0188_1xel,rfflow_fixed-ligand_run_M0188_1xel_cond15_21-atomized-bb-True,run_M0188_1xel_cond15_21-atomized-bb-True.pdb,0,40,True,True,True
M0188_1xel,rfflow_fixed-ligand_run_M0188_1xel_cond15_22-atomized-bb-True,run_M0188_1xel_cond15_22-atomized-bb-True.pdb,0,40,True,True,True
M0188_1xel,rfflow_fixed-ligand_run_M0188_1xel_cond15_23-atomized-bb-True,run_M0188_1xel_cond15_23-atomized-bb-True.pdb,5,40,False,True,False
M0188_1xel,rfflow_fixed-ligand_run_M0188_1xel_cond15_24-atomized-bb-True,run_M0188_1xel_cond15_24-atomized-bb-True.pdb,1,40,False,True,False
M0188_1xel,rfflow_fixed-ligand_run_M0188_1xel_cond15_25-atomized-bb-True,run_M0188_1xel_cond15_25-atomized-bb-True.pdb,0,40,True,True,True
M0188_1xel,rfflow_fixed-ligand_run_M0188_1xel_cond15_26-atomized-bb-True,run_M0188_1xel_cond15_26-atomized-bb-True.pdb,11,40,False,True,False
M0188_1xel,rfflow_fixed-ligand_run_M0188_1xel_cond15_27-atomized-bb-True,run_M0188_1xel_cond15_27-atomized-bb-True.pdb,0,40,True,True,True
M0188_1xel,rfflow_fixed-ligand_run_M0188_1xel_cond15_28-atomized-bb-True,run_M0188_1xel_cond15_28-atomized-bb-True.pdb,0,40,True,True,True
M0188_1xel,rfflow_fixed-ligand_run_M0188_1xel_cond15_29-atomized-bb-True,run_M0188_1xel_cond15_29-atomized-bb-True.pdb,0,40,True,True,True
M0188_1xel,rfflow_fixed-ligand_run_M0188_1xel_cond15_3-atomized-bb-True,run_M0188_1xel_cond15_3-atomized-bb-True.pdb,2,40,False,True,False
M0188_1xel,rfflow_fixed-ligand_run_M0188_1xel_cond15_30-atomized-bb-True,run_M0188_1xel_cond15_30-atomized-bb-True.pdb,0,40,True,True,True
M0188_1xel,rfflow_fixed-ligand_run_M0188_1xel_cond15_31-atomized-bb-True,run_M0188_1xel_cond15_31-atomized-bb-True.pdb,0,40,True,True,True
M0188_1xel,rfflow_fixed-ligand_run_M0188_1xel_cond15_32-atomized-bb-True,run_M0188_1xel_cond15_32-atomized-bb-True.pdb,0,40,True,True,True
M0188_1xel,rfflow_fixed-ligand_run_M0188_1xel_cond15_33-atomized-bb-True,run_M0188_1xel_cond15_33-atomized-bb-True.pdb,0,40,True,True,True
M0188_1xel,rfflow_fixed-ligand_run_M0188_1xel_cond15_34-atomized-bb-True,run_M0188_1xel_cond15_34-atomized-bb-True.pdb,0,40,True,True,True
M0188_1xel,rfflow_fixed-ligand_run_M0188_1xel_cond15_35-atomized-bb-True,run_M0188_1xel_cond15_35-atomized-bb-True.pdb,0,40,True,True,True
M0188_1xel,rfflow_fixed-ligand_run_M0188_1xel_cond15_36-atomized-bb-True,run_M0188_1xel_cond15_36-atomized-bb-True.pdb,0,40,True,True,True
M0188_1xel,rfflow_fixed-ligand_run_M0188_1xel_cond15_37-atomized-bb-True,run_M0188_1xel_cond15_37-atomized-bb-True.pdb,0,40,True,True,True
M0188_1xel,rfflow_fixed-ligand_run_M0188_1xel_cond15_38-atomized-bb-True,run_M0188_1xel_cond15_38-atomized-bb-True.pdb,9,40,False,True,False
M0188_1xel,rfflow_fixed-ligand_run_M0188_1xel_cond15_39-atomized-bb-True,run_M0188_1xel_cond15_39-atomized-bb-True.pdb,0,40,True,True,True
M0188_1xel,rfflow_fixed-ligand_run_M0188_1xel_cond15_4-atomized-bb-True,run_M0188_1xel_cond15_4-atomized-bb-True.pdb,0,40,True,True,True
M0188_1xel,rfflow_fixed-ligand_run_M0188_1xel_cond15_40-atomized-bb-True,run_M0188_1xel_cond15_40-atomized-bb-True.pdb,0,40,True,True,True
M0188_1xel,rfflow_fixed-ligand_run_M0188_1xel_cond15_41-atomized-bb-True,run_M0188_1xel_cond15_41-atomized-bb-True.pdb,0,40,True,True,True
M0188_1xel,rfflow_fixed-ligand_run_M0188_1xel_cond15_42-atomized-bb-True,run_M0188_1xel_cond15_42-atomized-bb-True.pdb,2,40,False,True,False
M0188_1xel,rfflow_fixed-ligand_run_M0188_1xel_cond15_43-atomized-bb-True,run_M0188_1xel_cond15_43-atomized-bb-True.pdb,11,40,False,True,False
M0188_1xel,rfflow_fixed-ligand_run_M0188_1xel_cond15_44-atomized-bb-True,run_M0188_1xel_cond15_44-atomized-bb-True.pdb,1,40,False,True,False
M0188_1xel,rfflow_fixed-ligand_run_M0188_1xel_cond15_45-atomized-bb-True,run_M0188_1xel_cond15_45-atomized-bb-True.pdb,0,40,True,True,True
M0188_1xel,rfflow_fixed-ligand_run_M0188_1xel_cond15_46-atomized-bb-True,run_M0188_1xel_cond15_46-atomized-bb-True.pdb,0,40,True,True,True
M0188_1xel,rfflow_fixed-ligand_run_M0188_1xel_cond15_47-atomized-bb-True,run_M0188_1xel_cond15_47-atomized-bb-True.pdb,0,40,True,True,True
M0188_1xel,rfflow_fixed-ligand_run_M0188_1xel_cond15_48-atomized-bb-True,run_M0188_1xel_cond15_48-atomized-bb-True.pdb,0,40,True,True,True
M0188_1xel,rfflow_fixed-ligand_run_M0188_1xel_cond15_49-atomized-bb-True,run_M0188_1xel_cond15_49-atomized-bb-True.pdb,0,40,True,True,True
M0188_1xel,rfflow_fixed-ligand_run_M0188_1xel_cond15_5-atomized-bb-True,run_M0188_1xel_cond15_5-atomized-bb-True.pdb,0,40,True,True,True
M0188_1xel,rfflow_fixed-ligand_run_M0188_1xel_cond15_50-atomized-bb-True,run_M0188_1xel_cond15_50-atomized-bb-True.pdb,0,40,True,True,True
M0188_1xel,rfflow_fixed-ligand_run_M0188_1xel_cond15_51-atomized-bb-True,run_M0188_1xel_cond15_51-atomized-bb-True.pdb,7,40,False,True,False
M0188_1xel,rfflow_fixed-ligand_run_M0188_1xel_cond15_52-atomized-bb-True,run_M0188_1xel_cond15_52-atomized-bb-True.pdb,0,40,True,True,True
M0188_1xel,rfflow_fixed-ligand_run_M0188_1xel_cond15_53-atomized-bb-True,run_M0188_1xel_cond15_53-atomized-bb-True.pdb,0,40,True,True,True
M0188_1xel,rfflow_fixed-ligand_run_M0188_1xel_cond15_54-atomized-bb-True,run_M0188_1xel_cond15_54-atomized-bb-True.pdb,0,40,True,True,True
M0188_1xel,rfflow_fixed-ligand_run_M0188_1xel_cond15_55-atomized-bb-True,run_M0188_1xel_cond15_55-atomized-bb-True.pdb,0,40,True,False,False
M0188_1xel,rfflow_fixed-ligand_run_M0188_1xel_cond15_56-atomized-bb-True,run_M0188_1xel_cond15_56-atomized-bb-True.pdb,5,40,False,True,False
M0188_1xel,rfflow_fixed-ligand_run_M0188_1xel_cond15_57-atomized-bb-True,run_M0188_1xel_cond15_57-atomized-bb-True.pdb,0,40,True,True,True
M0188_1xel,rfflow_fixed-ligand_run_M0188_1xel_cond15_58-atomized-bb-True,run_M0188_1xel_cond15_58-atomized-bb-True.pdb,0,40,True,False,False
M0188_1xel,rfflow_fixed-ligand_run_M0188_1xel_cond15_59-atomized-bb-True,run_M0188_1xel_cond15_59-atomized-bb-True.pdb,3,40,False,True,False
M0188_1xel,rfflow_fixed-ligand_run_M0188_1xel_cond15_6-atomized-bb-True,run_M0188_1xel_cond15_6-atomized-bb-True.pdb,0,40,True,True,True
M0188_1xel,rfflow_fixed-ligand_run_M0188_1xel_cond15_60-atomized-bb-True,run_M0188_1xel_cond15_60-atomized-bb-True.pdb,0,40,True,True,True
M0188_1xel,rfflow_fixed-ligand_run_M0188_1xel_cond15_61-atomized-bb-True,run_M0188_1xel_cond15_61-atomized-bb-True.pdb,0,40,True,False,False
M0188_1xel,rfflow_fixed-ligand_run_M0188_1xel_cond15_62-atomized-bb-True,run_M0188_1xel_cond15_62-atomized-bb-True.pdb,0,40,True,True,True
M0188_1xel,rfflow_fixed-ligand_run_M0188_1xel_cond15_63-atomized-bb-True,run_M0188_1xel_cond15_63-atomized-bb-True.pdb,0,40,True,True,True
M0188_1xel,rfflow_fixed-ligand_run_M0188_1xel_cond15_64-atomized-bb-True,run_M0188_1xel_cond15_64-atomized-bb-True.pdb,8,40,False,True,False
M0188_1xel,rfflow_fixed-ligand_run_M0188_1xel_cond15_65-atomized-bb-True,run_M0188_1xel_cond15_65-atomized-bb-True.pdb,0,40,True,True,True
M0188_1xel,rfflow_fixed-ligand_run_M0188_1xel_cond15_66-atomized-bb-True,run_M0188_1xel_cond15_66-atomized-bb-True.pdb,0,40,True,True,True
M0188_1xel,rfflow_fixed-ligand_run_M0188_1xel_cond15_67-atomized-bb-True,run_M0188_1xel_cond15_67-atomized-bb-True.pdb,0,40,True,True,True
M0188_1xel,rfflow_fixed-ligand_run_M0188_1xel_cond15_68-atomized-bb-True,run_M0188_1xel_cond15_68-atomized-bb-True.pdb,0,40,True,True,True
M0188_1xel,rfflow_fixed-ligand_run_M0188_1xel_cond15_69-atomized-bb-True,run_M0188_1xel_cond15_69-atomized-bb-True.pdb,0,40,True,True,True
M0188_1xel,rfflow_fixed-ligand_run_M0188_1xel_cond15_7-atomized-bb-True,run_M0188_1xel_cond15_7-atomized-bb-True.pdb,17,40,False,True,False
M0188_1xel,rfflow_fixed-ligand_run_M0188_1xel_cond15_70-atomized-bb-True,run_M0188_1xel_cond15_70-atomized-bb-True.pdb,30,40,False,True,False
M0188_1xel,rfflow_fixed-ligand_run_M0188_1xel_cond15_71-atomized-bb-True,run_M0188_1xel_cond15_71-atomized-bb-True.pdb,0,40,True,True,True
M0188_1xel,rfflow_fixed-ligand_run_M0188_1xel_cond15_72-atomized-bb-True,run_M0188_1xel_cond15_72-atomized-bb-True.pdb,0,40,True,True,True
M0188_1xel,rfflow_fixed-ligand_run_M0188_1xel_cond15_73-atomized-bb-True,run_M0188_1xel_cond15_73-atomized-bb-True.pdb,0,40,True,True,True
M0188_1xel,rfflow_fixed-ligand_run_M0188_1xel_cond15_74-atomized-bb-True,run_M0188_1xel_cond15_74-atomized-bb-True.pdb,0,40,True,False,False
M0188_1xel,rfflow_fixed-ligand_run_M0188_1xel_cond15_75-atomized-bb-True,run_M0188_1xel_cond15_75-atomized-bb-True.pdb,0,40,True,True,True
M0188_1xel,rfflow_fixed-ligand_run_M0188_1xel_cond15_76-atomized-bb-True,run_M0188_1xel_cond15_76-atomized-bb-True.pdb,0,40,True,True,True
M0188_1xel,rfflow_fixed-ligand_run_M0188_1xel_cond15_77-atomized-bb-True,run_M0188_1xel_cond15_77-atomized-bb-True.pdb,0,40,True,True,True
M0188_1xel,rfflow_fixed-ligand_run_M0188_1xel_cond15_78-atomized-bb-True,run_M0188_1xel_cond15_78-atomized-bb-True.pdb,0,40,True,True,True
M0188_1xel,rfflow_fixed-ligand_run_M0188_1xel_cond15_79-atomized-bb-True,run_M0188_1xel_cond15_79-atomized-bb-True.pdb,0,40,True,True,True
M0188_1xel,rfflow_fixed-ligand_run_M0188_1xel_cond15_8-atomized-bb-True,run_M0188_1xel_cond15_8-atomized-bb-True.pdb,0,40,True,True,True
M0188_1xel,rfflow_fixed-ligand_run_M0188_1xel_cond15_80-atomized-bb-True,run_M0188_1xel_cond15_80-atomized-bb-True.pdb,6,40,False,True,False
M0188_1xel,rfflow_fixed-ligand_run_M0188_1xel_cond15_81-atomized-bb-True,run_M0188_1xel_cond15_81-atomized-bb-True.pdb,0,40,True,True,True
M0188_1xel,rfflow_fixed-ligand_run_M0188_1xel_cond15_82-atomized-bb-True,run_M0188_1xel_cond15_82-atomized-bb-True.pdb,0,40,True,True,True
M0188_1xel,rfflow_fixed-ligand_run_M0188_1xel_cond15_83-atomized-bb-True,run_M0188_1xel_cond15_83-atomized-bb-True.pdb,1,40,False,True,False
M0188_1xel,rfflow_fixed-ligand_run_M0188_1xel_cond15_84-atomized-bb-True,run_M0188_1xel_cond15_84-atomized-bb-True.pdb,0,40,True,True,True
M0188_1xel,rfflow_fixed-ligand_run_M0188_1xel_cond15_85-atomized-bb-True,run_M0188_1xel_cond15_85-atomized-bb-True.pdb,0,40,True,True,True
M0188_1xel,rfflow_fixed-ligand_run_M0188_1xel_cond15_86-atomized-bb-True,run_M0188_1xel_cond15_86-atomized-bb-True.pdb,0,40,True,True,True
M0188_1xel,rfflow_fixed-ligand_run_M0188_1xel_cond15_87-atomized-bb-True,run_M0188_1xel_cond15_87-atomized-bb-True.pdb,19,40,False,True,False
M0188_1xel,rfflow_fixed-ligand_run_M0188_1xel_cond15_88-atomized-bb-True,run_M0188_1xel_cond15_88-atomized-bb-True.pdb,0,40,True,True,True
M0188_1xel,rfflow_fixed-ligand_run_M0188_1xel_cond15_89-atomized-bb-True,run_M0188_1xel_cond15_89-atomized-bb-True.pdb,0,40,True,True,True
M0188_1xel,rfflow_fixed-ligand_run_M0188_1xel_cond15_9-atomized-bb-True,run_M0188_1xel_cond15_9-atomized-bb-True.pdb,0,40,True,True,True
M0188_1xel,rfflow_fixed-ligand_run_M0188_1xel_cond15_90-atomized-bb-True,run_M0188_1xel_cond15_90-atomized-bb-True.pdb,0,40,True,True,True
M0188_1xel,rfflow_fixed-ligand_run_M0188_1xel_cond15_91-atomized-bb-True,run_M0188_1xel_cond15_91-atomized-bb-True.pdb,0,40,True,True,True
M0188_1xel,rfflow_fixed-ligand_run_M0188_1xel_cond15_92-atomized-bb-True,run_M0188_1xel_cond15_92-atomized-bb-True.pdb,0,40,True,True,True
M0188_1xel,rfflow_fixed-ligand_run_M0188_1xel_cond15_93-atomized-bb-True,run_M0188_1xel_cond15_93-atomized-bb-True.pdb,0,40,True,False,False
M0188_1xel,rfflow_fixed-ligand_run_M0188_1xel_cond15_94-atomized-bb-True,run_M0188_1xel_cond15_94-atomized-bb-True.pdb,0,40,True,True,True
M0188_1xel,rfflow_fixed-ligand_run_M0188_1xel_cond15_95-atomized-bb-True,run_M0188_1xel_cond15_95-atomized-bb-True.pdb,0,40,True,True,True
M0188_1xel,rfflow_fixed-ligand_run_M0188_1xel_cond15_96-atomized-bb-True,run_M0188_1xel_cond15_96-atomized-bb-True.pdb,0,40,True,True,True
M0188_1xel,rfflow_fixed-ligand_run_M0188_1xel_cond15_97-atomized-bb-True,run_M0188_1xel_cond15_97-atomized-bb-True.pdb,1,40,False,True,False
M0188_1xel,rfflow_fixed-ligand_run_M0188_1xel_cond15_98-atomized-bb-True,run_M0188_1xel_cond15_98-atomized-bb-True.pdb,0,40,True,True,True
M0188_1xel,rfflow_fixed-ligand_run_M0188_1xel_cond15_99-atomized-bb-True,run_M0188_1xel_cond15_99-atomized-bb-True.pdb,0,40,True,True,True
M0209_1lij,rfflow_fixed-ligand_run_M0209_1lij_cond16_0-atomized-bb-True,run_M0209_1lij_cond16_0-atomized-bb-True.pdb,5,40,False,True,False
M0209_1lij,rfflow_fixed-ligand_run_M0209_1lij_cond16_1-atomized-bb-True,run_M0209_1lij_cond16_1-atomized-bb-True.pdb,0,40,True,False,False
M0209_1lij,rfflow_fixed-ligand_run_M0209_1lij_cond16_10-atomized-bb-True,run_M0209_1lij_cond16_10-atomized-bb-True.pdb,0,40,True,True,True
M0209_1lij,rfflow_fixed-ligand_run_M0209_1lij_cond16_11-atomized-bb-True,run_M0209_1lij_cond16_11-atomized-bb-True.pdb,0,40,True,True,True
M0209_1lij,rfflow_fixed-ligand_run_M0209_1lij_cond16_12-atomized-bb-True,run_M0209_1lij_cond16_12-atomized-bb-True.pdb,6,40,False,True,False
M0209_1lij,rfflow_fixed-ligand_run_M0209_1lij_cond16_13-atomized-bb-True,run_M0209_1lij_cond16_13-atomized-bb-True.pdb,0,40,True,False,False
M0209_1lij,rfflow_fixed-ligand_run_M0209_1lij_cond16_14-atomized-bb-True,run_M0209_1lij_cond16_14-atomized-bb-True.pdb,2,40,False,True,False
M0209_1lij,rfflow_fixed-ligand_run_M0209_1lij_cond16_15-atomized-bb-True,run_M0209_1lij_cond16_15-atomized-bb-True.pdb,0,40,True,False,False
M0209_1lij,rfflow_fixed-ligand_run_M0209_1lij_cond16_16-atomized-bb-True,run_M0209_1lij_cond16_16-atomized-bb-True.pdb,1,40,False,True,False
M0209_1lij,rfflow_fixed-ligand_run_M0209_1lij_cond16_17-atomized-bb-True,run_M0209_1lij_cond16_17-atomized-bb-True.pdb,14,40,False,True,False
M0209_1lij,rfflow_fixed-ligand_run_M0209_1lij_cond16_18-atomized-bb-True,run_M0209_1lij_cond16_18-atomized-bb-True.pdb,0,40,True,True,True
M0209_1lij,rfflow_fixed-ligand_run_M0209_1lij_cond16_19-atomized-bb-True,run_M0209_1lij_cond16_19-atomized-bb-True.pdb,2,40,False,True,False
M0209_1lij,rfflow_fixed-ligand_run_M0209_1lij_cond16_2-atomized-bb-True,run_M0209_1lij_cond16_2-atomized-bb-True.pdb,0,40,True,True,True
M0209_1lij,rfflow_fixed-ligand_run_M0209_1lij_cond16_20-atomized-bb-True,run_M0209_1lij_cond16_20-atomized-bb-True.pdb,0,40,True,True,True
M0209_1lij,rfflow_fixed-ligand_run_M0209_1lij_cond16_21-atomized-bb-True,run_M0209_1lij_cond16_21-atomized-bb-True.pdb,0,40,True,True,True
M0209_1lij,rfflow_fixed-ligand_run_M0209_1lij_cond16_22-atomized-bb-True,run_M0209_1lij_cond16_22-atomized-bb-True.pdb,0,40,True,True,True
M0209_1lij,rfflow_fixed-ligand_run_M0209_1lij_cond16_23-atomized-bb-True,run_M0209_1lij_cond16_23-atomized-bb-True.pdb,3,40,False,True,False
M0209_1lij,rfflow_fixed-ligand_run_M0209_1lij_cond16_24-atomized-bb-True,run_M0209_1lij_cond16_24-atomized-bb-True.pdb,0,40,True,True,True
M0209_1lij,rfflow_fixed-ligand_run_M0209_1lij_cond16_25-atomized-bb-True,run_M0209_1lij_cond16_25-atomized-bb-True.pdb,0,40,True,False,False
M0209_1lij,rfflow_fixed-ligand_run_M0209_1lij_cond16_26-atomized-bb-True,run_M0209_1lij_cond16_26-atomized-bb-True.pdb,0,40,True,True,True
M0209_1lij,rfflow_fixed-ligand_run_M0209_1lij_cond16_27-atomized-bb-True,run_M0209_1lij_cond16_27-atomized-bb-True.pdb,0,40,True,True,True
M0209_1lij,rfflow_fixed-ligand_run_M0209_1lij_cond16_28-atomized-bb-True,run_M0209_1lij_cond16_28-atomized-bb-True.pdb,0,40,True,True,True
M0209_1lij,rfflow_fixed-ligand_run_M0209_1lij_cond16_29-atomized-bb-True,run_M0209_1lij_cond16_29-atomized-bb-True.pdb,0,40,True,True,True
M0209_1lij,rfflow_fixed-ligand_run_M0209_1lij_cond16_3-atomized-bb-True,run_M0209_1lij_cond16_3-atomized-bb-True.pdb,0,40,True,True,True
M0209_1lij,rfflow_fixed-ligand_run_M0209_1lij_cond16_30-atomized-bb-True,run_M0209_1lij_cond16_30-atomized-bb-True.pdb,8,40,False,True,False
M0209_1lij,rfflow_fixed-ligand_run_M0209_1lij_cond16_31-atomized-bb-True,run_M0209_1lij_cond16_31-atomized-bb-True.pdb,0,40,True,True,True
M0209_1lij,rfflow_fixed-ligand_run_M0209_1lij_cond16_32-atomized-bb-True,run_M0209_1lij_cond16_32-atomized-bb-True.pdb,1,40,False,True,False
M0209_1lij,rfflow_fixed-ligand_run_M0209_1lij_cond16_33-atomized-bb-True,run_M0209_1lij_cond16_33-atomized-bb-True.pdb,0,40,True,True,True
M0209_1lij,rfflow_fixed-ligand_run_M0209_1lij_cond16_34-atomized-bb-True,run_M0209_1lij_cond16_34-atomized-bb-True.pdb,6,40,False,True,False
M0209_1lij,rfflow_fixed-ligand_run_M0209_1lij_cond16_35-atomized-bb-True,run_M0209_1lij_cond16_35-atomized-bb-True.pdb,0,40,True,True,True
M0209_1lij,rfflow_fixed-ligand_run_M0209_1lij_cond16_36-atomized-bb-True,run_M0209_1lij_cond16_36-atomized-bb-True.pdb,0,40,True,True,True
M0209_1lij,rfflow_fixed-ligand_run_M0209_1lij_cond16_37-atomized-bb-True,run_M0209_1lij_cond16_37-atomized-bb-True.pdb,0,40,True,True,True
M0209_1lij,rfflow_fixed-ligand_run_M0209_1lij_cond16_38-atomized-bb-True,run_M0209_1lij_cond16_38-atomized-bb-True.pdb,0,40,True,True,True
M0209_1lij,rfflow_fixed-ligand_run_M0209_1lij_cond16_39-atomized-bb-True,run_M0209_1lij_cond16_39-atomized-bb-True.pdb,0,40,True,True,True
M0209_1lij,rfflow_fixed-ligand_run_M0209_1lij_cond16_4-atomized-bb-True,run_M0209_1lij_cond16_4-atomized-bb-True.pdb,0,40,True,True,True
M0209_1lij,rfflow_fixed-ligand_run_M0209_1lij_cond16_40-atomized-bb-True,run_M0209_1lij_cond16_40-atomized-bb-True.pdb,0,40,True,True,True
M0209_1lij,rfflow_fixed-ligand_run_M0209_1lij_cond16_41-atomized-bb-True,run_M0209_1lij_cond16_41-atomized-bb-True.pdb,1,40,False,True,False
M0209_1lij,rfflow_fixed-ligand_run_M0209_1lij_cond16_42-atomized-bb-True,run_M0209_1lij_cond16_42-atomized-bb-True.pdb,0,40,True,True,True
M0209_1lij,rfflow_fixed-ligand_run_M0209_1lij_cond16_43-atomized-bb-True,run_M0209_1lij_cond16_43-atomized-bb-True.pdb,5,40,False,True,False
M0209_1lij,rfflow_fixed-ligand_run_M0209_1lij_cond16_44-atomized-bb-True,run_M0209_1lij_cond16_44-atomized-bb-True.pdb,0,40,True,False,False
M0209_1lij,rfflow_fixed-ligand_run_M0209_1lij_cond16_45-atomized-bb-True,run_M0209_1lij_cond16_45-atomized-bb-True.pdb,0,40,True,True,True
M0209_1lij,rfflow_fixed-ligand_run_M0209_1lij_cond16_46-atomized-bb-True,run_M0209_1lij_cond16_46-atomized-bb-True.pdb,0,40,True,True,True
M0209_1lij,rfflow_fixed-ligand_run_M0209_1lij_cond16_47-atomized-bb-True,run_M0209_1lij_cond16_47-atomized-bb-True.pdb,1,40,False,True,False
M0209_1lij,rfflow_fixed-ligand_run_M0209_1lij_cond16_48-atomized-bb-True,run_M0209_1lij_cond16_48-atomized-bb-True.pdb,0,40,True,True,True
M0209_1lij,rfflow_fixed-ligand_run_M0209_1lij_cond16_49-atomized-bb-True,run_M0209_1lij_cond16_49-atomized-bb-True.pdb,0,40,True,True,True
M0209_1lij,rfflow_fixed-ligand_run_M0209_1lij_cond16_5-atomized-bb-True,run_M0209_1lij_cond16_5-atomized-bb-True.pdb,0,40,True,True,True
M0209_1lij,rfflow_fixed-ligand_run_M0209_1lij_cond16_50-atomized-bb-True,run_M0209_1lij_cond16_50-atomized-bb-True.pdb,3,40,False,True,False
M0209_1lij,rfflow_fixed-ligand_run_M0209_1lij_cond16_51-atomized-bb-True,run_M0209_1lij_cond16_51-atomized-bb-True.pdb,2,40,False,True,False
M0209_1lij,rfflow_fixed-ligand_run_M0209_1lij_cond16_52-atomized-bb-True,run_M0209_1lij_cond16_52-atomized-bb-True.pdb,0,40,True,True,True
M0209_1lij,rfflow_fixed-ligand_run_M0209_1lij_cond16_53-atomized-bb-True,run_M0209_1lij_cond16_53-atomized-bb-True.pdb,2,40,False,True,False
M0209_1lij,rfflow_fixed-ligand_run_M0209_1lij_cond16_54-atomized-bb-True,run_M0209_1lij_cond16_54-atomized-bb-True.pdb,0,40,True,True,True
M0209_1lij,rfflow_fixed-ligand_run_M0209_1lij_cond16_55-atomized-bb-True,run_M0209_1lij_cond16_55-atomized-bb-True.pdb,0,40,True,True,True
M0209_1lij,rfflow_fixed-ligand_run_M0209_1lij_cond16_56-atomized-bb-True,run_M0209_1lij_cond16_56-atomized-bb-True.pdb,5,40,False,True,False
M0209_1lij,rfflow_fixed-ligand_run_M0209_1lij_cond16_57-atomized-bb-True,run_M0209_1lij_cond16_57-atomized-bb-True.pdb,0,40,True,True,True
M0209_1lij,rfflow_fixed-ligand_run_M0209_1lij_cond16_58-atomized-bb-True,run_M0209_1lij_cond16_58-atomized-bb-True.pdb,0,40,True,True,True
M0209_1lij,rfflow_fixed-ligand_run_M0209_1lij_cond16_59-atomized-bb-True,run_M0209_1lij_cond16_59-atomized-bb-True.pdb,0,40,True,True,True
M0209_1lij,rfflow_fixed-ligand_run_M0209_1lij_cond16_6-atomized-bb-True,run_M0209_1lij_cond16_6-atomized-bb-True.pdb,1,40,False,True,False
M0209_1lij,rfflow_fixed-ligand_run_M0209_1lij_cond16_60-atomized-bb-True,run_M0209_1lij_cond16_60-atomized-bb-True.pdb,0,40,True,True,True
M0209_1lij,rfflow_fixed-ligand_run_M0209_1lij_cond16_61-atomized-bb-True,run_M0209_1lij_cond16_61-atomized-bb-True.pdb,0,40,True,False,False
M0209_1lij,rfflow_fixed-ligand_run_M0209_1lij_cond16_62-atomized-bb-True,run_M0209_1lij_cond16_62-atomized-bb-True.pdb,0,40,True,True,True
M0209_1lij,rfflow_fixed-ligand_run_M0209_1lij_cond16_63-atomized-bb-True,run_M0209_1lij_cond16_63-atomized-bb-True.pdb,0,40,True,True,True
M0209_1lij,rfflow_fixed-ligand_run_M0209_1lij_cond16_64-atomized-bb-True,run_M0209_1lij_cond16_64-atomized-bb-True.pdb,7,40,False,True,False
M0209_1lij,rfflow_fixed-ligand_run_M0209_1lij_cond16_65-atomized-bb-True,run_M0209_1lij_cond16_65-atomized-bb-True.pdb,0,40,True,True,True
M0209_1lij,rfflow_fixed-ligand_run_M0209_1lij_cond16_66-atomized-bb-True,run_M0209_1lij_cond16_66-atomized-bb-True.pdb,7,40,False,True,False
M0209_1lij,rfflow_fixed-ligand_run_M0209_1lij_cond16_67-atomized-bb-True,run_M0209_1lij_cond16_67-atomized-bb-True.pdb,2,40,False,True,False
M0209_1lij,rfflow_fixed-ligand_run_M0209_1lij_cond16_68-atomized-bb-True,run_M0209_1lij_cond16_68-atomized-bb-True.pdb,22,40,False,True,False
M0209_1lij,rfflow_fixed-ligand_run_M0209_1lij_cond16_69-atomized-bb-True,run_M0209_1lij_cond16_69-atomized-bb-True.pdb,0,40,True,True,True
M0209_1lij,rfflow_fixed-ligand_run_M0209_1lij_cond16_7-atomized-bb-True,run_M0209_1lij_cond16_7-atomized-bb-True.pdb,0,40,True,True,True
M0209_1lij,rfflow_fixed-ligand_run_M0209_1lij_cond16_70-atomized-bb-True,run_M0209_1lij_cond16_70-atomized-bb-True.pdb,1,40,False,True,False
M0209_1lij,rfflow_fixed-ligand_run_M0209_1lij_cond16_71-atomized-bb-True,run_M0209_1lij_cond16_71-atomized-bb-True.pdb,2,40,False,True,False
M0209_1lij,rfflow_fixed-ligand_run_M0209_1lij_cond16_72-atomized-bb-True,run_M0209_1lij_cond16_72-atomized-bb-True.pdb,0,40,True,True,True
M0209_1lij,rfflow_fixed-ligand_run_M0209_1lij_cond16_73-atomized-bb-True,run_M0209_1lij_cond16_73-atomized-bb-True.pdb,1,40,False,True,False
M0209_1lij,rfflow_fixed-ligand_run_M0209_1lij_cond16_74-atomized-bb-True,run_M0209_1lij_cond16_74-atomized-bb-True.pdb,1,40,False,True,False
M0209_1lij,rfflow_fixed-ligand_run_M0209_1lij_cond16_75-atomized-bb-True,run_M0209_1lij_cond16_75-atomized-bb-True.pdb,7,40,False,True,False
M0209_1lij,rfflow_fixed-ligand_run_M0209_1lij_cond16_76-atomized-bb-True,run_M0209_1lij_cond16_76-atomized-bb-True.pdb,0,40,True,True,True
M0209_1lij,rfflow_fixed-ligand_run_M0209_1lij_cond16_77-atomized-bb-True,run_M0209_1lij_cond16_77-atomized-bb-True.pdb,0,40,True,True,True
M0209_1lij,rfflow_fixed-ligand_run_M0209_1lij_cond16_78-atomized-bb-True,run_M0209_1lij_cond16_78-atomized-bb-True.pdb,0,40,True,True,True
M0209_1lij,rfflow_fixed-ligand_run_M0209_1lij_cond16_79-atomized-bb-True,run_M0209_1lij_cond16_79-atomized-bb-True.pdb,0,40,True,True,True
M0209_1lij,rfflow_fixed-ligand_run_M0209_1lij_cond16_8-atomized-bb-True,run_M0209_1lij_cond16_8-atomized-bb-True.pdb,1,40,False,True,False
M0209_1lij,rfflow_fixed-ligand_run_M0209_1lij_cond16_80-atomized-bb-True,run_M0209_1lij_cond16_80-atomized-bb-True.pdb,1,40,False,True,False
M0209_1lij,rfflow_fixed-ligand_run_M0209_1lij_cond16_81-atomized-bb-True,run_M0209_1lij_cond16_81-atomized-bb-True.pdb,0,40,True,True,True
M0209_1lij,rfflow_fixed-ligand_run_M0209_1lij_cond16_82-atomized-bb-True,run_M0209_1lij_cond16_82-atomized-bb-True.pdb,0,40,True,True,True
M0209_1lij,rfflow_fixed-ligand_run_M0209_1lij_cond16_83-atomized-bb-True,run_M0209_1lij_cond16_83-atomized-bb-True.pdb,0,40,True,True,True
M0209_1lij,rfflow_fixed-ligand_run_M0209_1lij_cond16_84-atomized-bb-True,run_M0209_1lij_cond16_84-atomized-bb-True.pdb,1,40,False,True,False
M0209_1lij,rfflow_fixed-ligand_run_M0209_1lij_cond16_85-atomized-bb-True,run_M0209_1lij_cond16_85-atomized-bb-True.pdb,0,40,True,True,True
M0209_1lij,rfflow_fixed-ligand_run_M0209_1lij_cond16_86-atomized-bb-True,run_M0209_1lij_cond16_86-atomized-bb-True.pdb,1,40,False,True,False
M0209_1lij,rfflow_fixed-ligand_run_M0209_1lij_cond16_87-atomized-bb-True,run_M0209_1lij_cond16_87-atomized-bb-True.pdb,0,40,True,True,True
M0209_1lij,rfflow_fixed-ligand_run_M0209_1lij_cond16_88-atomized-bb-True,run_M0209_1lij_cond16_88-atomized-bb-True.pdb,0,40,True,False,False
M0209_1lij,rfflow_fixed-ligand_run_M0209_1lij_cond16_89-atomized-bb-True,run_M0209_1lij_cond16_89-atomized-bb-True.pdb,0,40,True,True,True
M0209_1lij,rfflow_fixed-ligand_run_M0209_1lij_cond16_9-atomized-bb-True,run_M0209_1lij_cond16_9-atomized-bb-True.pdb,0,40,True,True,True
M0209_1lij,rfflow_fixed-ligand_run_M0209_1lij_cond16_90-atomized-bb-True,run_M0209_1lij_cond16_90-atomized-bb-True.pdb,1,40,False,True,False
M0209_1lij,rfflow_fixed-ligand_run_M0209_1lij_cond16_91-atomized-bb-True,run_M0209_1lij_cond16_91-atomized-bb-True.pdb,10,40,False,True,False
M0209_1lij,rfflow_fixed-ligand_run_M0209_1lij_cond16_92-atomized-bb-True,run_M0209_1lij_cond16_92-atomized-bb-True.pdb,0,40,True,True,True
M0209_1lij,rfflow_fixed-ligand_run_M0209_1lij_cond16_93-atomized-bb-True,run_M0209_1lij_cond16_93-atomized-bb-True.pdb,0,40,True,True,True
M0209_1lij,rfflow_fixed-ligand_run_M0209_1lij_cond16_94-atomized-bb-True,run_M0209_1lij_cond16_94-atomized-bb-True.pdb,4,40,False,True,False
M0209_1lij,rfflow_fixed-ligand_run_M0209_1lij_cond16_95-atomized-bb-True,run_M0209_1lij_cond16_95-atomized-bb-True.pdb,7,40,False,True,False
M0209_1lij,rfflow_fixed-ligand_run_M0209_1lij_cond16_96-atomized-bb-True,run_M0209_1lij_cond16_96-atomized-bb-True.pdb,2,40,False,True,False
M0209_1lij,rfflow_fixed-ligand_run_M0209_1lij_cond16_97-atomized-bb-True,run_M0209_1lij_cond16_97-atomized-bb-True.pdb,0,40,True,True,True
M0209_1lij,rfflow_fixed-ligand_run_M0209_1lij_cond16_98-atomized-bb-True,run_M0209_1lij_cond16_98-atomized-bb-True.pdb,0,40,True,False,False
M0209_1lij,rfflow_fixed-ligand_run_M0209_1lij_cond16_99-atomized-bb-True,run_M0209_1lij_cond16_99-atomized-bb-True.pdb,0,40,True,True,True
M0255_1mg5,rfflow_fixed-ligand_run_M0255_1mg5_cond17_0-atomized-bb-True,run_M0255_1mg5_cond17_0-atomized-bb-True.pdb,0,40,True,True,True
M0255_1mg5,rfflow_fixed-ligand_run_M0255_1mg5_cond17_1-atomized-bb-True,run_M0255_1mg5_cond17_1-atomized-bb-True.pdb,0,40,True,True,True
M0255_1mg5,rfflow_fixed-ligand_run_M0255_1mg5_cond17_10-atomized-bb-True,run_M0255_1mg5_cond17_10-atomized-bb-True.pdb,0,40,True,False,False
M0255_1mg5,rfflow_fixed-ligand_run_M0255_1mg5_cond17_11-atomized-bb-True,run_M0255_1mg5_cond17_11-atomized-bb-True.pdb,0,40,True,True,True
M0255_1mg5,rfflow_fixed-ligand_run_M0255_1mg5_cond17_12-atomized-bb-True,run_M0255_1mg5_cond17_12-atomized-bb-True.pdb,5,40,False,True,False
M0255_1mg5,rfflow_fixed-ligand_run_M0255_1mg5_cond17_13-atomized-bb-True,run_M0255_1mg5_cond17_13-atomized-bb-True.pdb,0,40,True,True,True
M0255_1mg5,rfflow_fixed-ligand_run_M0255_1mg5_cond17_14-atomized-bb-True,run_M0255_1mg5_cond17_14-atomized-bb-True.pdb,0,40,True,True,True
M0255_1mg5,rfflow_fixed-ligand_run_M0255_1mg5_cond17_15-atomized-bb-True,run_M0255_1mg5_cond17_15-atomized-bb-True.pdb,0,40,True,True,True
M0255_1mg5,rfflow_fixed-ligand_run_M0255_1mg5_cond17_16-atomized-bb-True,run_M0255_1mg5_cond17_16-atomized-bb-True.pdb,2,40,False,True,False
M0255_1mg5,rfflow_fixed-ligand_run_M0255_1mg5_cond17_17-atomized-bb-True,run_M0255_1mg5_cond17_17-atomized-bb-True.pdb,0,40,True,True,True
M0255_1mg5,rfflow_fixed-ligand_run_M0255_1mg5_cond17_18-atomized-bb-True,run_M0255_1mg5_cond17_18-atomized-bb-True.pdb,0,40,True,True,True
M0255_1mg5,rfflow_fixed-ligand_run_M0255_1mg5_cond17_19-atomized-bb-True,run_M0255_1mg5_cond17_19-atomized-bb-True.pdb,2,40,False,True,False
M0255_1mg5,rfflow_fixed-ligand_run_M0255_1mg5_cond17_2-atomized-bb-True,run_M0255_1mg5_cond17_2-atomized-bb-True.pdb,0,40,True,True,True
M0255_1mg5,rfflow_fixed-ligand_run_M0255_1mg5_cond17_20-atomized-bb-True,run_M0255_1mg5_cond17_20-atomized-bb-True.pdb,0,40,True,True,True
M0255_1mg5,rfflow_fixed-ligand_run_M0255_1mg5_cond17_21-atomized-bb-True,run_M0255_1mg5_cond17_21-atomized-bb-True.pdb,0,40,True,True,True
M0255_1mg5,rfflow_fixed-ligand_run_M0255_1mg5_cond17_22-atomized-bb-True,run_M0255_1mg5_cond17_22-atomized-bb-True.pdb,0,40,True,True,True
M0255_1mg5,rfflow_fixed-ligand_run_M0255_1mg5_cond17_23-atomized-bb-True,run_M0255_1mg5_cond17_23-atomized-bb-True.pdb,0,40,True,True,True
M0255_1mg5,rfflow_fixed-ligand_run_M0255_1mg5_cond17_24-atomized-bb-True,run_M0255_1mg5_cond17_24-atomized-bb-True.pdb,0,40,True,True,True
M0255_1mg5,rfflow_fixed-ligand_run_M0255_1mg5_cond17_25-atomized-bb-True,run_M0255_1mg5_cond17_25-atomized-bb-True.pdb,0,40,True,True,True
M0255_1mg5,rfflow_fixed-ligand_run_M0255_1mg5_cond17_26-atomized-bb-True,run_M0255_1mg5_cond17_26-atomized-bb-True.pdb,0,40,True,True,True
M0255_1mg5,rfflow_fixed-ligand_run_M0255_1mg5_cond17_27-atomized-bb-True,run_M0255_1mg5_cond17_27-atomized-bb-True.pdb,7,40,False,True,False
M0255_1mg5,rfflow_fixed-ligand_run_M0255_1mg5_cond17_28-atomized-bb-True,run_M0255_1mg5_cond17_28-atomized-bb-True.pdb,0,40,True,True,True
M0255_1mg5,rfflow_fixed-ligand_run_M0255_1mg5_cond17_29-atomized-bb-True,run_M0255_1mg5_cond17_29-atomized-bb-True.pdb,2,40,False,True,False
M0255_1mg5,rfflow_fixed-ligand_run_M0255_1mg5_cond17_3-atomized-bb-True,run_M0255_1mg5_cond17_3-atomized-bb-True.pdb,0,40,True,True,True
M0255_1mg5,rfflow_fixed-ligand_run_M0255_1mg5_cond17_30-atomized-bb-True,run_M0255_1mg5_cond17_30-atomized-bb-True.pdb,0,40,True,True,True
M0255_1mg5,rfflow_fixed-ligand_run_M0255_1mg5_cond17_31-atomized-bb-True,run_M0255_1mg5_cond17_31-atomized-bb-True.pdb,2,40,False,True,False
M0255_1mg5,rfflow_fixed-ligand_run_M0255_1mg5_cond17_32-atomized-bb-True,run_M0255_1mg5_cond17_32-atomized-bb-True.pdb,0,40,True,True,True
M0255_1mg5,rfflow_fixed-ligand_run_M0255_1mg5_cond17_33-atomized-bb-True,run_M0255_1mg5_cond17_33-atomized-bb-True.pdb,0,40,True,True,True
M0255_1mg5,rfflow_fixed-ligand_run_M0255_1mg5_cond17_34-atomized-bb-True,run_M0255_1mg5_cond17_34-atomized-bb-True.pdb,0,40,True,True,True
M0255_1mg5,rfflow_fixed-ligand_run_M0255_1mg5_cond17_35-atomized-bb-True,run_M0255_1mg5_cond17_35-atomized-bb-True.pdb,0,40,True,True,True
M0255_1mg5,rfflow_fixed-ligand_run_M0255_1mg5_cond17_36-atomized-bb-True,run_M0255_1mg5_cond17_36-atomized-bb-True.pdb,0,40,True,True,True
M0255_1mg5,rfflow_fixed-ligand_run_M0255_1mg5_cond17_37-atomized-bb-True,run_M0255_1mg5_cond17_37-atomized-bb-True.pdb,1,40,False,True,False
M0255_1mg5,rfflow_fixed-ligand_run_M0255_1mg5_cond17_38-atomized-bb-True,run_M0255_1mg5_cond17_38-atomized-bb-True.pdb,0,40,True,True,True
M0255_1mg5,rfflow_fixed-ligand_run_M0255_1mg5_cond17_39-atomized-bb-True,run_M0255_1mg5_cond17_39-atomized-bb-True.pdb,0,40,True,True,True
M0255_1mg5,rfflow_fixed-ligand_run_M0255_1mg5_cond17_4-atomized-bb-True,run_M0255_1mg5_cond17_4-atomized-bb-True.pdb,0,40,True,True,True
M0255_1mg5,rfflow_fixed-ligand_run_M0255_1mg5_cond17_40-atomized-bb-True,run_M0255_1mg5_cond17_40-atomized-bb-True.pdb,0,40,True,True,True
M0255_1mg5,rfflow_fixed-ligand_run_M0255_1mg5_cond17_41-atomized-bb-True,run_M0255_1mg5_cond17_41-atomized-bb-True.pdb,0,40,True,True,True
M0255_1mg5,rfflow_fixed-ligand_run_M0255_1mg5_cond17_42-atomized-bb-True,run_M0255_1mg5_cond17_42-atomized-bb-True.pdb,0,40,True,True,True
M0255_1mg5,rfflow_fixed-ligand_run_M0255_1mg5_cond17_43-atomized-bb-True,run_M0255_1mg5_cond17_43-atomized-bb-True.pdb,0,40,True,True,True
M0255_1mg5,rfflow_fixed-ligand_run_M0255_1mg5_cond17_44-atomized-bb-True,run_M0255_1mg5_cond17_44-atomized-bb-True.pdb,28,40,False,True,False
M0255_1mg5,rfflow_fixed-ligand_run_M0255_1mg5_cond17_45-atomized-bb-True,run_M0255_1mg5_cond17_45-atomized-bb-True.pdb,0,40,True,True,True
M0255_1mg5,rfflow_fixed-ligand_run_M0255_1mg5_cond17_46-atomized-bb-True,run_M0255_1mg5_cond17_46-atomized-bb-True.pdb,3,40,False,True,False
M0255_1mg5,rfflow_fixed-ligand_run_M0255_1mg5_cond17_47-atomized-bb-True,run_M0255_1mg5_cond17_47-atomized-bb-True.pdb,0,40,True,False,False
M0255_1mg5,rfflow_fixed-ligand_run_M0255_1mg5_cond17_48-atomized-bb-True,run_M0255_1mg5_cond17_48-atomized-bb-True.pdb,3,40,False,True,False
M0255_1mg5,rfflow_fixed-ligand_run_M0255_1mg5_cond17_49-atomized-bb-True,run_M0255_1mg5_cond17_49-atomized-bb-True.pdb,3,40,False,True,False
M0255_1mg5,rfflow_fixed-ligand_run_M0255_1mg5_cond17_5-atomized-bb-True,run_M0255_1mg5_cond17_5-atomized-bb-True.pdb,0,40,True,True,True
M0255_1mg5,rfflow_fixed-ligand_run_M0255_1mg5_cond17_50-atomized-bb-True,run_M0255_1mg5_cond17_50-atomized-bb-True.pdb,0,40,True,True,True
M0255_1mg5,rfflow_fixed-ligand_run_M0255_1mg5_cond17_51-atomized-bb-True,run_M0255_1mg5_cond17_51-atomized-bb-True.pdb,0,40,True,True,True
M0255_1mg5,rfflow_fixed-ligand_run_M0255_1mg5_cond17_52-atomized-bb-True,run_M0255_1mg5_cond17_52-atomized-bb-True.pdb,0,40,True,True,True
M0255_1mg5,rfflow_fixed-ligand_run_M0255_1mg5_cond17_53-atomized-bb-True,run_M0255_1mg5_cond17_53-atomized-bb-True.pdb,20,40,False,True,False
M0255_1mg5,rfflow_fixed-ligand_run_M0255_1mg5_cond17_54-atomized-bb-True,run_M0255_1mg5_cond17_54-atomized-bb-True.pdb,0,40,True,True,True
M0255_1mg5,rfflow_fixed-ligand_run_M0255_1mg5_cond17_55-atomized-bb-True,run_M0255_1mg5_cond17_55-atomized-bb-True.pdb,3,40,False,True,False
M0255_1mg5,rfflow_fixed-ligand_run_M0255_1mg5_cond17_56-atomized-bb-True,run_M0255_1mg5_cond17_56-atomized-bb-True.pdb,0,40,True,True,True
M0255_1mg5,rfflow_fixed-ligand_run_M0255_1mg5_cond17_57-atomized-bb-True,run_M0255_1mg5_cond17_57-atomized-bb-True.pdb,0,40,True,True,True
M0255_1mg5,rfflow_fixed-ligand_run_M0255_1mg5_cond17_58-atomized-bb-True,run_M0255_1mg5_cond17_58-atomized-bb-True.pdb,0,40,True,True,True
M0255_1mg5,rfflow_fixed-ligand_run_M0255_1mg5_cond17_59-atomized-bb-True,run_M0255_1mg5_cond17_59-atomized-bb-True.pdb,0,40,True,True,True
M0255_1mg5,rfflow_fixed-ligand_run_M0255_1mg5_cond17_6-atomized-bb-True,run_M0255_1mg5_cond17_6-atomized-bb-True.pdb,0,40,True,True,True
M0255_1mg5,rfflow_fixed-ligand_run_M0255_1mg5_cond17_60-atomized-bb-True,run_M0255_1mg5_cond17_60-atomized-bb-True.pdb,0,40,True,True,True
M0255_1mg5,rfflow_fixed-ligand_run_M0255_1mg5_cond17_61-atomized-bb-True,run_M0255_1mg5_cond17_61-atomized-bb-True.pdb,0,40,True,True,True
M0255_1mg5,rfflow_fixed-ligand_run_M0255_1mg5_cond17_62-atomized-bb-True,run_M0255_1mg5_cond17_62-atomized-bb-True.pdb,0,40,True,False,False
M0255_1mg5,rfflow_fixed-ligand_run_M0255_1mg5_cond17_63-atomized-bb-True,run_M0255_1mg5_cond17_63-atomized-bb-True.pdb,0,40,True,True,True
M0255_1mg5,rfflow_fixed-ligand_run_M0255_1mg5_cond17_64-atomized-bb-True,run_M0255_1mg5_cond17_64-atomized-bb-True.pdb,0,40,True,True,True
M0255_1mg5,rfflow_fixed-ligand_run_M0255_1mg5_cond17_65-atomized-bb-True,run_M0255_1mg5_cond17_65-atomized-bb-True.pdb,0,40,True,True,True
M0255_1mg5,rfflow_fixed-ligand_run_M0255_1mg5_cond17_66-atomized-bb-True,run_M0255_1mg5_cond17_66-atomized-bb-True.pdb,2,40,False,True,False
M0255_1mg5,rfflow_fixed-ligand_run_M0255_1mg5_cond17_67-atomized-bb-True,run_M0255_1mg5_cond17_67-atomized-bb-True.pdb,4,40,False,True,False
M0255_1mg5,rfflow_fixed-ligand_run_M0255_1mg5_cond17_68-atomized-bb-True,run_M0255_1mg5_cond17_68-atomized-bb-True.pdb,2,40,False,True,False
M0255_1mg5,rfflow_fixed-ligand_run_M0255_1mg5_cond17_69-atomized-bb-True,run_M0255_1mg5_cond17_69-atomized-bb-True.pdb,0,40,True,True,True
M0255_1mg5,rfflow_fixed-ligand_run_M0255_1mg5_cond17_7-atomized-bb-True,run_M0255_1mg5_cond17_7-atomized-bb-True.pdb,0,40,True,True,True
M0255_1mg5,rfflow_fixed-ligand_run_M0255_1mg5_cond17_70-atomized-bb-True,run_M0255_1mg5_cond17_70-atomized-bb-True.pdb,0,40,True,True,True
M0255_1mg5,rfflow_fixed-ligand_run_M0255_1mg5_cond17_71-atomized-bb-True,run_M0255_1mg5_cond17_71-atomized-bb-True.pdb,0,40,True,True,True
M0255_1mg5,rfflow_fixed-ligand_run_M0255_1mg5_cond17_72-atomized-bb-True,run_M0255_1mg5_cond17_72-atomized-bb-True.pdb,0,40,True,True,True
M0255_1mg5,rfflow_fixed-ligand_run_M0255_1mg5_cond17_73-atomized-bb-True,run_M0255_1mg5_cond17_73-atomized-bb-True.pdb,0,40,True,True,True
M0255_1mg5,rfflow_fixed-ligand_run_M0255_1mg5_cond17_74-atomized-bb-True,run_M0255_1mg5_cond17_74-atomized-bb-True.pdb,0,40,True,False,False
M0255_1mg5,rfflow_fixed-ligand_run_M0255_1mg5_cond17_75-atomized-bb-True,run_M0255_1mg5_cond17_75-atomized-bb-True.pdb,0,40,True,True,True
M0255_1mg5,rfflow_fixed-ligand_run_M0255_1mg5_cond17_76-atomized-bb-True,run_M0255_1mg5_cond17_76-atomized-bb-True.pdb,0,40,True,True,True
M0255_1mg5,rfflow_fixed-ligand_run_M0255_1mg5_cond17_77-atomized-bb-True,run_M0255_1mg5_cond17_77-atomized-bb-True.pdb,0,40,True,True,True
M0255_1mg5,rfflow_fixed-ligand_run_M0255_1mg5_cond17_78-atomized-bb-True,run_M0255_1mg5_cond17_78-atomized-bb-True.pdb,0,40,True,True,True
M0255_1mg5,rfflow_fixed-ligand_run_M0255_1mg5_cond17_79-atomized-bb-True,run_M0255_1mg5_cond17_79-atomized-bb-True.pdb,0,40,True,True,True
M0255_1mg5,rfflow_fixed-ligand_run_M0255_1mg5_cond17_8-atomized-bb-True,run_M0255_1mg5_cond17_8-atomized-bb-True.pdb,5,40,False,True,False
M0255_1mg5,rfflow_fixed-ligand_run_M0255_1mg5_cond17_80-atomized-bb-True,run_M0255_1mg5_cond17_80-atomized-bb-True.pdb,13,40,False,True,False
M0255_1mg5,rfflow_fixed-ligand_run_M0255_1mg5_cond17_81-atomized-bb-True,run_M0255_1mg5_cond17_81-atomized-bb-True.pdb,0,40,True,False,False
M0255_1mg5,rfflow_fixed-ligand_run_M0255_1mg5_cond17_82-atomized-bb-True,run_M0255_1mg5_cond17_82-atomized-bb-True.pdb,0,40,True,True,True
M0255_1mg5,rfflow_fixed-ligand_run_M0255_1mg5_cond17_83-atomized-bb-True,run_M0255_1mg5_cond17_83-atomized-bb-True.pdb,0,40,True,True,True
M0255_1mg5,rfflow_fixed-ligand_run_M0255_1mg5_cond17_84-atomized-bb-True,run_M0255_1mg5_cond17_84-atomized-bb-True.pdb,0,40,True,True,True
M0255_1mg5,rfflow_fixed-ligand_run_M0255_1mg5_cond17_85-atomized-bb-True,run_M0255_1mg5_cond17_85-atomized-bb-True.pdb,0,40,True,True,True
M0255_1mg5,rfflow_fixed-ligand_run_M0255_1mg5_cond17_86-atomized-bb-True,run_M0255_1mg5_cond17_86-atomized-bb-True.pdb,0,40,True,True,True
M0255_1mg5,rfflow_fixed-ligand_run_M0255_1mg5_cond17_87-atomized-bb-True,run_M0255_1mg5_cond17_87-atomized-bb-True.pdb,0,40,True,True,True
M0255_1mg5,rfflow_fixed-ligand_run_M0255_1mg5_cond17_88-atomized-bb-True,run_M0255_1mg5_cond17_88-atomized-bb-True.pdb,0,40,True,True,True
M0255_1mg5,rfflow_fixed-ligand_run_M0255_1mg5_cond17_89-atomized-bb-True,run_M0255_1mg5_cond17_89-atomized-bb-True.pdb,0,40,True,False,False
M0255_1mg5,rfflow_fixed-ligand_run_M0255_1mg5_cond17_9-atomized-bb-True,run_M0255_1mg5_cond17_9-atomized-bb-True.pdb,1,40,False,True,False
M0255_1mg5,rfflow_fixed-ligand_run_M0255_1mg5_cond17_90-atomized-bb-True,run_M0255_1mg5_cond17_90-atomized-bb-True.pdb,16,40,False,True,False
M0255_1mg5,rfflow_fixed-ligand_run_M0255_1mg5_cond17_91-atomized-bb-True,run_M0255_1mg5_cond17_91-atomized-bb-True.pdb,0,40,True,True,True
M0255_1mg5,rfflow_fixed-ligand_run_M0255_1mg5_cond17_92-atomized-bb-True,run_M0255_1mg5_cond17_92-atomized-bb-True.pdb,0,40,True,True,True
M0255_1mg5,rfflow_fixed-ligand_run_M0255_1mg5_cond17_93-atomized-bb-True,run_M0255_1mg5_cond17_93-atomized-bb-True.pdb,7,40,False,True,False
M0255_1mg5,rfflow_fixed-ligand_run_M0255_1mg5_cond17_94-atomized-bb-True,run_M0255_1mg5_cond17_94-atomized-bb-True.pdb,0,40,True,True,True
M0255_1mg5,rfflow_fixed-ligand_run_M0255_1mg5_cond17_95-atomized-bb-True,run_M0255_1mg5_cond17_95-atomized-bb-True.pdb,15,40,False,True,False
M0255_1mg5,rfflow_fixed-ligand_run_M0255_1mg5_cond17_96-atomized-bb-True,run_M0255_1mg5_cond17_96-atomized-bb-True.pdb,0,40,True,True,True
M0255_1mg5,rfflow_fixed-ligand_run_M0255_1mg5_cond17_97-atomized-bb-True,run_M0255_1mg5_cond17_97-atomized-bb-True.pdb,5,40,False,True,False
M0255_1mg5,rfflow_fixed-ligand_run_M0255_1mg5_cond17_98-atomized-bb-True,run_M0255_1mg5_cond17_98-atomized-bb-True.pdb,0,40,True,True,True
M0255_1mg5,rfflow_fixed-ligand_run_M0255_1mg5_cond17_99-atomized-bb-True,run_M0255_1mg5_cond17_99-atomized-bb-True.pdb,0,40,True,True,True
M0315_1ey3,rfflow_fixed-ligand_run_M0315_1ey3_cond18_0-atomized-bb-True,run_M0315_1ey3_cond18_0-atomized-bb-True.pdb,0,40,True,True,True
M0315_1ey3,rfflow_fixed-ligand_run_M0315_1ey3_cond18_1-atomized-bb-True,run_M0315_1ey3_cond18_1-atomized-bb-True.pdb,0,40,True,True,True
M0315_1ey3,rfflow_fixed-ligand_run_M0315_1ey3_cond18_10-atomized-bb-True,run_M0315_1ey3_cond18_10-atomized-bb-True.pdb,0,40,True,True,True
M0315_1ey3,rfflow_fixed-ligand_run_M0315_1ey3_cond18_11-atomized-bb-True,run_M0315_1ey3_cond18_11-atomized-bb-True.pdb,0,40,True,True,True
M0315_1ey3,rfflow_fixed-ligand_run_M0315_1ey3_cond18_12-atomized-bb-True,run_M0315_1ey3_cond18_12-atomized-bb-True.pdb,0,40,True,False,False
M0315_1ey3,rfflow_fixed-ligand_run_M0315_1ey3_cond18_13-atomized-bb-True,run_M0315_1ey3_cond18_13-atomized-bb-True.pdb,0,40,True,True,True
M0315_1ey3,rfflow_fixed-ligand_run_M0315_1ey3_cond18_14-atomized-bb-True,run_M0315_1ey3_cond18_14-atomized-bb-True.pdb,0,40,True,False,False
M0315_1ey3,rfflow_fixed-ligand_run_M0315_1ey3_cond18_15-atomized-bb-True,run_M0315_1ey3_cond18_15-atomized-bb-True.pdb,5,40,False,True,False
M0315_1ey3,rfflow_fixed-ligand_run_M0315_1ey3_cond18_16-atomized-bb-True,run_M0315_1ey3_cond18_16-atomized-bb-True.pdb,0,40,True,True,True
M0315_1ey3,rfflow_fixed-ligand_run_M0315_1ey3_cond18_17-atomized-bb-True,run_M0315_1ey3_cond18_17-atomized-bb-True.pdb,0,40,True,True,True
M0315_1ey3,rfflow_fixed-ligand_run_M0315_1ey3_cond18_18-atomized-bb-True,run_M0315_1ey3_cond18_18-atomized-bb-True.pdb,0,40,True,True,True
M0315_1ey3,rfflow_fixed-ligand_run_M0315_1ey3_cond18_19-atomized-bb-True,run_M0315_1ey3_cond18_19-atomized-bb-True.pdb,0,40,True,True,True
M0315_1ey3,rfflow_fixed-ligand_run_M0315_1ey3_cond18_2-atomized-bb-True,run_M0315_1ey3_cond18_2-atomized-bb-True.pdb,0,40,True,True,True
M0315_1ey3,rfflow_fixed-ligand_run_M0315_1ey3_cond18_20-atomized-bb-True,run_M0315_1ey3_cond18_20-atomized-bb-True.pdb,0,40,True,True,True
M0315_1ey3,rfflow_fixed-ligand_run_M0315_1ey3_cond18_21-atomized-bb-True,run_M0315_1ey3_cond18_21-atomized-bb-True.pdb,0,40,True,True,True
M0315_1ey3,rfflow_fixed-ligand_run_M0315_1ey3_cond18_22-atomized-bb-True,run_M0315_1ey3_cond18_22-atomized-bb-True.pdb,0,40,True,True,True
M0315_1ey3,rfflow_fixed-ligand_run_M0315_1ey3_cond18_23-atomized-bb-True,run_M0315_1ey3_cond18_23-atomized-bb-True.pdb,0,40,True,True,True
M0315_1ey3,rfflow_fixed-ligand_run_M0315_1ey3_cond18_24-atomized-bb-True,run_M0315_1ey3_cond18_24-atomized-bb-True.pdb,0,40,True,True,True
M0315_1ey3,rfflow_fixed-ligand_run_M0315_1ey3_cond18_25-atomized-bb-True,run_M0315_1ey3_cond18_25-atomized-bb-True.pdb,31,40,False,True,False
M0315_1ey3,rfflow_fixed-ligand_run_M0315_1ey3_cond18_26-atomized-bb-True,run_M0315_1ey3_cond18_26-atomized-bb-True.pdb,0,40,True,True,True
M0315_1ey3,rfflow_fixed-ligand_run_M0315_1ey3_cond18_27-atomized-bb-True,run_M0315_1ey3_cond18_27-atomized-bb-True.pdb,0,40,True,True,True
M0315_1ey3,rfflow_fixed-ligand_run_M0315_1ey3_cond18_28-atomized-bb-True,run_M0315_1ey3_cond18_28-atomized-bb-True.pdb,1,40,False,True,False
M0315_1ey3,rfflow_fixed-ligand_run_M0315_1ey3_cond18_29-atomized-bb-True,run_M0315_1ey3_cond18_29-atomized-bb-True.pdb,0,40,True,True,True
M0315_1ey3,rfflow_fixed-ligand_run_M0315_1ey3_cond18_3-atomized-bb-True,run_M0315_1ey3_cond18_3-atomized-bb-True.pdb,0,40,True,True,True
M0315_1ey3,rfflow_fixed-ligand_run_M0315_1ey3_cond18_30-atomized-bb-True,run_M0315_1ey3_cond18_30-atomized-bb-True.pdb,0,40,True,True,True
M0315_1ey3,rfflow_fixed-ligand_run_M0315_1ey3_cond18_31-atomized-bb-True,run_M0315_1ey3_cond18_31-atomized-bb-True.pdb,0,40,True,True,True
M0315_1ey3,rfflow_fixed-ligand_run_M0315_1ey3_cond18_32-atomized-bb-True,run_M0315_1ey3_cond18_32-atomized-bb-True.pdb,0,40,True,True,True
M0315_1ey3,rfflow_fixed-ligand_run_M0315_1ey3_cond18_33-atomized-bb-True,run_M0315_1ey3_cond18_33-atomized-bb-True.pdb,0,40,True,False,False
M0315_1ey3,rfflow_fixed-ligand_run_M0315_1ey3_cond18_34-atomized-bb-True,run_M0315_1ey3_cond18_34-atomized-bb-True.pdb,0,40,True,True,True
M0315_1ey3,rfflow_fixed-ligand_run_M0315_1ey3_cond18_35-atomized-bb-True,run_M0315_1ey3_cond18_35-atomized-bb-True.pdb,0,40,True,True,True
M0315_1ey3,rfflow_fixed-ligand_run_M0315_1ey3_cond18_36-atomized-bb-True,run_M0315_1ey3_cond18_36-atomized-bb-True.pdb,0,40,True,True,True
M0315_1ey3,rfflow_fixed-ligand_run_M0315_1ey3_cond18_37-atomized-bb-True,run_M0315_1ey3_cond18_37-atomized-bb-True.pdb,0,40,True,True,True
M0315_1ey3,rfflow_fixed-ligand_run_M0315_1ey3_cond18_38-atomized-bb-True,run_M0315_1ey3_cond18_38-atomized-bb-True.pdb,0,40,True,True,True
M0315_1ey3,rfflow_fixed-ligand_run_M0315_1ey3_cond18_39-atomized-bb-True,run_M0315_1ey3_cond18_39-atomized-bb-True.pdb,0,40,True,True,True
M0315_1ey3,rfflow_fixed-ligand_run_M0315_1ey3_cond18_4-atomized-bb-True,run_M0315_1ey3_cond18_4-atomized-bb-True.pdb,0,40,True,False,False
M0315_1ey3,rfflow_fixed-ligand_run_M0315_1ey3_cond18_40-atomized-bb-True,run_M0315_1ey3_cond18_40-atomized-bb-True.pdb,0,40,True,False,False
M0315_1ey3,rfflow_fixed-ligand_run_M0315_1ey3_cond18_41-atomized-bb-True,run_M0315_1ey3_cond18_41-atomized-bb-True.pdb,0,40,True,False,False
M0315_1ey3,rfflow_fixed-ligand_run_M0315_1ey3_cond18_42-atomized-bb-True,run_M0315_1ey3_cond18_42-atomized-bb-True.pdb,0,40,True,True,True
M0315_1ey3,rfflow_fixed-ligand_run_M0315_1ey3_cond18_43-atomized-bb-True,run_M0315_1ey3_cond18_43-atomized-bb-True.pdb,0,40,True,True,True
M0315_1ey3,rfflow_fixed-ligand_run_M0315_1ey3_cond18_44-atomized-bb-True,run_M0315_1ey3_cond18_44-atomized-bb-True.pdb,0,40,True,False,False
M0315_1ey3,rfflow_fixed-ligand_run_M0315_1ey3_cond18_45-atomized-bb-True,run_M0315_1ey3_cond18_45-atomized-bb-True.pdb,0,40,True,True,True
M0315_1ey3,rfflow_fixed-ligand_run_M0315_1ey3_cond18_46-atomized-bb-True,run_M0315_1ey3_cond18_46-atomized-bb-True.pdb,0,40,True,True,True
M0315_1ey3,rfflow_fixed-ligand_run_M0315_1ey3_cond18_47-atomized-bb-True,run_M0315_1ey3_cond18_47-atomized-bb-True.pdb,0,40,True,True,True
M0315_1ey3,rfflow_fixed-ligand_run_M0315_1ey3_cond18_48-atomized-bb-True,run_M0315_1ey3_cond18_48-atomized-bb-True.pdb,0,40,True,True,True
M0315_1ey3,rfflow_fixed-ligand_run_M0315_1ey3_cond18_49-atomized-bb-True,run_M0315_1ey3_cond18_49-atomized-bb-True.pdb,0,40,True,True,True
M0315_1ey3,rfflow_fixed-ligand_run_M0315_1ey3_cond18_5-atomized-bb-True,run_M0315_1ey3_cond18_5-atomized-bb-True.pdb,0,40,True,True,True
M0315_1ey3,rfflow_fixed-ligand_run_M0315_1ey3_cond18_50-atomized-bb-True,run_M0315_1ey3_cond18_50-atomized-bb-True.pdb,0,40,True,False,False
M0315_1ey3,rfflow_fixed-ligand_run_M0315_1ey3_cond18_51-atomized-bb-True,run_M0315_1ey3_cond18_51-atomized-bb-True.pdb,0,40,True,True,True
M0315_1ey3,rfflow_fixed-ligand_run_M0315_1ey3_cond18_52-atomized-bb-True,run_M0315_1ey3_cond18_52-atomized-bb-True.pdb,0,40,True,True,True
M0315_1ey3,rfflow_fixed-ligand_run_M0315_1ey3_cond18_53-atomized-bb-True,run_M0315_1ey3_cond18_53-atomized-bb-True.pdb,0,40,True,False,False
M0315_1ey3,rfflow_fixed-ligand_run_M0315_1ey3_cond18_54-atomized-bb-True,run_M0315_1ey3_cond18_54-atomized-bb-True.pdb,7,40,False,True,False
M0315_1ey3,rfflow_fixed-ligand_run_M0315_1ey3_cond18_55-atomized-bb-True,run_M0315_1ey3_cond18_55-atomized-bb-True.pdb,1,40,False,True,False
M0315_1ey3,rfflow_fixed-ligand_run_M0315_1ey3_cond18_56-atomized-bb-True,run_M0315_1ey3_cond18_56-atomized-bb-True.pdb,0,40,True,True,True
M0315_1ey3,rfflow_fixed-ligand_run_M0315_1ey3_cond18_57-atomized-bb-True,run_M0315_1ey3_cond18_57-atomized-bb-True.pdb,0,40,True,True,True
M0315_1ey3,rfflow_fixed-ligand_run_M0315_1ey3_cond18_58-atomized-bb-True,run_M0315_1ey3_cond18_58-atomized-bb-True.pdb,0,40,True,True,True
M0315_1ey3,rfflow_fixed-ligand_run_M0315_1ey3_cond18_59-atomized-bb-True,run_M0315_1ey3_cond18_59-atomized-bb-True.pdb,0,40,True,True,True
M0315_1ey3,rfflow_fixed-ligand_run_M0315_1ey3_cond18_6-atomized-bb-True,run_M0315_1ey3_cond18_6-atomized-bb-True.pdb,0,40,True,True,True
M0315_1ey3,rfflow_fixed-ligand_run_M0315_1ey3_cond18_60-atomized-bb-True,run_M0315_1ey3_cond18_60-atomized-bb-True.pdb,0,40,True,True,True
M0315_1ey3,rfflow_fixed-ligand_run_M0315_1ey3_cond18_61-atomized-bb-True,run_M0315_1ey3_cond18_61-atomized-bb-True.pdb,0,40,True,True,True
M0315_1ey3,rfflow_fixed-ligand_run_M0315_1ey3_cond18_62-atomized-bb-True,run_M0315_1ey3_cond18_62-atomized-bb-True.pdb,3,40,False,True,False
M0315_1ey3,rfflow_fixed-ligand_run_M0315_1ey3_cond18_63-atomized-bb-True,run_M0315_1ey3_cond18_63-atomized-bb-True.pdb,0,40,True,True,True
M0315_1ey3,rfflow_fixed-ligand_run_M0315_1ey3_cond18_64-atomized-bb-True,run_M0315_1ey3_cond18_64-atomized-bb-True.pdb,0,40,True,False,False
M0315_1ey3,rfflow_fixed-ligand_run_M0315_1ey3_cond18_65-atomized-bb-True,run_M0315_1ey3_cond18_65-atomized-bb-True.pdb,0,40,True,True,True
M0315_1ey3,rfflow_fixed-ligand_run_M0315_1ey3_cond18_66-atomized-bb-True,run_M0315_1ey3_cond18_66-atomized-bb-True.pdb,0,40,True,True,True
M0315_1ey3,rfflow_fixed-ligand_run_M0315_1ey3_cond18_67-atomized-bb-True,run_M0315_1ey3_cond18_67-atomized-bb-True.pdb,0,40,True,True,True
M0315_1ey3,rfflow_fixed-ligand_run_M0315_1ey3_cond18_68-atomized-bb-True,run_M0315_1ey3_cond18_68-atomized-bb-True.pdb,0,40,True,True,True
M0315_1ey3,rfflow_fixed-ligand_run_M0315_1ey3_cond18_69-atomized-bb-True,run_M0315_1ey3_cond18_69-atomized-bb-True.pdb,0,40,True,True,True
M0315_1ey3,rfflow_fixed-ligand_run_M0315_1ey3_cond18_7-atomized-bb-True,run_M0315_1ey3_cond18_7-atomized-bb-True.pdb,0,40,True,True,True
M0315_1ey3,rfflow_fixed-ligand_run_M0315_1ey3_cond18_70-atomized-bb-True,run_M0315_1ey3_cond18_70-atomized-bb-True.pdb,0,40,True,True,True
M0315_1ey3,rfflow_fixed-ligand_run_M0315_1ey3_cond18_71-atomized-bb-True,run_M0315_1ey3_cond18_71-atomized-bb-True.pdb,0,40,True,True,True
M0315_1ey3,rfflow_fixed-ligand_run_M0315_1ey3_cond18_72-atomized-bb-True,run_M0315_1ey3_cond18_72-atomized-bb-True.pdb,0,40,True,True,True
M0315_1ey3,rfflow_fixed-ligand_run_M0315_1ey3_cond18_73-atomized-bb-True,run_M0315_1ey3_cond18_73-atomized-bb-True.pdb,0,40,True,True,True
M0315_1ey3,rfflow_fixed-ligand_run_M0315_1ey3_cond18_74-atomized-bb-True,run_M0315_1ey3_cond18_74-atomized-bb-True.pdb,0,40,True,True,True
M0315_1ey3,rfflow_fixed-ligand_run_M0315_1ey3_cond18_75-atomized-bb-True,run_M0315_1ey3_cond18_75-atomized-bb-True.pdb,0,40,True,True,True
M0315_1ey3,rfflow_fixed-ligand_run_M0315_1ey3_cond18_76-atomized-bb-True,run_M0315_1ey3_cond18_76-atomized-bb-True.pdb,0,40,True,True,True
M0315_1ey3,rfflow_fixed-ligand_run_M0315_1ey3_cond18_77-atomized-bb-True,run_M0315_1ey3_cond18_77-atomized-bb-True.pdb,0,40,True,True,True
M0315_1ey3,rfflow_fixed-ligand_run_M0315_1ey3_cond18_78-atomized-bb-True,run_M0315_1ey3_cond18_78-atomized-bb-True.pdb,1,40,False,True,False
M0315_1ey3,rfflow_fixed-ligand_run_M0315_1ey3_cond18_79-atomized-bb-True,run_M0315_1ey3_cond18_79-atomized-bb-True.pdb,0,40,True,True,True
M0315_1ey3,rfflow_fixed-ligand_run_M0315_1ey3_cond18_8-atomized-bb-True,run_M0315_1ey3_cond18_8-atomized-bb-True.pdb,0,40,True,False,False
M0315_1ey3,rfflow_fixed-ligand_run_M0315_1ey3_cond18_80-atomized-bb-True,run_M0315_1ey3_cond18_80-atomized-bb-True.pdb,0,40,True,True,True
M0315_1ey3,rfflow_fixed-ligand_run_M0315_1ey3_cond18_81-atomized-bb-True,run_M0315_1ey3_cond18_81-atomized-bb-True.pdb,0,40,True,True,True
M0315_1ey3,rfflow_fixed-ligand_run_M0315_1ey3_cond18_82-atomized-bb-True,run_M0315_1ey3_cond18_82-atomized-bb-True.pdb,0,40,True,True,True
M0315_1ey3,rfflow_fixed-ligand_run_M0315_1ey3_cond18_83-atomized-bb-True,run_M0315_1ey3_cond18_83-atomized-bb-True.pdb,0,40,True,True,True
M0315_1ey3,rfflow_fixed-ligand_run_M0315_1ey3_cond18_84-atomized-bb-True,run_M0315_1ey3_cond18_84-atomized-bb-True.pdb,1,40,False,True,False
M0315_1ey3,rfflow_fixed-ligand_run_M0315_1ey3_cond18_85-atomized-bb-True,run_M0315_1ey3_cond18_85-atomized-bb-True.pdb,2,40,False,True,False
M0315_1ey3,rfflow_fixed-ligand_run_M0315_1ey3_cond18_86-atomized-bb-True,run_M0315_1ey3_cond18_86-atomized-bb-True.pdb,0,40,True,True,True
M0315_1ey3,rfflow_fixed-ligand_run_M0315_1ey3_cond18_87-atomized-bb-True,run_M0315_1ey3_cond18_87-atomized-bb-True.pdb,8,40,False,True,False
M0315_1ey3,rfflow_fixed-ligand_run_M0315_1ey3_cond18_88-atomized-bb-True,run_M0315_1ey3_cond18_88-atomized-bb-True.pdb,2,40,False,True,False
M0315_1ey3,rfflow_fixed-ligand_run_M0315_1ey3_cond18_89-atomized-bb-True,run_M0315_1ey3_cond18_89-atomized-bb-True.pdb,0,40,True,True,True
M0315_1ey3,rfflow_fixed-ligand_run_M0315_1ey3_cond18_9-atomized-bb-True,run_M0315_1ey3_cond18_9-atomized-bb-True.pdb,0,40,True,False,False
M0315_1ey3,rfflow_fixed-ligand_run_M0315_1ey3_cond18_90-atomized-bb-True,run_M0315_1ey3_cond18_90-atomized-bb-True.pdb,0,40,True,True,True
M0315_1ey3,rfflow_fixed-ligand_run_M0315_1ey3_cond18_91-atomized-bb-True,run_M0315_1ey3_cond18_91-atomized-bb-True.pdb,3,40,False,True,False
M0315_1ey3,rfflow_fixed-ligand_run_M0315_1ey3_cond18_92-atomized-bb-True,run_M0315_1ey3_cond18_92-atomized-bb-True.pdb,0,40,True,True,True
M0315_1ey3,rfflow_fixed-ligand_run_M0315_1ey3_cond18_93-atomized-bb-True,run_M0315_1ey3_cond18_93-atomized-bb-True.pdb,0,40,True,False,False
M0315_1ey3,rfflow_fixed-ligand_run_M0315_1ey3_cond18_94-atomized-bb-True,run_M0315_1ey3_cond18_94-atomized-bb-True.pdb,0,40,True,True,True
M0315_1ey3,rfflow_fixed-ligand_run_M0315_1ey3_cond18_95-atomized-bb-True,run_M0315_1ey3_cond18_95-atomized-bb-True.pdb,0,40,True,True,True
M0315_1ey3,rfflow_fixed-ligand_run_M0315_1ey3_cond18_96-atomized-bb-True,run_M0315_1ey3_cond18_96-atomized-bb-True.pdb,2,40,False,True,False
M0315_1ey3,rfflow_fixed-ligand_run_M0315_1ey3_cond18_97-atomized-bb-True,run_M0315_1ey3_cond18_97-atomized-bb-True.pdb,13,40,False,True,False
M0315_1ey3,rfflow_fixed-ligand_run_M0315_1ey3_cond18_98-atomized-bb-True,run_M0315_1ey3_cond18_98-atomized-bb-True.pdb,1,40,False,True,False
M0315_1ey3,rfflow_fixed-ligand_run_M0315_1ey3_cond18_99-atomized-bb-True,run_M0315_1ey3_cond18_99-atomized-bb-True.pdb,0,40,True,True,True
M0349_1e3v,rfflow_fixed-ligand_run_M0349_1e3v_cond19_0-atomized-bb-True,run_M0349_1e3v_cond19_0-atomized-bb-True.pdb,0,40,True,True,True
M0349_1e3v,rfflow_fixed-ligand_run_M0349_1e3v_cond19_1-atomized-bb-True,run_M0349_1e3v_cond19_1-atomized-bb-True.pdb,0,40,True,True,True
M0349_1e3v,rfflow_fixed-ligand_run_M0349_1e3v_cond19_10-atomized-bb-True,run_M0349_1e3v_cond19_10-atomized-bb-True.pdb,0,40,True,True,True
M0349_1e3v,rfflow_fixed-ligand_run_M0349_1e3v_cond19_11-atomized-bb-True,run_M0349_1e3v_cond19_11-atomized-bb-True.pdb,2,40,False,True,False
M0349_1e3v,rfflow_fixed-ligand_run_M0349_1e3v_cond19_12-atomized-bb-True,run_M0349_1e3v_cond19_12-atomized-bb-True.pdb,0,40,True,True,True
M0349_1e3v,rfflow_fixed-ligand_run_M0349_1e3v_cond19_13-atomized-bb-True,run_M0349_1e3v_cond19_13-atomized-bb-True.pdb,0,40,True,True,True
M0349_1e3v,rfflow_fixed-ligand_run_M0349_1e3v_cond19_14-atomized-bb-True,run_M0349_1e3v_cond19_14-atomized-bb-True.pdb,0,40,True,True,True
M0349_1e3v,rfflow_fixed-ligand_run_M0349_1e3v_cond19_15-atomized-bb-True,run_M0349_1e3v_cond19_15-atomized-bb-True.pdb,0,40,True,True,True
M0349_1e3v,rfflow_fixed-ligand_run_M0349_1e3v_cond19_16-atomized-bb-True,run_M0349_1e3v_cond19_16-atomized-bb-True.pdb,0,40,True,True,True
M0349_1e3v,rfflow_fixed-ligand_run_M0349_1e3v_cond19_17-atomized-bb-True,run_M0349_1e3v_cond19_17-atomized-bb-True.pdb,0,40,True,True,True
M0349_1e3v,rfflow_fixed-ligand_run_M0349_1e3v_cond19_18-atomized-bb-True,run_M0349_1e3v_cond19_18-atomized-bb-True.pdb,0,40,True,True,True
M0349_1e3v,rfflow_fixed-ligand_run_M0349_1e3v_cond19_19-atomized-bb-True,run_M0349_1e3v_cond19_19-atomized-bb-True.pdb,0,40,True,True,True
M0349_1e3v,rfflow_fixed-ligand_run_M0349_1e3v_cond19_2-atomized-bb-True,run_M0349_1e3v_cond19_2-atomized-bb-True.pdb,0,40,True,True,True
M0349_1e3v,rfflow_fixed-ligand_run_M0349_1e3v_cond19_20-atomized-bb-True,run_M0349_1e3v_cond19_20-atomized-bb-True.pdb,0,40,True,True,True
M0349_1e3v,rfflow_fixed-ligand_run_M0349_1e3v_cond19_21-atomized-bb-True,run_M0349_1e3v_cond19_21-atomized-bb-True.pdb,0,40,True,True,True
M0349_1e3v,rfflow_fixed-ligand_run_M0349_1e3v_cond19_22-atomized-bb-True,run_M0349_1e3v_cond19_22-atomized-bb-True.pdb,0,40,True,True,True
M0349_1e3v,rfflow_fixed-ligand_run_M0349_1e3v_cond19_23-atomized-bb-True,run_M0349_1e3v_cond19_23-atomized-bb-True.pdb,0,40,True,True,True
M0349_1e3v,rfflow_fixed-ligand_run_M0349_1e3v_cond19_24-atomized-bb-True,run_M0349_1e3v_cond19_24-atomized-bb-True.pdb,0,40,True,True,True
M0349_1e3v,rfflow_fixed-ligand_run_M0349_1e3v_cond19_25-atomized-bb-True,run_M0349_1e3v_cond19_25-atomized-bb-True.pdb,0,40,True,True,True
M0349_1e3v,rfflow_fixed-ligand_run_M0349_1e3v_cond19_26-atomized-bb-True,run_M0349_1e3v_cond19_26-atomized-bb-True.pdb,0,40,True,True,True
M0349_1e3v,rfflow_fixed-ligand_run_M0349_1e3v_cond19_27-atomized-bb-True,run_M0349_1e3v_cond19_27-atomized-bb-True.pdb,0,40,True,True,True
M0349_1e3v,rfflow_fixed-ligand_run_M0349_1e3v_cond19_28-atomized-bb-True,run_M0349_1e3v_cond19_28-atomized-bb-True.pdb,0,40,True,True,True
M0349_1e3v,rfflow_fixed-ligand_run_M0349_1e3v_cond19_29-atomized-bb-True,run_M0349_1e3v_cond19_29-atomized-bb-True.pdb,0,40,True,True,True
M0349_1e3v,rfflow_fixed-ligand_run_M0349_1e3v_cond19_3-atomized-bb-True,run_M0349_1e3v_cond19_3-atomized-bb-True.pdb,0,40,True,True,True
M0349_1e3v,rfflow_fixed-ligand_run_M0349_1e3v_cond19_30-atomized-bb-True,run_M0349_1e3v_cond19_30-atomized-bb-True.pdb,0,40,True,True,True
M0349_1e3v,rfflow_fixed-ligand_run_M0349_1e3v_cond19_31-atomized-bb-True,run_M0349_1e3v_cond19_31-atomized-bb-True.pdb,0,40,True,True,True
M0349_1e3v,rfflow_fixed-ligand_run_M0349_1e3v_cond19_32-atomized-bb-True,run_M0349_1e3v_cond19_32-atomized-bb-True.pdb,0,40,True,True,True
M0349_1e3v,rfflow_fixed-ligand_run_M0349_1e3v_cond19_33-atomized-bb-True,run_M0349_1e3v_cond19_33-atomized-bb-True.pdb,18,40,False,True,False
M0349_1e3v,rfflow_fixed-ligand_run_M0349_1e3v_cond19_34-atomized-bb-True,run_M0349_1e3v_cond19_34-atomized-bb-True.pdb,0,40,True,True,True
M0349_1e3v,rfflow_fixed-ligand_run_M0349_1e3v_cond19_35-atomized-bb-True,run_M0349_1e3v_cond19_35-atomized-bb-True.pdb,0,40,True,True,True
M0349_1e3v,rfflow_fixed-ligand_run_M0349_1e3v_cond19_36-atomized-bb-True,run_M0349_1e3v_cond19_36-atomized-bb-True.pdb,5,40,False,True,False
M0349_1e3v,rfflow_fixed-ligand_run_M0349_1e3v_cond19_37-atomized-bb-True,run_M0349_1e3v_cond19_37-atomized-bb-True.pdb,0,40,True,True,True
M0349_1e3v,rfflow_fixed-ligand_run_M0349_1e3v_cond19_38-atomized-bb-True,run_M0349_1e3v_cond19_38-atomized-bb-True.pdb,0,40,True,True,True
M0349_1e3v,rfflow_fixed-ligand_run_M0349_1e3v_cond19_39-atomized-bb-True,run_M0349_1e3v_cond19_39-atomized-bb-True.pdb,0,40,True,True,True
M0349_1e3v,rfflow_fixed-ligand_run_M0349_1e3v_cond19_4-atomized-bb-True,run_M0349_1e3v_cond19_4-atomized-bb-True.pdb,0,40,True,True,True
M0349_1e3v,rfflow_fixed-ligand_run_M0349_1e3v_cond19_40-atomized-bb-True,run_M0349_1e3v_cond19_40-atomized-bb-True.pdb,4,40,False,True,False
M0349_1e3v,rfflow_fixed-ligand_run_M0349_1e3v_cond19_41-atomized-bb-True,run_M0349_1e3v_cond19_41-atomized-bb-True.pdb,0,40,True,True,True
M0349_1e3v,rfflow_fixed-ligand_run_M0349_1e3v_cond19_42-atomized-bb-True,run_M0349_1e3v_cond19_42-atomized-bb-True.pdb,0,40,True,True,True
M0349_1e3v,rfflow_fixed-ligand_run_M0349_1e3v_cond19_43-atomized-bb-True,run_M0349_1e3v_cond19_43-atomized-bb-True.pdb,0,40,True,True,True
M0349_1e3v,rfflow_fixed-ligand_run_M0349_1e3v_cond19_44-atomized-bb-True,run_M0349_1e3v_cond19_44-atomized-bb-True.pdb,7,40,False,True,False
M0349_1e3v,rfflow_fixed-ligand_run_M0349_1e3v_cond19_45-atomized-bb-True,run_M0349_1e3v_cond19_45-atomized-bb-True.pdb,1,40,False,True,False
M0349_1e3v,rfflow_fixed-ligand_run_M0349_1e3v_cond19_46-atomized-bb-True,run_M0349_1e3v_cond19_46-atomized-bb-True.pdb,0,40,True,True,True
M0349_1e3v,rfflow_fixed-ligand_run_M0349_1e3v_cond19_47-atomized-bb-True,run_M0349_1e3v_cond19_47-atomized-bb-True.pdb,0,40,True,True,True
M0349_1e3v,rfflow_fixed-ligand_run_M0349_1e3v_cond19_48-atomized-bb-True,run_M0349_1e3v_cond19_48-atomized-bb-True.pdb,0,40,True,False,False
M0349_1e3v,rfflow_fixed-ligand_run_M0349_1e3v_cond19_49-atomized-bb-True,run_M0349_1e3v_cond19_49-atomized-bb-True.pdb,2,40,False,True,False
M0349_1e3v,rfflow_fixed-ligand_run_M0349_1e3v_cond19_5-atomized-bb-True,run_M0349_1e3v_cond19_5-atomized-bb-True.pdb,0,40,True,True,True
M0349_1e3v,rfflow_fixed-ligand_run_M0349_1e3v_cond19_50-atomized-bb-True,run_M0349_1e3v_cond19_50-atomized-bb-True.pdb,0,40,True,True,True
M0349_1e3v,rfflow_fixed-ligand_run_M0349_1e3v_cond19_51-atomized-bb-True,run_M0349_1e3v_cond19_51-atomized-bb-True.pdb,0,40,True,True,True
M0349_1e3v,rfflow_fixed-ligand_run_M0349_1e3v_cond19_52-atomized-bb-True,run_M0349_1e3v_cond19_52-atomized-bb-True.pdb,1,40,False,True,False
M0349_1e3v,rfflow_fixed-ligand_run_M0349_1e3v_cond19_53-atomized-bb-True,run_M0349_1e3v_cond19_53-atomized-bb-True.pdb,1,40,False,True,False
M0349_1e3v,rfflow_fixed-ligand_run_M0349_1e3v_cond19_54-atomized-bb-True,run_M0349_1e3v_cond19_54-atomized-bb-True.pdb,0,40,True,True,True
M0349_1e3v,rfflow_fixed-ligand_run_M0349_1e3v_cond19_55-atomized-bb-True,run_M0349_1e3v_cond19_55-atomized-bb-True.pdb,0,40,True,True,True
M0349_1e3v,rfflow_fixed-ligand_run_M0349_1e3v_cond19_56-atomized-bb-True,run_M0349_1e3v_cond19_56-atomized-bb-True.pdb,0,40,True,True,True
M0349_1e3v,rfflow_fixed-ligand_run_M0349_1e3v_cond19_57-atomized-bb-True,run_M0349_1e3v_cond19_57-atomized-bb-True.pdb,0,40,True,True,True
M0349_1e3v,rfflow_fixed-ligand_run_M0349_1e3v_cond19_58-atomized-bb-True,run_M0349_1e3v_cond19_58-atomized-bb-True.pdb,0,40,True,True,True
M0349_1e3v,rfflow_fixed-ligand_run_M0349_1e3v_cond19_59-atomized-bb-True,run_M0349_1e3v_cond19_59-atomized-bb-True.pdb,0,40,True,True,True
M0349_1e3v,rfflow_fixed-ligand_run_M0349_1e3v_cond19_6-atomized-bb-True,run_M0349_1e3v_cond19_6-atomized-bb-True.pdb,0,40,True,True,True
M0349_1e3v,rfflow_fixed-ligand_run_M0349_1e3v_cond19_60-atomized-bb-True,run_M0349_1e3v_cond19_60-atomized-bb-True.pdb,0,40,True,True,True
M0349_1e3v,rfflow_fixed-ligand_run_M0349_1e3v_cond19_61-atomized-bb-True,run_M0349_1e3v_cond19_61-atomized-bb-True.pdb,0,40,True,True,True
M0349_1e3v,rfflow_fixed-ligand_run_M0349_1e3v_cond19_62-atomized-bb-True,run_M0349_1e3v_cond19_62-atomized-bb-True.pdb,0,40,True,True,True
M0349_1e3v,rfflow_fixed-ligand_run_M0349_1e3v_cond19_63-atomized-bb-True,run_M0349_1e3v_cond19_63-atomized-bb-True.pdb,0,40,True,True,True
M0349_1e3v,rfflow_fixed-ligand_run_M0349_1e3v_cond19_64-atomized-bb-True,run_M0349_1e3v_cond19_64-atomized-bb-True.pdb,0,40,True,True,True
M0349_1e3v,rfflow_fixed-ligand_run_M0349_1e3v_cond19_65-atomized-bb-True,run_M0349_1e3v_cond19_65-atomized-bb-True.pdb,0,40,True,True,True
M0349_1e3v,rfflow_fixed-ligand_run_M0349_1e3v_cond19_66-atomized-bb-True,run_M0349_1e3v_cond19_66-atomized-bb-True.pdb,0,40,True,True,True
M0349_1e3v,rfflow_fixed-ligand_run_M0349_1e3v_cond19_67-atomized-bb-True,run_M0349_1e3v_cond19_67-atomized-bb-True.pdb,0,40,True,True,True
M0349_1e3v,rfflow_fixed-ligand_run_M0349_1e3v_cond19_68-atomized-bb-True,run_M0349_1e3v_cond19_68-atomized-bb-True.pdb,0,40,True,True,True
M0349_1e3v,rfflow_fixed-ligand_run_M0349_1e3v_cond19_69-atomized-bb-True,run_M0349_1e3v_cond19_69-atomized-bb-True.pdb,0,40,True,True,True
M0349_1e3v,rfflow_fixed-ligand_run_M0349_1e3v_cond19_7-atomized-bb-True,run_M0349_1e3v_cond19_7-atomized-bb-True.pdb,0,40,True,True,True
M0349_1e3v,rfflow_fixed-ligand_run_M0349_1e3v_cond19_70-atomized-bb-True,run_M0349_1e3v_cond19_70-atomized-bb-True.pdb,0,40,True,True,True
M0349_1e3v,rfflow_fixed-ligand_run_M0349_1e3v_cond19_71-atomized-bb-True,run_M0349_1e3v_cond19_71-atomized-bb-True.pdb,0,40,True,True,True
M0349_1e3v,rfflow_fixed-ligand_run_M0349_1e3v_cond19_72-atomized-bb-True,run_M0349_1e3v_cond19_72-atomized-bb-True.pdb,0,40,True,True,True
M0349_1e3v,rfflow_fixed-ligand_run_M0349_1e3v_cond19_73-atomized-bb-True,run_M0349_1e3v_cond19_73-atomized-bb-True.pdb,0,40,True,True,True
M0349_1e3v,rfflow_fixed-ligand_run_M0349_1e3v_cond19_74-atomized-bb-True,run_M0349_1e3v_cond19_74-atomized-bb-True.pdb,0,40,True,True,True
M0349_1e3v,rfflow_fixed-ligand_run_M0349_1e3v_cond19_75-atomized-bb-True,run_M0349_1e3v_cond19_75-atomized-bb-True.pdb,0,40,True,True,True
M0349_1e3v,rfflow_fixed-ligand_run_M0349_1e3v_cond19_76-atomized-bb-True,run_M0349_1e3v_cond19_76-atomized-bb-True.pdb,0,40,True,True,True
M0349_1e3v,rfflow_fixed-ligand_run_M0349_1e3v_cond19_77-atomized-bb-True,run_M0349_1e3v_cond19_77-atomized-bb-True.pdb,5,40,False,True,False
M0349_1e3v,rfflow_fixed-ligand_run_M0349_1e3v_cond19_78-atomized-bb-True,run_M0349_1e3v_cond19_78-atomized-bb-True.pdb,0,40,True,True,True
M0349_1e3v,rfflow_fixed-ligand_run_M0349_1e3v_cond19_79-atomized-bb-True,run_M0349_1e3v_cond19_79-atomized-bb-True.pdb,0,40,True,True,True
M0349_1e3v,rfflow_fixed-ligand_run_M0349_1e3v_cond19_8-atomized-bb-True,run_M0349_1e3v_cond19_8-atomized-bb-True.pdb,0,40,True,True,True
M0349_1e3v,rfflow_fixed-ligand_run_M0349_1e3v_cond19_80-atomized-bb-True,run_M0349_1e3v_cond19_80-atomized-bb-True.pdb,0,40,True,True,True
M0349_1e3v,rfflow_fixed-ligand_run_M0349_1e3v_cond19_81-atomized-bb-True,run_M0349_1e3v_cond19_81-atomized-bb-True.pdb,0,40,True,True,True
M0349_1e3v,rfflow_fixed-ligand_run_M0349_1e3v_cond19_82-atomized-bb-True,run_M0349_1e3v_cond19_82-atomized-bb-True.pdb,0,40,True,True,True
M0349_1e3v,rfflow_fixed-ligand_run_M0349_1e3v_cond19_83-atomized-bb-True,run_M0349_1e3v_cond19_83-atomized-bb-True.pdb,0,40,True,True,True
M0349_1e3v,rfflow_fixed-ligand_run_M0349_1e3v_cond19_84-atomized-bb-True,run_M0349_1e3v_cond19_84-atomized-bb-True.pdb,0,40,True,True,True
M0349_1e3v,rfflow_fixed-ligand_run_M0349_1e3v_cond19_85-atomized-bb-True,run_M0349_1e3v_cond19_85-atomized-bb-True.pdb,0,40,True,True,True
M0349_1e3v,rfflow_fixed-ligand_run_M0349_1e3v_cond19_86-atomized-bb-True,run_M0349_1e3v_cond19_86-atomized-bb-True.pdb,0,40,True,True,True
M0349_1e3v,rfflow_fixed-ligand_run_M0349_1e3v_cond19_87-atomized-bb-True,run_M0349_1e3v_cond19_87-atomized-bb-True.pdb,0,40,True,True,True
M0349_1e3v,rfflow_fixed-ligand_run_M0349_1e3v_cond19_88-atomized-bb-True,run_M0349_1e3v_cond19_88-atomized-bb-True.pdb,1,40,False,True,False
M0349_1e3v,rfflow_fixed-ligand_run_M0349_1e3v_cond19_89-atomized-bb-True,run_M0349_1e3v_cond19_89-atomized-bb-True.pdb,0,40,True,True,True
M0349_1e3v,rfflow_fixed-ligand_run_M0349_1e3v_cond19_9-atomized-bb-True,run_M0349_1e3v_cond19_9-atomized-bb-True.pdb,0,40,True,True,True
M0349_1e3v,rfflow_fixed-ligand_run_M0349_1e3v_cond19_90-atomized-bb-True,run_M0349_1e3v_cond19_90-atomized-bb-True.pdb,0,40,True,True,True
M0349_1e3v,rfflow_fixed-ligand_run_M0349_1e3v_cond19_91-atomized-bb-True,run_M0349_1e3v_cond19_91-atomized-bb-True.pdb,0,40,True,True,True
M0349_1e3v,rfflow_fixed-ligand_run_M0349_1e3v_cond19_92-atomized-bb-True,run_M0349_1e3v_cond19_92-atomized-bb-True.pdb,0,40,True,True,True
M0349_1e3v,rfflow_fixed-ligand_run_M0349_1e3v_cond19_93-atomized-bb-True,run_M0349_1e3v_cond19_93-atomized-bb-True.pdb,1,40,False,True,False
M0349_1e3v,rfflow_fixed-ligand_run_M0349_1e3v_cond19_94-atomized-bb-True,run_M0349_1e3v_cond19_94-atomized-bb-True.pdb,0,40,True,True,True
M0349_1e3v,rfflow_fixed-ligand_run_M0349_1e3v_cond19_95-atomized-bb-True,run_M0349_1e3v_cond19_95-atomized-bb-True.pdb,0,40,True,True,True
M0349_1e3v,rfflow_fixed-ligand_run_M0349_1e3v_cond19_96-atomized-bb-True,run_M0349_1e3v_cond19_96-atomized-bb-True.pdb,0,40,True,True,True
M0349_1e3v,rfflow_fixed-ligand_run_M0349_1e3v_cond19_97-atomized-bb-True,run_M0349_1e3v_cond19_97-atomized-bb-True.pdb,0,40,True,True,True
M0349_1e3v,rfflow_fixed-ligand_run_M0349_1e3v_cond19_98-atomized-bb-True,run_M0349_1e3v_cond19_98-atomized-bb-True.pdb,0,40,True,True,True
M0349_1e3v,rfflow_fixed-ligand_run_M0349_1e3v_cond19_99-atomized-bb-True,run_M0349_1e3v_cond19_99-atomized-bb-True.pdb,2,40,False,True,False
M0365_1pfk,rfflow_fixed-ligand_run_M0365_1pfk_cond20_0-atomized-bb-True,run_M0365_1pfk_cond20_0-atomized-bb-True.pdb,0,40,True,False,False
M0365_1pfk,rfflow_fixed-ligand_run_M0365_1pfk_cond20_1-atomized-bb-True,run_M0365_1pfk_cond20_1-atomized-bb-True.pdb,0,40,True,True,True
M0365_1pfk,rfflow_fixed-ligand_run_M0365_1pfk_cond20_10-atomized-bb-True,run_M0365_1pfk_cond20_10-atomized-bb-True.pdb,0,40,True,True,True
M0365_1pfk,rfflow_fixed-ligand_run_M0365_1pfk_cond20_11-atomized-bb-True,run_M0365_1pfk_cond20_11-atomized-bb-True.pdb,0,40,True,True,True
M0365_1pfk,rfflow_fixed-ligand_run_M0365_1pfk_cond20_12-atomized-bb-True,run_M0365_1pfk_cond20_12-atomized-bb-True.pdb,0,40,True,True,True
M0365_1pfk,rfflow_fixed-ligand_run_M0365_1pfk_cond20_13-atomized-bb-True,run_M0365_1pfk_cond20_13-atomized-bb-True.pdb,0,40,True,True,True
M0365_1pfk,rfflow_fixed-ligand_run_M0365_1pfk_cond20_14-atomized-bb-True,run_M0365_1pfk_cond20_14-atomized-bb-True.pdb,0,40,True,True,True
M0365_1pfk,rfflow_fixed-ligand_run_M0365_1pfk_cond20_15-atomized-bb-True,run_M0365_1pfk_cond20_15-atomized-bb-True.pdb,0,40,True,True,True
M0365_1pfk,rfflow_fixed-ligand_run_M0365_1pfk_cond20_16-atomized-bb-True,run_M0365_1pfk_cond20_16-atomized-bb-True.pdb,0,40,True,True,True
M0365_1pfk,rfflow_fixed-ligand_run_M0365_1pfk_cond20_17-atomized-bb-True,run_M0365_1pfk_cond20_17-atomized-bb-True.pdb,0,40,True,True,True
M0365_1pfk,rfflow_fixed-ligand_run_M0365_1pfk_cond20_18-atomized-bb-True,run_M0365_1pfk_cond20_18-atomized-bb-True.pdb,0,40,True,True,True
M0365_1pfk,rfflow_fixed-ligand_run_M0365_1pfk_cond20_19-atomized-bb-True,run_M0365_1pfk_cond20_19-atomized-bb-True.pdb,0,40,True,True,True
M0365_1pfk,rfflow_fixed-ligand_run_M0365_1pfk_cond20_2-atomized-bb-True,run_M0365_1pfk_cond20_2-atomized-bb-True.pdb,0,40,True,True,True
M0365_1pfk,rfflow_fixed-ligand_run_M0365_1pfk_cond20_20-atomized-bb-True,run_M0365_1pfk_cond20_20-atomized-bb-True.pdb,0,40,True,True,True
M0365_1pfk,rfflow_fixed-ligand_run_M0365_1pfk_cond20_21-atomized-bb-True,run_M0365_1pfk_cond20_21-atomized-bb-True.pdb,0,40,True,True,True
M0365_1pfk,rfflow_fixed-ligand_run_M0365_1pfk_cond20_22-atomized-bb-True,run_M0365_1pfk_cond20_22-atomized-bb-True.pdb,0,40,True,True,True
M0365_1pfk,rfflow_fixed-ligand_run_M0365_1pfk_cond20_23-atomized-bb-True,run_M0365_1pfk_cond20_23-atomized-bb-True.pdb,0,40,True,False,False
M0365_1pfk,rfflow_fixed-ligand_run_M0365_1pfk_cond20_24-atomized-bb-True,run_M0365_1pfk_cond20_24-atomized-bb-True.pdb,0,40,True,False,False
M0365_1pfk,rfflow_fixed-ligand_run_M0365_1pfk_cond20_25-atomized-bb-True,run_M0365_1pfk_cond20_25-atomized-bb-True.pdb,0,40,True,True,True
M0365_1pfk,rfflow_fixed-ligand_run_M0365_1pfk_cond20_26-atomized-bb-True,run_M0365_1pfk_cond20_26-atomized-bb-True.pdb,0,40,True,True,True
M0365_1pfk,rfflow_fixed-ligand_run_M0365_1pfk_cond20_27-atomized-bb-True,run_M0365_1pfk_cond20_27-atomized-bb-True.pdb,0,40,True,True,True
M0365_1pfk,rfflow_fixed-ligand_run_M0365_1pfk_cond20_28-atomized-bb-True,run_M0365_1pfk_cond20_28-atomized-bb-True.pdb,0,40,True,True,True
M0365_1pfk,rfflow_fixed-ligand_run_M0365_1pfk_cond20_29-atomized-bb-True,run_M0365_1pfk_cond20_29-atomized-bb-True.pdb,0,40,True,True,True
M0365_1pfk,rfflow_fixed-ligand_run_M0365_1pfk_cond20_3-atomized-bb-True,run_M0365_1pfk_cond20_3-atomized-bb-True.pdb,0,40,True,True,True
M0365_1pfk,rfflow_fixed-ligand_run_M0365_1pfk_cond20_30-atomized-bb-True,run_M0365_1pfk_cond20_30-atomized-bb-True.pdb,0,40,True,True,True
M0365_1pfk,rfflow_fixed-ligand_run_M0365_1pfk_cond20_31-atomized-bb-True,run_M0365_1pfk_cond20_31-atomized-bb-True.pdb,0,40,True,True,True
M0365_1pfk,rfflow_fixed-ligand_run_M0365_1pfk_cond20_32-atomized-bb-True,run_M0365_1pfk_cond20_32-atomized-bb-True.pdb,0,40,True,True,True
M0365_1pfk,rfflow_fixed-ligand_run_M0365_1pfk_cond20_33-atomized-bb-True,run_M0365_1pfk_cond20_33-atomized-bb-True.pdb,0,40,True,True,True
M0365_1pfk,rfflow_fixed-ligand_run_M0365_1pfk_cond20_34-atomized-bb-True,run_M0365_1pfk_cond20_34-atomized-bb-True.pdb,0,40,True,True,True
M0365_1pfk,rfflow_fixed-ligand_run_M0365_1pfk_cond20_35-atomized-bb-True,run_M0365_1pfk_cond20_35-atomized-bb-True.pdb,0,40,True,True,True
M0365_1pfk,rfflow_fixed-ligand_run_M0365_1pfk_cond20_36-atomized-bb-True,run_M0365_1pfk_cond20_36-atomized-bb-True.pdb,0,40,True,True,True
M0365_1pfk,rfflow_fixed-ligand_run_M0365_1pfk_cond20_37-atomized-bb-True,run_M0365_1pfk_cond20_37-atomized-bb-True.pdb,0,40,True,True,True
M0365_1pfk,rfflow_fixed-ligand_run_M0365_1pfk_cond20_38-atomized-bb-True,run_M0365_1pfk_cond20_38-atomized-bb-True.pdb,0,40,True,True,True
M0365_1pfk,rfflow_fixed-ligand_run_M0365_1pfk_cond20_39-atomized-bb-True,run_M0365_1pfk_cond20_39-atomized-bb-True.pdb,0,40,True,True,True
M0365_1pfk,rfflow_fixed-ligand_run_M0365_1pfk_cond20_4-atomized-bb-True,run_M0365_1pfk_cond20_4-atomized-bb-True.pdb,0,40,True,False,False
M0365_1pfk,rfflow_fixed-ligand_run_M0365_1pfk_cond20_40-atomized-bb-True,run_M0365_1pfk_cond20_40-atomized-bb-True.pdb,0,40,True,False,False
M0365_1pfk,rfflow_fixed-ligand_run_M0365_1pfk_cond20_41-atomized-bb-True,run_M0365_1pfk_cond20_41-atomized-bb-True.pdb,0,40,True,True,True
M0365_1pfk,rfflow_fixed-ligand_run_M0365_1pfk_cond20_42-atomized-bb-True,run_M0365_1pfk_cond20_42-atomized-bb-True.pdb,0,40,True,True,True
M0365_1pfk,rfflow_fixed-ligand_run_M0365_1pfk_cond20_43-atomized-bb-True,run_M0365_1pfk_cond20_43-atomized-bb-True.pdb,0,40,True,False,False
M0365_1pfk,rfflow_fixed-ligand_run_M0365_1pfk_cond20_44-atomized-bb-True,run_M0365_1pfk_cond20_44-atomized-bb-True.pdb,0,40,True,False,False
M0365_1pfk,rfflow_fixed-ligand_run_M0365_1pfk_cond20_45-atomized-bb-True,run_M0365_1pfk_cond20_45-atomized-bb-True.pdb,0,40,True,True,True
M0365_1pfk,rfflow_fixed-ligand_run_M0365_1pfk_cond20_46-atomized-bb-True,run_M0365_1pfk_cond20_46-atomized-bb-True.pdb,0,40,True,True,True
M0365_1pfk,rfflow_fixed-ligand_run_M0365_1pfk_cond20_47-atomized-bb-True,run_M0365_1pfk_cond20_47-atomized-bb-True.pdb,0,40,True,True,True
M0365_1pfk,rfflow_fixed-ligand_run_M0365_1pfk_cond20_48-atomized-bb-True,run_M0365_1pfk_cond20_48-atomized-bb-True.pdb,0,40,True,True,True
M0365_1pfk,rfflow_fixed-ligand_run_M0365_1pfk_cond20_49-atomized-bb-True,run_M0365_1pfk_cond20_49-atomized-bb-True.pdb,0,40,True,True,True
M0365_1pfk,rfflow_fixed-ligand_run_M0365_1pfk_cond20_5-atomized-bb-True,run_M0365_1pfk_cond20_5-atomized-bb-True.pdb,0,40,True,True,True
M0365_1pfk,rfflow_fixed-ligand_run_M0365_1pfk_cond20_50-atomized-bb-True,run_M0365_1pfk_cond20_50-atomized-bb-True.pdb,0,40,True,True,True
M0365_1pfk,rfflow_fixed-ligand_run_M0365_1pfk_cond20_51-atomized-bb-True,run_M0365_1pfk_cond20_51-atomized-bb-True.pdb,0,40,True,True,True
M0365_1pfk,rfflow_fixed-ligand_run_M0365_1pfk_cond20_52-atomized-bb-True,run_M0365_1pfk_cond20_52-atomized-bb-True.pdb,0,40,True,True,True
M0365_1pfk,rfflow_fixed-ligand_run_M0365_1pfk_cond20_53-atomized-bb-True,run_M0365_1pfk_cond20_53-atomized-bb-True.pdb,0,40,True,True,True
M0365_1pfk,rfflow_fixed-ligand_run_M0365_1pfk_cond20_54-atomized-bb-True,run_M0365_1pfk_cond20_54-atomized-bb-True.pdb,0,40,True,True,True
M0365_1pfk,rfflow_fixed-ligand_run_M0365_1pfk_cond20_55-atomized-bb-True,run_M0365_1pfk_cond20_55-atomized-bb-True.pdb,0,40,True,True,True
M0365_1pfk,rfflow_fixed-ligand_run_M0365_1pfk_cond20_56-atomized-bb-True,run_M0365_1pfk_cond20_56-atomized-bb-True.pdb,0,40,True,True,True
M0365_1pfk,rfflow_fixed-ligand_run_M0365_1pfk_cond20_57-atomized-bb-True,run_M0365_1pfk_cond20_57-atomized-bb-True.pdb,0,40,True,False,False
M0365_1pfk,rfflow_fixed-ligand_run_M0365_1pfk_cond20_58-atomized-bb-True,run_M0365_1pfk_cond20_58-atomized-bb-True.pdb,0,40,True,True,True
M0365_1pfk,rfflow_fixed-ligand_run_M0365_1pfk_cond20_59-atomized-bb-True,run_M0365_1pfk_cond20_59-atomized-bb-True.pdb,0,40,True,True,True
M0365_1pfk,rfflow_fixed-ligand_run_M0365_1pfk_cond20_6-atomized-bb-True,run_M0365_1pfk_cond20_6-atomized-bb-True.pdb,0,40,True,False,False
M0365_1pfk,rfflow_fixed-ligand_run_M0365_1pfk_cond20_60-atomized-bb-True,run_M0365_1pfk_cond20_60-atomized-bb-True.pdb,0,40,True,True,True
M0365_1pfk,rfflow_fixed-ligand_run_M0365_1pfk_cond20_61-atomized-bb-True,run_M0365_1pfk_cond20_61-atomized-bb-True.pdb,0,40,True,True,True
M0365_1pfk,rfflow_fixed-ligand_run_M0365_1pfk_cond20_62-atomized-bb-True,run_M0365_1pfk_cond20_62-atomized-bb-True.pdb,0,40,True,False,False
M0365_1pfk,rfflow_fixed-ligand_run_M0365_1pfk_cond20_63-atomized-bb-True,run_M0365_1pfk_cond20_63-atomized-bb-True.pdb,0,40,True,True,True
M0365_1pfk,rfflow_fixed-ligand_run_M0365_1pfk_cond20_64-atomized-bb-True,run_M0365_1pfk_cond20_64-atomized-bb-True.pdb,0,40,True,True,True
M0365_1pfk,rfflow_fixed-ligand_run_M0365_1pfk_cond20_65-atomized-bb-True,run_M0365_1pfk_cond20_65-atomized-bb-True.pdb,0,40,True,True,True
M0365_1pfk,rfflow_fixed-ligand_run_M0365_1pfk_cond20_66-atomized-bb-True,run_M0365_1pfk_cond20_66-atomized-bb-True.pdb,0,40,True,True,True
M0365_1pfk,rfflow_fixed-ligand_run_M0365_1pfk_cond20_67-atomized-bb-True,run_M0365_1pfk_cond20_67-atomized-bb-True.pdb,0,40,True,True,True
M0365_1pfk,rfflow_fixed-ligand_run_M0365_1pfk_cond20_68-atomized-bb-True,run_M0365_1pfk_cond20_68-atomized-bb-True.pdb,0,40,True,True,True
M0365_1pfk,rfflow_fixed-ligand_run_M0365_1pfk_cond20_69-atomized-bb-True,run_M0365_1pfk_cond20_69-atomized-bb-True.pdb,2,40,False,True,False
M0365_1pfk,rfflow_fixed-ligand_run_M0365_1pfk_cond20_7-atomized-bb-True,run_M0365_1pfk_cond20_7-atomized-bb-True.pdb,0,40,True,True,True
M0365_1pfk,rfflow_fixed-ligand_run_M0365_1pfk_cond20_70-atomized-bb-True,run_M0365_1pfk_cond20_70-atomized-bb-True.pdb,0,40,True,True,True
M0365_1pfk,rfflow_fixed-ligand_run_M0365_1pfk_cond20_71-atomized-bb-True,run_M0365_1pfk_cond20_71-atomized-bb-True.pdb,0,40,True,False,False
M0365_1pfk,rfflow_fixed-ligand_run_M0365_1pfk_cond20_72-atomized-bb-True,run_M0365_1pfk_cond20_72-atomized-bb-True.pdb,0,40,True,True,True
M0365_1pfk,rfflow_fixed-ligand_run_M0365_1pfk_cond20_73-atomized-bb-True,run_M0365_1pfk_cond20_73-atomized-bb-True.pdb,0,40,True,True,True
M0365_1pfk,rfflow_fixed-ligand_run_M0365_1pfk_cond20_74-atomized-bb-True,run_M0365_1pfk_cond20_74-atomized-bb-True.pdb,0,40,True,True,True
M0365_1pfk,rfflow_fixed-ligand_run_M0365_1pfk_cond20_75-atomized-bb-True,run_M0365_1pfk_cond20_75-atomized-bb-True.pdb,0,40,True,True,True
M0365_1pfk,rfflow_fixed-ligand_run_M0365_1pfk_cond20_76-atomized-bb-True,run_M0365_1pfk_cond20_76-atomized-bb-True.pdb,0,40,True,True,True
M0365_1pfk,rfflow_fixed-ligand_run_M0365_1pfk_cond20_77-atomized-bb-True,run_M0365_1pfk_cond20_77-atomized-bb-True.pdb,0,40,True,True,True
M0365_1pfk,rfflow_fixed-ligand_run_M0365_1pfk_cond20_78-atomized-bb-True,run_M0365_1pfk_cond20_78-atomized-bb-True.pdb,0,40,True,False,False
M0365_1pfk,rfflow_fixed-ligand_run_M0365_1pfk_cond20_79-atomized-bb-True,run_M0365_1pfk_cond20_79-atomized-bb-True.pdb,0,40,True,True,True
M0365_1pfk,rfflow_fixed-ligand_run_M0365_1pfk_cond20_8-atomized-bb-True,run_M0365_1pfk_cond20_8-atomized-bb-True.pdb,0,40,True,True,True
M0365_1pfk,rfflow_fixed-ligand_run_M0365_1pfk_cond20_80-atomized-bb-True,run_M0365_1pfk_cond20_80-atomized-bb-True.pdb,0,40,True,False,False
M0365_1pfk,rfflow_fixed-ligand_run_M0365_1pfk_cond20_81-atomized-bb-True,run_M0365_1pfk_cond20_81-atomized-bb-True.pdb,0,40,True,True,True
M0365_1pfk,rfflow_fixed-ligand_run_M0365_1pfk_cond20_82-atomized-bb-True,run_M0365_1pfk_cond20_82-atomized-bb-True.pdb,0,40,True,True,True
M0365_1pfk,rfflow_fixed-ligand_run_M0365_1pfk_cond20_83-atomized-bb-True,run_M0365_1pfk_cond20_83-atomized-bb-True.pdb,0,40,True,True,True
M0365_1pfk,rfflow_fixed-ligand_run_M0365_1pfk_cond20_84-atomized-bb-True,run_M0365_1pfk_cond20_84-atomized-bb-True.pdb,0,40,True,True,True
M0365_1pfk,rfflow_fixed-ligand_run_M0365_1pfk_cond20_85-atomized-bb-True,run_M0365_1pfk_cond20_85-atomized-bb-True.pdb,0,40,True,True,True
M0365_1pfk,rfflow_fixed-ligand_run_M0365_1pfk_cond20_86-atomized-bb-True,run_M0365_1pfk_cond20_86-atomized-bb-True.pdb,0,40,True,True,True
M0365_1pfk,rfflow_fixed-ligand_run_M0365_1pfk_cond20_87-atomized-bb-True,run_M0365_1pfk_cond20_87-atomized-bb-True.pdb,0,40,True,True,True
M0365_1pfk,rfflow_fixed-ligand_run_M0365_1pfk_cond20_88-atomized-bb-True,run_M0365_1pfk_cond20_88-atomized-bb-True.pdb,0,40,True,True,True
M0365_1pfk,rfflow_fixed-ligand_run_M0365_1pfk_cond20_89-atomized-bb-True,run_M0365_1pfk_cond20_89-atomized-bb-True.pdb,0,40,True,True,True
M0365_1pfk,rfflow_fixed-ligand_run_M0365_1pfk_cond20_9-atomized-bb-True,run_M0365_1pfk_cond20_9-atomized-bb-True.pdb,0,40,True,True,True
M0365_1pfk,rfflow_fixed-ligand_run_M0365_1pfk_cond20_90-atomized-bb-True,run_M0365_1pfk_cond20_90-atomized-bb-True.pdb,0,40,True,True,True
M0365_1pfk,rfflow_fixed-ligand_run_M0365_1pfk_cond20_91-atomized-bb-True,run_M0365_1pfk_cond20_91-atomized-bb-True.pdb,0,40,True,True,True
M0365_1pfk,rfflow_fixed-ligand_run_M0365_1pfk_cond20_92-atomized-bb-True,run_M0365_1pfk_cond20_92-atomized-bb-True.pdb,0,40,True,True,True
M0365_1pfk,rfflow_fixed-ligand_run_M0365_1pfk_cond20_93-atomized-bb-True,run_M0365_1pfk_cond20_93-atomized-bb-True.pdb,0,40,True,True,True
M0365_1pfk,rfflow_fixed-ligand_run_M0365_1pfk_cond20_94-atomized-bb-True,run_M0365_1pfk_cond20_94-atomized-bb-True.pdb,0,40,True,True,True
M0365_1pfk,rfflow_fixed-ligand_run_M0365_1pfk_cond20_95-atomized-bb-True,run_M0365_1pfk_cond20_95-atomized-bb-True.pdb,0,40,True,True,True
M0365_1pfk,rfflow_fixed-ligand_run_M0365_1pfk_cond20_96-atomized-bb-True,run_M0365_1pfk_cond20_96-atomized-bb-True.pdb,0,40,True,True,True
M0365_1pfk,rfflow_fixed-ligand_run_M0365_1pfk_cond20_97-atomized-bb-True,run_M0365_1pfk_cond20_97-atomized-bb-True.pdb,0,40,True,True,True
M0365_1pfk,rfflow_fixed-ligand_run_M0365_1pfk_cond20_98-atomized-bb-True,run_M0365_1pfk_cond20_98-atomized-bb-True.pdb,0,40,True,True,True
M0365_1pfk,rfflow_fixed-ligand_run_M0365_1pfk_cond20_99-atomized-bb-True,run_M0365_1pfk_cond20_99-atomized-bb-True.pdb,0,40,True,True,True
M0375_4ts9,rfflow_fixed-ligand_run_M0375_4ts9_cond21_0-atomized-bb-True,run_M0375_4ts9_cond21_0-atomized-bb-True.pdb,0,40,True,True,True
M0375_4ts9,rfflow_fixed-ligand_run_M0375_4ts9_cond21_1-atomized-bb-True,run_M0375_4ts9_cond21_1-atomized-bb-True.pdb,0,40,True,True,True
M0375_4ts9,rfflow_fixed-ligand_run_M0375_4ts9_cond21_10-atomized-bb-True,run_M0375_4ts9_cond21_10-atomized-bb-True.pdb,0,40,True,True,True
M0375_4ts9,rfflow_fixed-ligand_run_M0375_4ts9_cond21_11-atomized-bb-True,run_M0375_4ts9_cond21_11-atomized-bb-True.pdb,0,40,True,True,True
M0375_4ts9,rfflow_fixed-ligand_run_M0375_4ts9_cond21_12-atomized-bb-True,run_M0375_4ts9_cond21_12-atomized-bb-True.pdb,0,40,True,True,True
M0375_4ts9,rfflow_fixed-ligand_run_M0375_4ts9_cond21_13-atomized-bb-True,run_M0375_4ts9_cond21_13-atomized-bb-True.pdb,0,40,True,True,True
M0375_4ts9,rfflow_fixed-ligand_run_M0375_4ts9_cond21_14-atomized-bb-True,run_M0375_4ts9_cond21_14-atomized-bb-True.pdb,0,40,True,True,True
M0375_4ts9,rfflow_fixed-ligand_run_M0375_4ts9_cond21_15-atomized-bb-True,run_M0375_4ts9_cond21_15-atomized-bb-True.pdb,0,40,True,True,True
M0375_4ts9,rfflow_fixed-ligand_run_M0375_4ts9_cond21_16-atomized-bb-True,run_M0375_4ts9_cond21_16-atomized-bb-True.pdb,0,40,True,True,True
M0375_4ts9,rfflow_fixed-ligand_run_M0375_4ts9_cond21_17-atomized-bb-True,run_M0375_4ts9_cond21_17-atomized-bb-True.pdb,0,40,True,True,True
M0375_4ts9,rfflow_fixed-ligand_run_M0375_4ts9_cond21_18-atomized-bb-True,run_M0375_4ts9_cond21_18-atomized-bb-True.pdb,0,40,True,True,True
M0375_4ts9,rfflow_fixed-ligand_run_M0375_4ts9_cond21_19-atomized-bb-True,run_M0375_4ts9_cond21_19-atomized-bb-True.pdb,0,40,True,True,True
M0375_4ts9,rfflow_fixed-ligand_run_M0375_4ts9_cond21_2-atomized-bb-True,run_M0375_4ts9_cond21_2-atomized-bb-True.pdb,0,40,True,True,True
M0375_4ts9,rfflow_fixed-ligand_run_M0375_4ts9_cond21_20-atomized-bb-True,run_M0375_4ts9_cond21_20-atomized-bb-True.pdb,0,40,True,True,True
M0375_4ts9,rfflow_fixed-ligand_run_M0375_4ts9_cond21_21-atomized-bb-True,run_M0375_4ts9_cond21_21-atomized-bb-True.pdb,0,40,True,True,True
M0375_4ts9,rfflow_fixed-ligand_run_M0375_4ts9_cond21_22-atomized-bb-True,run_M0375_4ts9_cond21_22-atomized-bb-True.pdb,0,40,True,False,False
M0375_4ts9,rfflow_fixed-ligand_run_M0375_4ts9_cond21_23-atomized-bb-True,run_M0375_4ts9_cond21_23-atomized-bb-True.pdb,0,40,True,True,True
M0375_4ts9,rfflow_fixed-ligand_run_M0375_4ts9_cond21_24-atomized-bb-True,run_M0375_4ts9_cond21_24-atomized-bb-True.pdb,0,40,True,True,True
M0375_4ts9,rfflow_fixed-ligand_run_M0375_4ts9_cond21_25-atomized-bb-True,run_M0375_4ts9_cond21_25-atomized-bb-True.pdb,0,40,True,True,True
M0375_4ts9,rfflow_fixed-ligand_run_M0375_4ts9_cond21_26-atomized-bb-True,run_M0375_4ts9_cond21_26-atomized-bb-True.pdb,0,40,True,True,True
M0375_4ts9,rfflow_fixed-ligand_run_M0375_4ts9_cond21_27-atomized-bb-True,run_M0375_4ts9_cond21_27-atomized-bb-True.pdb,0,40,True,True,True
M0375_4ts9,rfflow_fixed-ligand_run_M0375_4ts9_cond21_28-atomized-bb-True,run_M0375_4ts9_cond21_28-atomized-bb-True.pdb,0,40,True,True,True
M0375_4ts9,rfflow_fixed-ligand_run_M0375_4ts9_cond21_29-atomized-bb-True,run_M0375_4ts9_cond21_29-atomized-bb-True.pdb,0,40,True,True,True
M0375_4ts9,rfflow_fixed-ligand_run_M0375_4ts9_cond21_3-atomized-bb-True,run_M0375_4ts9_cond21_3-atomized-bb-True.pdb,0,40,True,True,True
M0375_4ts9,rfflow_fixed-ligand_run_M0375_4ts9_cond21_30-atomized-bb-True,run_M0375_4ts9_cond21_30-atomized-bb-True.pdb,0,40,True,False,False
M0375_4ts9,rfflow_fixed-ligand_run_M0375_4ts9_cond21_31-atomized-bb-True,run_M0375_4ts9_cond21_31-atomized-bb-True.pdb,0,40,True,True,True
M0375_4ts9,rfflow_fixed-ligand_run_M0375_4ts9_cond21_32-atomized-bb-True,run_M0375_4ts9_cond21_32-atomized-bb-True.pdb,0,40,True,True,True
M0375_4ts9,rfflow_fixed-ligand_run_M0375_4ts9_cond21_33-atomized-bb-True,run_M0375_4ts9_cond21_33-atomized-bb-True.pdb,0,40,True,True,True
M0375_4ts9,rfflow_fixed-ligand_run_M0375_4ts9_cond21_34-atomized-bb-True,run_M0375_4ts9_cond21_34-atomized-bb-True.pdb,0,40,True,True,True
M0375_4ts9,rfflow_fixed-ligand_run_M0375_4ts9_cond21_35-atomized-bb-True,run_M0375_4ts9_cond21_35-atomized-bb-True.pdb,0,40,True,True,True
M0375_4ts9,rfflow_fixed-ligand_run_M0375_4ts9_cond21_36-atomized-bb-True,run_M0375_4ts9_cond21_36-atomized-bb-True.pdb,0,40,True,True,True
M0375_4ts9,rfflow_fixed-ligand_run_M0375_4ts9_cond21_37-atomized-bb-True,run_M0375_4ts9_cond21_37-atomized-bb-True.pdb,0,40,True,True,True
M0375_4ts9,rfflow_fixed-ligand_run_M0375_4ts9_cond21_38-atomized-bb-True,run_M0375_4ts9_cond21_38-atomized-bb-True.pdb,0,40,True,True,True
M0375_4ts9,rfflow_fixed-ligand_run_M0375_4ts9_cond21_39-atomized-bb-True,run_M0375_4ts9_cond21_39-atomized-bb-True.pdb,0,40,True,True,True
M0375_4ts9,rfflow_fixed-ligand_run_M0375_4ts9_cond21_4-atomized-bb-True,run_M0375_4ts9_cond21_4-atomized-bb-True.pdb,0,40,True,True,True
M0375_4ts9,rfflow_fixed-ligand_run_M0375_4ts9_cond21_40-atomized-bb-True,run_M0375_4ts9_cond21_40-atomized-bb-True.pdb,0,40,True,True,True
M0375_4ts9,rfflow_fixed-ligand_run_M0375_4ts9_cond21_41-atomized-bb-True,run_M0375_4ts9_cond21_41-atomized-bb-True.pdb,0,40,True,True,True
M0375_4ts9,rfflow_fixed-ligand_run_M0375_4ts9_cond21_42-atomized-bb-True,run_M0375_4ts9_cond21_42-atomized-bb-True.pdb,0,40,True,True,True
M0375_4ts9,rfflow_fixed-ligand_run_M0375_4ts9_cond21_43-atomized-bb-True,run_M0375_4ts9_cond21_43-atomized-bb-True.pdb,0,40,True,True,True
M0375_4ts9,rfflow_fixed-ligand_run_M0375_4ts9_cond21_44-atomized-bb-True,run_M0375_4ts9_cond21_44-atomized-bb-True.pdb,0,40,True,True,True
M0375_4ts9,rfflow_fixed-ligand_run_M0375_4ts9_cond21_45-atomized-bb-True,run_M0375_4ts9_cond21_45-atomized-bb-True.pdb,0,40,True,True,True
M0375_4ts9,rfflow_fixed-ligand_run_M0375_4ts9_cond21_46-atomized-bb-True,run_M0375_4ts9_cond21_46-atomized-bb-True.pdb,0,40,True,False,False
M0375_4ts9,rfflow_fixed-ligand_run_M0375_4ts9_cond21_47-atomized-bb-True,run_M0375_4ts9_cond21_47-atomized-bb-True.pdb,0,40,True,True,True
M0375_4ts9,rfflow_fixed-ligand_run_M0375_4ts9_cond21_48-atomized-bb-True,run_M0375_4ts9_cond21_48-atomized-bb-True.pdb,0,40,True,True,True
M0375_4ts9,rfflow_fixed-ligand_run_M0375_4ts9_cond21_49-atomized-bb-True,run_M0375_4ts9_cond21_49-atomized-bb-True.pdb,0,40,True,True,True
M0375_4ts9,rfflow_fixed-ligand_run_M0375_4ts9_cond21_5-atomized-bb-True,run_M0375_4ts9_cond21_5-atomized-bb-True.pdb,0,40,True,False,False
M0375_4ts9,rfflow_fixed-ligand_run_M0375_4ts9_cond21_50-atomized-bb-True,run_M0375_4ts9_cond21_50-atomized-bb-True.pdb,0,40,True,True,True
M0375_4ts9,rfflow_fixed-ligand_run_M0375_4ts9_cond21_51-atomized-bb-True,run_M0375_4ts9_cond21_51-atomized-bb-True.pdb,0,40,True,True,True
M0375_4ts9,rfflow_fixed-ligand_run_M0375_4ts9_cond21_52-atomized-bb-True,run_M0375_4ts9_cond21_52-atomized-bb-True.pdb,0,40,True,True,True
M0375_4ts9,rfflow_fixed-ligand_run_M0375_4ts9_cond21_53-atomized-bb-True,run_M0375_4ts9_cond21_53-atomized-bb-True.pdb,0,40,True,False,False
M0375_4ts9,rfflow_fixed-ligand_run_M0375_4ts9_cond21_54-atomized-bb-True,run_M0375_4ts9_cond21_54-atomized-bb-True.pdb,0,40,True,True,True
M0375_4ts9,rfflow_fixed-ligand_run_M0375_4ts9_cond21_55-atomized-bb-True,run_M0375_4ts9_cond21_55-atomized-bb-True.pdb,0,40,True,True,True
M0375_4ts9,rfflow_fixed-ligand_run_M0375_4ts9_cond21_56-atomized-bb-True,run_M0375_4ts9_cond21_56-atomized-bb-True.pdb,0,40,True,True,True
M0375_4ts9,rfflow_fixed-ligand_run_M0375_4ts9_cond21_57-atomized-bb-True,run_M0375_4ts9_cond21_57-atomized-bb-True.pdb,0,40,True,True,True
M0375_4ts9,rfflow_fixed-ligand_run_M0375_4ts9_cond21_58-atomized-bb-True,run_M0375_4ts9_cond21_58-atomized-bb-True.pdb,0,40,True,True,True
M0375_4ts9,rfflow_fixed-ligand_run_M0375_4ts9_cond21_59-atomized-bb-True,run_M0375_4ts9_cond21_59-atomized-bb-True.pdb,0,40,True,True,True
M0375_4ts9,rfflow_fixed-ligand_run_M0375_4ts9_cond21_6-atomized-bb-True,run_M0375_4ts9_cond21_6-atomized-bb-True.pdb,0,40,True,True,True
M0375_4ts9,rfflow_fixed-ligand_run_M0375_4ts9_cond21_60-atomized-bb-True,run_M0375_4ts9_cond21_60-atomized-bb-True.pdb,0,40,True,True,True
M0375_4ts9,rfflow_fixed-ligand_run_M0375_4ts9_cond21_61-atomized-bb-True,run_M0375_4ts9_cond21_61-atomized-bb-True.pdb,0,40,True,True,True
M0375_4ts9,rfflow_fixed-ligand_run_M0375_4ts9_cond21_62-atomized-bb-True,run_M0375_4ts9_cond21_62-atomized-bb-True.pdb,8,40,False,True,False
M0375_4ts9,rfflow_fixed-ligand_run_M0375_4ts9_cond21_63-atomized-bb-True,run_M0375_4ts9_cond21_63-atomized-bb-True.pdb,0,40,True,False,False
M0375_4ts9,rfflow_fixed-ligand_run_M0375_4ts9_cond21_64-atomized-bb-True,run_M0375_4ts9_cond21_64-atomized-bb-True.pdb,0,40,True,True,True
M0375_4ts9,rfflow_fixed-ligand_run_M0375_4ts9_cond21_65-atomized-bb-True,run_M0375_4ts9_cond21_65-atomized-bb-True.pdb,0,40,True,True,True
M0375_4ts9,rfflow_fixed-ligand_run_M0375_4ts9_cond21_66-atomized-bb-True,run_M0375_4ts9_cond21_66-atomized-bb-True.pdb,0,40,True,True,True
M0375_4ts9,rfflow_fixed-ligand_run_M0375_4ts9_cond21_67-atomized-bb-True,run_M0375_4ts9_cond21_67-atomized-bb-True.pdb,0,40,True,True,True
M0375_4ts9,rfflow_fixed-ligand_run_M0375_4ts9_cond21_68-atomized-bb-True,run_M0375_4ts9_cond21_68-atomized-bb-True.pdb,0,40,True,True,True
M0375_4ts9,rfflow_fixed-ligand_run_M0375_4ts9_cond21_69-atomized-bb-True,run_M0375_4ts9_cond21_69-atomized-bb-True.pdb,0,40,True,True,True
M0375_4ts9,rfflow_fixed-ligand_run_M0375_4ts9_cond21_7-atomized-bb-True,run_M0375_4ts9_cond21_7-atomized-bb-True.pdb,0,40,True,True,True
M0375_4ts9,rfflow_fixed-ligand_run_M0375_4ts9_cond21_70-atomized-bb-True,run_M0375_4ts9_cond21_70-atomized-bb-True.pdb,0,40,True,True,True
M0375_4ts9,rfflow_fixed-ligand_run_M0375_4ts9_cond21_71-atomized-bb-True,run_M0375_4ts9_cond21_71-atomized-bb-True.pdb,0,40,True,True,True
M0375_4ts9,rfflow_fixed-ligand_run_M0375_4ts9_cond21_72-atomized-bb-True,run_M0375_4ts9_cond21_72-atomized-bb-True.pdb,0,40,True,True,True
M0375_4ts9,rfflow_fixed-ligand_run_M0375_4ts9_cond21_73-atomized-bb-True,run_M0375_4ts9_cond21_73-atomized-bb-True.pdb,0,40,True,True,True
M0375_4ts9,rfflow_fixed-ligand_run_M0375_4ts9_cond21_74-atomized-bb-True,run_M0375_4ts9_cond21_74-atomized-bb-True.pdb,0,40,True,True,True
M0375_4ts9,rfflow_fixed-ligand_run_M0375_4ts9_cond21_75-atomized-bb-True,run_M0375_4ts9_cond21_75-atomized-bb-True.pdb,0,40,True,True,True
M0375_4ts9,rfflow_fixed-ligand_run_M0375_4ts9_cond21_76-atomized-bb-True,run_M0375_4ts9_cond21_76-atomized-bb-True.pdb,0,40,True,True,True
M0375_4ts9,rfflow_fixed-ligand_run_M0375_4ts9_cond21_77-atomized-bb-True,run_M0375_4ts9_cond21_77-atomized-bb-True.pdb,0,40,True,True,True
M0375_4ts9,rfflow_fixed-ligand_run_M0375_4ts9_cond21_78-atomized-bb-True,run_M0375_4ts9_cond21_78-atomized-bb-True.pdb,0,40,True,True,True
M0375_4ts9,rfflow_fixed-ligand_run_M0375_4ts9_cond21_79-atomized-bb-True,run_M0375_4ts9_cond21_79-atomized-bb-True.pdb,0,40,True,True,True
M0375_4ts9,rfflow_fixed-ligand_run_M0375_4ts9_cond21_8-atomized-bb-True,run_M0375_4ts9_cond21_8-atomized-bb-True.pdb,0,40,True,True,True
M0375_4ts9,rfflow_fixed-ligand_run_M0375_4ts9_cond21_80-atomized-bb-True,run_M0375_4ts9_cond21_80-atomized-bb-True.pdb,0,40,True,False,False
M0375_4ts9,rfflow_fixed-ligand_run_M0375_4ts9_cond21_81-atomized-bb-True,run_M0375_4ts9_cond21_81-atomized-bb-True.pdb,0,40,True,True,True
M0375_4ts9,rfflow_fixed-ligand_run_M0375_4ts9_cond21_82-atomized-bb-True,run_M0375_4ts9_cond21_82-atomized-bb-True.pdb,0,40,True,True,True
M0375_4ts9,rfflow_fixed-ligand_run_M0375_4ts9_cond21_83-atomized-bb-True,run_M0375_4ts9_cond21_83-atomized-bb-True.pdb,0,40,True,True,True
M0375_4ts9,rfflow_fixed-ligand_run_M0375_4ts9_cond21_84-atomized-bb-True,run_M0375_4ts9_cond21_84-atomized-bb-True.pdb,0,40,True,True,True
M0375_4ts9,rfflow_fixed-ligand_run_M0375_4ts9_cond21_85-atomized-bb-True,run_M0375_4ts9_cond21_85-atomized-bb-True.pdb,0,40,True,True,True
M0375_4ts9,rfflow_fixed-ligand_run_M0375_4ts9_cond21_86-atomized-bb-True,run_M0375_4ts9_cond21_86-atomized-bb-True.pdb,0,40,True,True,True
M0375_4ts9,rfflow_fixed-ligand_run_M0375_4ts9_cond21_87-atomized-bb-True,run_M0375_4ts9_cond21_87-atomized-bb-True.pdb,0,40,True,True,True
M0375_4ts9,rfflow_fixed-ligand_run_M0375_4ts9_cond21_88-atomized-bb-True,run_M0375_4ts9_cond21_88-atomized-bb-True.pdb,0,40,True,True,True
M0375_4ts9,rfflow_fixed-ligand_run_M0375_4ts9_cond21_89-atomized-bb-True,run_M0375_4ts9_cond21_89-atomized-bb-True.pdb,0,40,True,True,True
M0375_4ts9,rfflow_fixed-ligand_run_M0375_4ts9_cond21_9-atomized-bb-True,run_M0375_4ts9_cond21_9-atomized-bb-True.pdb,0,40,True,True,True
M0375_4ts9,rfflow_fixed-ligand_run_M0375_4ts9_cond21_90-atomized-bb-True,run_M0375_4ts9_cond21_90-atomized-bb-True.pdb,0,40,True,True,True
M0375_4ts9,rfflow_fixed-ligand_run_M0375_4ts9_cond21_91-atomized-bb-True,run_M0375_4ts9_cond21_91-atomized-bb-True.pdb,0,40,True,True,True
M0375_4ts9,rfflow_fixed-ligand_run_M0375_4ts9_cond21_92-atomized-bb-True,run_M0375_4ts9_cond21_92-atomized-bb-True.pdb,0,40,True,True,True
M0375_4ts9,rfflow_fixed-ligand_run_M0375_4ts9_cond21_93-atomized-bb-True,run_M0375_4ts9_cond21_93-atomized-bb-True.pdb,0,40,True,True,True
M0375_4ts9,rfflow_fixed-ligand_run_M0375_4ts9_cond21_94-atomized-bb-True,run_M0375_4ts9_cond21_94-atomized-bb-True.pdb,0,40,True,True,True
M0375_4ts9,rfflow_fixed-ligand_run_M0375_4ts9_cond21_95-atomized-bb-True,run_M0375_4ts9_cond21_95-atomized-bb-True.pdb,0,40,True,False,False
M0375_4ts9,rfflow_fixed-ligand_run_M0375_4ts9_cond21_96-atomized-bb-True,run_M0375_4ts9_cond21_96-atomized-bb-True.pdb,0,40,True,True,True
M0375_4ts9,rfflow_fixed-ligand_run_M0375_4ts9_cond21_97-atomized-bb-True,run_M0375_4ts9_cond21_97-atomized-bb-True.pdb,0,40,True,True,True
M0375_4ts9,rfflow_fixed-ligand_run_M0375_4ts9_cond21_98-atomized-bb-True,run_M0375_4ts9_cond21_98-atomized-bb-True.pdb,0,40,True,True,True
M0375_4ts9,rfflow_fixed-ligand_run_M0375_4ts9_cond21_99-atomized-bb-True,run_M0375_4ts9_cond21_99-atomized-bb-True.pdb,0,40,True,True,True
M0500_1e3i,rfflow_fixed-ligand_run_M0500_1e3i_cond22_0-atomized-bb-True,run_M0500_1e3i_cond22_0-atomized-bb-True.pdb,0,40,True,True,True
M0500_1e3i,rfflow_fixed-ligand_run_M0500_1e3i_cond22_1-atomized-bb-True,run_M0500_1e3i_cond22_1-atomized-bb-True.pdb,0,40,True,True,True
M0500_1e3i,rfflow_fixed-ligand_run_M0500_1e3i_cond22_10-atomized-bb-True,run_M0500_1e3i_cond22_10-atomized-bb-True.pdb,0,40,True,True,True
M0500_1e3i,rfflow_fixed-ligand_run_M0500_1e3i_cond22_11-atomized-bb-True,run_M0500_1e3i_cond22_11-atomized-bb-True.pdb,0,40,True,True,True
M0500_1e3i,rfflow_fixed-ligand_run_M0500_1e3i_cond22_12-atomized-bb-True,run_M0500_1e3i_cond22_12-atomized-bb-True.pdb,9,40,False,True,False
M0500_1e3i,rfflow_fixed-ligand_run_M0500_1e3i_cond22_13-atomized-bb-True,run_M0500_1e3i_cond22_13-atomized-bb-True.pdb,0,40,True,True,True
M0500_1e3i,rfflow_fixed-ligand_run_M0500_1e3i_cond22_14-atomized-bb-True,run_M0500_1e3i_cond22_14-atomized-bb-True.pdb,0,40,True,True,True
M0500_1e3i,rfflow_fixed-ligand_run_M0500_1e3i_cond22_15-atomized-bb-True,run_M0500_1e3i_cond22_15-atomized-bb-True.pdb,0,40,True,True,True
M0500_1e3i,rfflow_fixed-ligand_run_M0500_1e3i_cond22_16-atomized-bb-True,run_M0500_1e3i_cond22_16-atomized-bb-True.pdb,0,40,True,True,True
M0500_1e3i,rfflow_fixed-ligand_run_M0500_1e3i_cond22_17-atomized-bb-True,run_M0500_1e3i_cond22_17-atomized-bb-True.pdb,0,40,True,True,True
M0500_1e3i,rfflow_fixed-ligand_run_M0500_1e3i_cond22_18-atomized-bb-True,run_M0500_1e3i_cond22_18-atomized-bb-True.pdb,8,40,False,True,False
M0500_1e3i,rfflow_fixed-ligand_run_M0500_1e3i_cond22_19-atomized-bb-True,run_M0500_1e3i_cond22_19-atomized-bb-True.pdb,0,40,True,False,False
M0500_1e3i,rfflow_fixed-ligand_run_M0500_1e3i_cond22_2-atomized-bb-True,run_M0500_1e3i_cond22_2-atomized-bb-True.pdb,0,40,True,True,True
M0500_1e3i,rfflow_fixed-ligand_run_M0500_1e3i_cond22_20-atomized-bb-True,run_M0500_1e3i_cond22_20-atomized-bb-True.pdb,0,40,True,True,True
M0500_1e3i,rfflow_fixed-ligand_run_M0500_1e3i_cond22_21-atomized-bb-True,run_M0500_1e3i_cond22_21-atomized-bb-True.pdb,0,40,True,True,True
M0500_1e3i,rfflow_fixed-ligand_run_M0500_1e3i_cond22_22-atomized-bb-True,run_M0500_1e3i_cond22_22-atomized-bb-True.pdb,0,40,True,True,True
M0500_1e3i,rfflow_fixed-ligand_run_M0500_1e3i_cond22_23-atomized-bb-True,run_M0500_1e3i_cond22_23-atomized-bb-True.pdb,0,40,True,True,True
M0500_1e3i,rfflow_fixed-ligand_run_M0500_1e3i_cond22_24-atomized-bb-True,run_M0500_1e3i_cond22_24-atomized-bb-True.pdb,0,40,True,True,True
M0500_1e3i,rfflow_fixed-ligand_run_M0500_1e3i_cond22_25-atomized-bb-True,run_M0500_1e3i_cond22_25-atomized-bb-True.pdb,0,40,True,True,True
M0500_1e3i,rfflow_fixed-ligand_run_M0500_1e3i_cond22_26-atomized-bb-True,run_M0500_1e3i_cond22_26-atomized-bb-True.pdb,6,40,False,True,False
M0500_1e3i,rfflow_fixed-ligand_run_M0500_1e3i_cond22_27-atomized-bb-True,run_M0500_1e3i_cond22_27-atomized-bb-True.pdb,0,40,True,True,True
M0500_1e3i,rfflow_fixed-ligand_run_M0500_1e3i_cond22_28-atomized-bb-True,run_M0500_1e3i_cond22_28-atomized-bb-True.pdb,0,40,True,True,True
M0500_1e3i,rfflow_fixed-ligand_run_M0500_1e3i_cond22_29-atomized-bb-True,run_M0500_1e3i_cond22_29-atomized-bb-True.pdb,0,40,True,True,True
M0500_1e3i,rfflow_fixed-ligand_run_M0500_1e3i_cond22_3-atomized-bb-True,run_M0500_1e3i_cond22_3-atomized-bb-True.pdb,0,40,True,True,True
M0500_1e3i,rfflow_fixed-ligand_run_M0500_1e3i_cond22_30-atomized-bb-True,run_M0500_1e3i_cond22_30-atomized-bb-True.pdb,0,40,True,True,True
M0500_1e3i,rfflow_fixed-ligand_run_M0500_1e3i_cond22_31-atomized-bb-True,run_M0500_1e3i_cond22_31-atomized-bb-True.pdb,0,40,True,True,True
M0500_1e3i,rfflow_fixed-ligand_run_M0500_1e3i_cond22_32-atomized-bb-True,run_M0500_1e3i_cond22_32-atomized-bb-True.pdb,0,40,True,True,True
M0500_1e3i,rfflow_fixed-ligand_run_M0500_1e3i_cond22_33-atomized-bb-True,run_M0500_1e3i_cond22_33-atomized-bb-True.pdb,0,40,True,True,True
M0500_1e3i,rfflow_fixed-ligand_run_M0500_1e3i_cond22_34-atomized-bb-True,run_M0500_1e3i_cond22_34-atomized-bb-True.pdb,0,40,True,True,True
M0500_1e3i,rfflow_fixed-ligand_run_M0500_1e3i_cond22_35-atomized-bb-True,run_M0500_1e3i_cond22_35-atomized-bb-True.pdb,3,40,False,True,False
M0500_1e3i,rfflow_fixed-ligand_run_M0500_1e3i_cond22_36-atomized-bb-True,run_M0500_1e3i_cond22_36-atomized-bb-True.pdb,0,40,True,True,True
M0500_1e3i,rfflow_fixed-ligand_run_M0500_1e3i_cond22_37-atomized-bb-True,run_M0500_1e3i_cond22_37-atomized-bb-True.pdb,0,40,True,True,True
M0500_1e3i,rfflow_fixed-ligand_run_M0500_1e3i_cond22_38-atomized-bb-True,run_M0500_1e3i_cond22_38-atomized-bb-True.pdb,1,40,False,True,False
M0500_1e3i,rfflow_fixed-ligand_run_M0500_1e3i_cond22_39-atomized-bb-True,run_M0500_1e3i_cond22_39-atomized-bb-True.pdb,0,40,True,True,True
M0500_1e3i,rfflow_fixed-ligand_run_M0500_1e3i_cond22_4-atomized-bb-True,run_M0500_1e3i_cond22_4-atomized-bb-True.pdb,0,40,True,True,True
M0500_1e3i,rfflow_fixed-ligand_run_M0500_1e3i_cond22_40-atomized-bb-True,run_M0500_1e3i_cond22_40-atomized-bb-True.pdb,0,40,True,True,True
M0500_1e3i,rfflow_fixed-ligand_run_M0500_1e3i_cond22_41-atomized-bb-True,run_M0500_1e3i_cond22_41-atomized-bb-True.pdb,5,40,False,True,False
M0500_1e3i,rfflow_fixed-ligand_run_M0500_1e3i_cond22_42-atomized-bb-True,run_M0500_1e3i_cond22_42-atomized-bb-True.pdb,0,40,True,True,True
M0500_1e3i,rfflow_fixed-ligand_run_M0500_1e3i_cond22_43-atomized-bb-True,run_M0500_1e3i_cond22_43-atomized-bb-True.pdb,0,40,True,True,True
M0500_1e3i,rfflow_fixed-ligand_run_M0500_1e3i_cond22_44-atomized-bb-True,run_M0500_1e3i_cond22_44-atomized-bb-True.pdb,0,40,True,True,True
M0500_1e3i,rfflow_fixed-ligand_run_M0500_1e3i_cond22_45-atomized-bb-True,run_M0500_1e3i_cond22_45-atomized-bb-True.pdb,0,40,True,True,True
M0500_1e3i,rfflow_fixed-ligand_run_M0500_1e3i_cond22_46-atomized-bb-True,run_M0500_1e3i_cond22_46-atomized-bb-True.pdb,0,40,True,True,True
M0500_1e3i,rfflow_fixed-ligand_run_M0500_1e3i_cond22_47-atomized-bb-True,run_M0500_1e3i_cond22_47-atomized-bb-True.pdb,0,40,True,True,True
M0500_1e3i,rfflow_fixed-ligand_run_M0500_1e3i_cond22_48-atomized-bb-True,run_M0500_1e3i_cond22_48-atomized-bb-True.pdb,0,40,True,True,True
M0500_1e3i,rfflow_fixed-ligand_run_M0500_1e3i_cond22_49-atomized-bb-True,run_M0500_1e3i_cond22_49-atomized-bb-True.pdb,5,40,False,True,False
M0500_1e3i,rfflow_fixed-ligand_run_M0500_1e3i_cond22_5-atomized-bb-True,run_M0500_1e3i_cond22_5-atomized-bb-True.pdb,0,40,True,False,False
M0500_1e3i,rfflow_fixed-ligand_run_M0500_1e3i_cond22_50-atomized-bb-True,run_M0500_1e3i_cond22_50-atomized-bb-True.pdb,0,40,True,True,True
M0500_1e3i,rfflow_fixed-ligand_run_M0500_1e3i_cond22_51-atomized-bb-True,run_M0500_1e3i_cond22_51-atomized-bb-True.pdb,0,40,True,True,True
M0500_1e3i,rfflow_fixed-ligand_run_M0500_1e3i_cond22_52-atomized-bb-True,run_M0500_1e3i_cond22_52-atomized-bb-True.pdb,0,40,True,True,True
M0500_1e3i,rfflow_fixed-ligand_run_M0500_1e3i_cond22_53-atomized-bb-True,run_M0500_1e3i_cond22_53-atomized-bb-True.pdb,0,40,True,True,True
M0500_1e3i,rfflow_fixed-ligand_run_M0500_1e3i_cond22_54-atomized-bb-True,run_M0500_1e3i_cond22_54-atomized-bb-True.pdb,0,40,True,True,True
M0500_1e3i,rfflow_fixed-ligand_run_M0500_1e3i_cond22_55-atomized-bb-True,run_M0500_1e3i_cond22_55-atomized-bb-True.pdb,0,40,True,True,True
M0500_1e3i,rfflow_fixed-ligand_run_M0500_1e3i_cond22_56-atomized-bb-True,run_M0500_1e3i_cond22_56-atomized-bb-True.pdb,0,40,True,True,True
M0500_1e3i,rfflow_fixed-ligand_run_M0500_1e3i_cond22_57-atomized-bb-True,run_M0500_1e3i_cond22_57-atomized-bb-True.pdb,2,40,False,True,False
M0500_1e3i,rfflow_fixed-ligand_run_M0500_1e3i_cond22_58-atomized-bb-True,run_M0500_1e3i_cond22_58-atomized-bb-True.pdb,0,40,True,True,True
M0500_1e3i,rfflow_fixed-ligand_run_M0500_1e3i_cond22_59-atomized-bb-True,run_M0500_1e3i_cond22_59-atomized-bb-True.pdb,0,40,True,True,True
M0500_1e3i,rfflow_fixed-ligand_run_M0500_1e3i_cond22_6-atomized-bb-True,run_M0500_1e3i_cond22_6-atomized-bb-True.pdb,0,40,True,True,True
M0500_1e3i,rfflow_fixed-ligand_run_M0500_1e3i_cond22_60-atomized-bb-True,run_M0500_1e3i_cond22_60-atomized-bb-True.pdb,0,40,True,True,True
M0500_1e3i,rfflow_fixed-ligand_run_M0500_1e3i_cond22_61-atomized-bb-True,run_M0500_1e3i_cond22_61-atomized-bb-True.pdb,0,40,True,False,False
M0500_1e3i,rfflow_fixed-ligand_run_M0500_1e3i_cond22_62-atomized-bb-True,run_M0500_1e3i_cond22_62-atomized-bb-True.pdb,0,40,True,True,True
M0500_1e3i,rfflow_fixed-ligand_run_M0500_1e3i_cond22_63-atomized-bb-True,run_M0500_1e3i_cond22_63-atomized-bb-True.pdb,0,40,True,True,True
M0500_1e3i,rfflow_fixed-ligand_run_M0500_1e3i_cond22_64-atomized-bb-True,run_M0500_1e3i_cond22_64-atomized-bb-True.pdb,0,40,True,True,True
M0500_1e3i,rfflow_fixed-ligand_run_M0500_1e3i_cond22_65-atomized-bb-True,run_M0500_1e3i_cond22_65-atomized-bb-True.pdb,0,40,True,True,True
M0500_1e3i,rfflow_fixed-ligand_run_M0500_1e3i_cond22_66-atomized-bb-True,run_M0500_1e3i_cond22_66-atomized-bb-True.pdb,0,40,True,True,True
M0500_1e3i,rfflow_fixed-ligand_run_M0500_1e3i_cond22_67-atomized-bb-True,run_M0500_1e3i_cond22_67-atomized-bb-True.pdb,32,40,False,True,False
M0500_1e3i,rfflow_fixed-ligand_run_M0500_1e3i_cond22_68-atomized-bb-True,run_M0500_1e3i_cond22_68-atomized-bb-True.pdb,0,40,True,True,True
M0500_1e3i,rfflow_fixed-ligand_run_M0500_1e3i_cond22_69-atomized-bb-True,run_M0500_1e3i_cond22_69-atomized-bb-True.pdb,0,40,True,True,True
M0500_1e3i,rfflow_fixed-ligand_run_M0500_1e3i_cond22_7-atomized-bb-True,run_M0500_1e3i_cond22_7-atomized-bb-True.pdb,0,40,True,True,True
M0500_1e3i,rfflow_fixed-ligand_run_M0500_1e3i_cond22_70-atomized-bb-True,run_M0500_1e3i_cond22_70-atomized-bb-True.pdb,2,40,False,True,False
M0500_1e3i,rfflow_fixed-ligand_run_M0500_1e3i_cond22_71-atomized-bb-True,run_M0500_1e3i_cond22_71-atomized-bb-True.pdb,0,40,True,True,True
M0500_1e3i,rfflow_fixed-ligand_run_M0500_1e3i_cond22_72-atomized-bb-True,run_M0500_1e3i_cond22_72-atomized-bb-True.pdb,0,40,True,True,True
M0500_1e3i,rfflow_fixed-ligand_run_M0500_1e3i_cond22_73-atomized-bb-True,run_M0500_1e3i_cond22_73-atomized-bb-True.pdb,0,40,True,True,True
M0500_1e3i,rfflow_fixed-ligand_run_M0500_1e3i_cond22_74-atomized-bb-True,run_M0500_1e3i_cond22_74-atomized-bb-True.pdb,0,40,True,True,True
M0500_1e3i,rfflow_fixed-ligand_run_M0500_1e3i_cond22_75-atomized-bb-True,run_M0500_1e3i_cond22_75-atomized-bb-True.pdb,13,40,False,True,False
M0500_1e3i,rfflow_fixed-ligand_run_M0500_1e3i_cond22_76-atomized-bb-True,run_M0500_1e3i_cond22_76-atomized-bb-True.pdb,3,40,False,True,False
M0500_1e3i,rfflow_fixed-ligand_run_M0500_1e3i_cond22_77-atomized-bb-True,run_M0500_1e3i_cond22_77-atomized-bb-True.pdb,0,40,True,True,True
M0500_1e3i,rfflow_fixed-ligand_run_M0500_1e3i_cond22_78-atomized-bb-True,run_M0500_1e3i_cond22_78-atomized-bb-True.pdb,0,40,True,True,True
M0500_1e3i,rfflow_fixed-ligand_run_M0500_1e3i_cond22_79-atomized-bb-True,run_M0500_1e3i_cond22_79-atomized-bb-True.pdb,2,40,False,True,False
M0500_1e3i,rfflow_fixed-ligand_run_M0500_1e3i_cond22_8-atomized-bb-True,run_M0500_1e3i_cond22_8-atomized-bb-True.pdb,0,40,True,True,True
M0500_1e3i,rfflow_fixed-ligand_run_M0500_1e3i_cond22_80-atomized-bb-True,run_M0500_1e3i_cond22_80-atomized-bb-True.pdb,0,40,True,True,True
M0500_1e3i,rfflow_fixed-ligand_run_M0500_1e3i_cond22_81-atomized-bb-True,run_M0500_1e3i_cond22_81-atomized-bb-True.pdb,0,40,True,True,True
M0500_1e3i,rfflow_fixed-ligand_run_M0500_1e3i_cond22_82-atomized-bb-True,run_M0500_1e3i_cond22_82-atomized-bb-True.pdb,0,40,True,False,False
M0500_1e3i,rfflow_fixed-ligand_run_M0500_1e3i_cond22_83-atomized-bb-True,run_M0500_1e3i_cond22_83-atomized-bb-True.pdb,1,40,False,True,False
M0500_1e3i,rfflow_fixed-ligand_run_M0500_1e3i_cond22_84-atomized-bb-True,run_M0500_1e3i_cond22_84-atomized-bb-True.pdb,0,40,True,True,True
M0500_1e3i,rfflow_fixed-ligand_run_M0500_1e3i_cond22_85-atomized-bb-True,run_M0500_1e3i_cond22_85-atomized-bb-True.pdb,0,40,True,True,True
M0500_1e3i,rfflow_fixed-ligand_run_M0500_1e3i_cond22_86-atomized-bb-True,run_M0500_1e3i_cond22_86-atomized-bb-True.pdb,0,40,True,True,True
M0500_1e3i,rfflow_fixed-ligand_run_M0500_1e3i_cond22_87-atomized-bb-True,run_M0500_1e3i_cond22_87-atomized-bb-True.pdb,0,40,True,True,True
M0500_1e3i,rfflow_fixed-ligand_run_M0500_1e3i_cond22_88-atomized-bb-True,run_M0500_1e3i_cond22_88-atomized-bb-True.pdb,0,40,True,False,False
M0500_1e3i,rfflow_fixed-ligand_run_M0500_1e3i_cond22_89-atomized-bb-True,run_M0500_1e3i_cond22_89-atomized-bb-True.pdb,0,40,True,True,True
M0500_1e3i,rfflow_fixed-ligand_run_M0500_1e3i_cond22_9-atomized-bb-True,run_M0500_1e3i_cond22_9-atomized-bb-True.pdb,0,40,True,True,True
M0500_1e3i,rfflow_fixed-ligand_run_M0500_1e3i_cond22_90-atomized-bb-True,run_M0500_1e3i_cond22_90-atomized-bb-True.pdb,0,40,True,True,True
M0500_1e3i,rfflow_fixed-ligand_run_M0500_1e3i_cond22_91-atomized-bb-True,run_M0500_1e3i_cond22_91-atomized-bb-True.pdb,0,40,True,True,True
M0500_1e3i,rfflow_fixed-ligand_run_M0500_1e3i_cond22_92-atomized-bb-True,run_M0500_1e3i_cond22_92-atomized-bb-True.pdb,0,40,True,True,True
M0500_1e3i,rfflow_fixed-ligand_run_M0500_1e3i_cond22_93-atomized-bb-True,run_M0500_1e3i_cond22_93-atomized-bb-True.pdb,0,40,True,True,True
M0500_1e3i,rfflow_fixed-ligand_run_M0500_1e3i_cond22_94-atomized-bb-True,run_M0500_1e3i_cond22_94-atomized-bb-True.pdb,0,40,True,True,True
M0500_1e3i,rfflow_fixed-ligand_run_M0500_1e3i_cond22_95-atomized-bb-True,run_M0500_1e3i_cond22_95-atomized-bb-True.pdb,0,40,True,True,True
M0500_1e3i,rfflow_fixed-ligand_run_M0500_1e3i_cond22_96-atomized-bb-True,run_M0500_1e3i_cond22_96-atomized-bb-True.pdb,0,40,True,True,True
M0500_1e3i,rfflow_fixed-ligand_run_M0500_1e3i_cond22_97-atomized-bb-True,run_M0500_1e3i_cond22_97-atomized-bb-True.pdb,0,40,True,True,True
M0500_1e3i,rfflow_fixed-ligand_run_M0500_1e3i_cond22_98-atomized-bb-True,run_M0500_1e3i_cond22_98-atomized-bb-True.pdb,0,40,True,True,True
M0500_1e3i,rfflow_fixed-ligand_run_M0500_1e3i_cond22_99-atomized-bb-True,run_M0500_1e3i_cond22_99-atomized-bb-True.pdb,0,40,True,True,True
M0552_1fgh,rfflow_fixed-ligand_run_M0552_1fgh_cond23_0-atomized-bb-True,run_M0552_1fgh_cond23_0-atomized-bb-True.pdb,0,40,True,True,True
M0552_1fgh,rfflow_fixed-ligand_run_M0552_1fgh_cond23_1-atomized-bb-True,run_M0552_1fgh_cond23_1-atomized-bb-True.pdb,0,40,True,True,True
M0552_1fgh,rfflow_fixed-ligand_run_M0552_1fgh_cond23_10-atomized-bb-True,run_M0552_1fgh_cond23_10-atomized-bb-True.pdb,0,40,True,True,True
M0552_1fgh,rfflow_fixed-ligand_run_M0552_1fgh_cond23_11-atomized-bb-True,run_M0552_1fgh_cond23_11-atomized-bb-True.pdb,0,40,True,True,True
M0552_1fgh,rfflow_fixed-ligand_run_M0552_1fgh_cond23_12-atomized-bb-True,run_M0552_1fgh_cond23_12-atomized-bb-True.pdb,0,40,True,True,True
M0552_1fgh,rfflow_fixed-ligand_run_M0552_1fgh_cond23_13-atomized-bb-True,run_M0552_1fgh_cond23_13-atomized-bb-True.pdb,0,40,True,True,True
M0552_1fgh,rfflow_fixed-ligand_run_M0552_1fgh_cond23_14-atomized-bb-True,run_M0552_1fgh_cond23_14-atomized-bb-True.pdb,0,40,True,True,True
M0552_1fgh,rfflow_fixed-ligand_run_M0552_1fgh_cond23_15-atomized-bb-True,run_M0552_1fgh_cond23_15-atomized-bb-True.pdb,0,40,True,True,True
M0552_1fgh,rfflow_fixed-ligand_run_M0552_1fgh_cond23_16-atomized-bb-True,run_M0552_1fgh_cond23_16-atomized-bb-True.pdb,0,40,True,True,True
M0552_1fgh,rfflow_fixed-ligand_run_M0552_1fgh_cond23_17-atomized-bb-True,run_M0552_1fgh_cond23_17-atomized-bb-True.pdb,0,40,True,True,True
M0552_1fgh,rfflow_fixed-ligand_run_M0552_1fgh_cond23_18-atomized-bb-True,run_M0552_1fgh_cond23_18-atomized-bb-True.pdb,0,40,True,True,True
M0552_1fgh,rfflow_fixed-ligand_run_M0552_1fgh_cond23_19-atomized-bb-True,run_M0552_1fgh_cond23_19-atomized-bb-True.pdb,0,40,True,True,True
M0552_1fgh,rfflow_fixed-ligand_run_M0552_1fgh_cond23_2-atomized-bb-True,run_M0552_1fgh_cond23_2-atomized-bb-True.pdb,0,40,True,True,True
M0552_1fgh,rfflow_fixed-ligand_run_M0552_1fgh_cond23_20-atomized-bb-True,run_M0552_1fgh_cond23_20-atomized-bb-True.pdb,0,40,True,True,True
M0552_1fgh,rfflow_fixed-ligand_run_M0552_1fgh_cond23_21-atomized-bb-True,run_M0552_1fgh_cond23_21-atomized-bb-True.pdb,0,40,True,True,True
M0552_1fgh,rfflow_fixed-ligand_run_M0552_1fgh_cond23_22-atomized-bb-True,run_M0552_1fgh_cond23_22-atomized-bb-True.pdb,0,40,True,True,True
M0552_1fgh,rfflow_fixed-ligand_run_M0552_1fgh_cond23_23-atomized-bb-True,run_M0552_1fgh_cond23_23-atomized-bb-True.pdb,0,40,True,True,True
M0552_1fgh,rfflow_fixed-ligand_run_M0552_1fgh_cond23_24-atomized-bb-True,run_M0552_1fgh_cond23_24-atomized-bb-True.pdb,0,40,True,True,True
M0552_1fgh,rfflow_fixed-ligand_run_M0552_1fgh_cond23_25-atomized-bb-True,run_M0552_1fgh_cond23_25-atomized-bb-True.pdb,0,40,True,True,True
M0552_1fgh,rfflow_fixed-ligand_run_M0552_1fgh_cond23_26-atomized-bb-True,run_M0552_1fgh_cond23_26-atomized-bb-True.pdb,0,40,True,True,True
M0552_1fgh,rfflow_fixed-ligand_run_M0552_1fgh_cond23_27-atomized-bb-True,run_M0552_1fgh_cond23_27-atomized-bb-True.pdb,0,40,True,True,True
M0552_1fgh,rfflow_fixed-ligand_run_M0552_1fgh_cond23_28-atomized-bb-True,run_M0552_1fgh_cond23_28-atomized-bb-True.pdb,0,40,True,True,True
M0552_1fgh,rfflow_fixed-ligand_run_M0552_1fgh_cond23_29-atomized-bb-True,run_M0552_1fgh_cond23_29-atomized-bb-True.pdb,0,40,True,True,True
M0552_1fgh,rfflow_fixed-ligand_run_M0552_1fgh_cond23_3-atomized-bb-True,run_M0552_1fgh_cond23_3-atomized-bb-True.pdb,0,40,True,True,True
M0552_1fgh,rfflow_fixed-ligand_run_M0552_1fgh_cond23_30-atomized-bb-True,run_M0552_1fgh_cond23_30-atomized-bb-True.pdb,0,40,True,False,False
M0552_1fgh,rfflow_fixed-ligand_run_M0552_1fgh_cond23_31-atomized-bb-True,run_M0552_1fgh_cond23_31-atomized-bb-True.pdb,0,40,True,True,True
M0552_1fgh,rfflow_fixed-ligand_run_M0552_1fgh_cond23_32-atomized-bb-True,run_M0552_1fgh_cond23_32-atomized-bb-True.pdb,0,40,True,True,True
M0552_1fgh,rfflow_fixed-ligand_run_M0552_1fgh_cond23_33-atomized-bb-True,run_M0552_1fgh_cond23_33-atomized-bb-True.pdb,0,40,True,True,True
M0552_1fgh,rfflow_fixed-ligand_run_M0552_1fgh_cond23_34-atomized-bb-True,run_M0552_1fgh_cond23_34-atomized-bb-True.pdb,0,40,True,True,True
M0552_1fgh,rfflow_fixed-ligand_run_M0552_1fgh_cond23_35-atomized-bb-True,run_M0552_1fgh_cond23_35-atomized-bb-True.pdb,0,40,True,True,True
M0552_1fgh,rfflow_fixed-ligand_run_M0552_1fgh_cond23_36-atomized-bb-True,run_M0552_1fgh_cond23_36-atomized-bb-True.pdb,0,40,True,True,True
M0552_1fgh,rfflow_fixed-ligand_run_M0552_1fgh_cond23_37-atomized-bb-True,run_M0552_1fgh_cond23_37-atomized-bb-True.pdb,0,40,True,True,True
M0552_1fgh,rfflow_fixed-ligand_run_M0552_1fgh_cond23_38-atomized-bb-True,run_M0552_1fgh_cond23_38-atomized-bb-True.pdb,0,40,True,True,True
M0552_1fgh,rfflow_fixed-ligand_run_M0552_1fgh_cond23_39-atomized-bb-True,run_M0552_1fgh_cond23_39-atomized-bb-True.pdb,0,40,True,True,True
M0552_1fgh,rfflow_fixed-ligand_run_M0552_1fgh_cond23_4-atomized-bb-True,run_M0552_1fgh_cond23_4-atomized-bb-True.pdb,0,40,True,True,True
M0552_1fgh,rfflow_fixed-ligand_run_M0552_1fgh_cond23_40-atomized-bb-True,run_M0552_1fgh_cond23_40-atomized-bb-True.pdb,0,40,True,True,True
M0552_1fgh,rfflow_fixed-ligand_run_M0552_1fgh_cond23_41-atomized-bb-True,run_M0552_1fgh_cond23_41-atomized-bb-True.pdb,0,40,True,True,True
M0552_1fgh,rfflow_fixed-ligand_run_M0552_1fgh_cond23_42-atomized-bb-True,run_M0552_1fgh_cond23_42-atomized-bb-True.pdb,0,40,True,True,True
M0552_1fgh,rfflow_fixed-ligand_run_M0552_1fgh_cond23_43-atomized-bb-True,run_M0552_1fgh_cond23_43-atomized-bb-True.pdb,0,40,True,True,True
M0552_1fgh,rfflow_fixed-ligand_run_M0552_1fgh_cond23_44-atomized-bb-True,run_M0552_1fgh_cond23_44-atomized-bb-True.pdb,0,40,True,True,True
M0552_1fgh,rfflow_fixed-ligand_run_M0552_1fgh_cond23_45-atomized-bb-True,run_M0552_1fgh_cond23_45-atomized-bb-True.pdb,0,40,True,True,True
M0552_1fgh,rfflow_fixed-ligand_run_M0552_1fgh_cond23_46-atomized-bb-True,run_M0552_1fgh_cond23_46-atomized-bb-True.pdb,0,40,True,True,True
M0552_1fgh,rfflow_fixed-ligand_run_M0552_1fgh_cond23_47-atomized-bb-True,run_M0552_1fgh_cond23_47-atomized-bb-True.pdb,0,40,True,False,False
M0552_1fgh,rfflow_fixed-ligand_run_M0552_1fgh_cond23_48-atomized-bb-True,run_M0552_1fgh_cond23_48-atomized-bb-True.pdb,0,40,True,False,False
M0552_1fgh,rfflow_fixed-ligand_run_M0552_1fgh_cond23_49-atomized-bb-True,run_M0552_1fgh_cond23_49-atomized-bb-True.pdb,0,40,True,True,True
M0552_1fgh,rfflow_fixed-ligand_run_M0552_1fgh_cond23_5-atomized-bb-True,run_M0552_1fgh_cond23_5-atomized-bb-True.pdb,0,40,True,True,True
M0552_1fgh,rfflow_fixed-ligand_run_M0552_1fgh_cond23_50-atomized-bb-True,run_M0552_1fgh_cond23_50-atomized-bb-True.pdb,0,40,True,True,True
M0552_1fgh,rfflow_fixed-ligand_run_M0552_1fgh_cond23_51-atomized-bb-True,run_M0552_1fgh_cond23_51-atomized-bb-True.pdb,0,40,True,True,True
M0552_1fgh,rfflow_fixed-ligand_run_M0552_1fgh_cond23_52-atomized-bb-True,run_M0552_1fgh_cond23_52-atomized-bb-True.pdb,0,40,True,True,True
M0552_1fgh,rfflow_fixed-ligand_run_M0552_1fgh_cond23_53-atomized-bb-True,run_M0552_1fgh_cond23_53-atomized-bb-True.pdb,0,40,True,True,True
M0552_1fgh,rfflow_fixed-ligand_run_M0552_1fgh_cond23_54-atomized-bb-True,run_M0552_1fgh_cond23_54-atomized-bb-True.pdb,0,40,True,True,True
M0552_1fgh,rfflow_fixed-ligand_run_M0552_1fgh_cond23_55-atomized-bb-True,run_M0552_1fgh_cond23_55-atomized-bb-True.pdb,0,40,True,True,True
M0552_1fgh,rfflow_fixed-ligand_run_M0552_1fgh_cond23_56-atomized-bb-True,run_M0552_1fgh_cond23_56-atomized-bb-True.pdb,0,40,True,True,True
M0552_1fgh,rfflow_fixed-ligand_run_M0552_1fgh_cond23_57-atomized-bb-True,run_M0552_1fgh_cond23_57-atomized-bb-True.pdb,0,40,True,True,True
M0552_1fgh,rfflow_fixed-ligand_run_M0552_1fgh_cond23_58-atomized-bb-True,run_M0552_1fgh_cond23_58-atomized-bb-True.pdb,0,40,True,True,True
M0552_1fgh,rfflow_fixed-ligand_run_M0552_1fgh_cond23_59-atomized-bb-True,run_M0552_1fgh_cond23_59-atomized-bb-True.pdb,0,40,True,True,True
M0552_1fgh,rfflow_fixed-ligand_run_M0552_1fgh_cond23_6-atomized-bb-True,run_M0552_1fgh_cond23_6-atomized-bb-True.pdb,0,40,True,True,True
M0552_1fgh,rfflow_fixed-ligand_run_M0552_1fgh_cond23_60-atomized-bb-True,run_M0552_1fgh_cond23_60-atomized-bb-True.pdb,0,40,True,True,True
M0552_1fgh,rfflow_fixed-ligand_run_M0552_1fgh_cond23_61-atomized-bb-True,run_M0552_1fgh_cond23_61-atomized-bb-True.pdb,0,40,True,True,True
M0552_1fgh,rfflow_fixed-ligand_run_M0552_1fgh_cond23_62-atomized-bb-True,run_M0552_1fgh_cond23_62-atomized-bb-True.pdb,0,40,True,True,True
M0552_1fgh,rfflow_fixed-ligand_run_M0552_1fgh_cond23_63-atomized-bb-True,run_M0552_1fgh_cond23_63-atomized-bb-True.pdb,0,40,True,True,True
M0552_1fgh,rfflow_fixed-ligand_run_M0552_1fgh_cond23_64-atomized-bb-True,run_M0552_1fgh_cond23_64-atomized-bb-True.pdb,0,40,True,True,True
M0552_1fgh,rfflow_fixed-ligand_run_M0552_1fgh_cond23_65-atomized-bb-True,run_M0552_1fgh_cond23_65-atomized-bb-True.pdb,0,40,True,True,True
M0552_1fgh,rfflow_fixed-ligand_run_M0552_1fgh_cond23_66-atomized-bb-True,run_M0552_1fgh_cond23_66-atomized-bb-True.pdb,0,40,True,True,True
M0552_1fgh,rfflow_fixed-ligand_run_M0552_1fgh_cond23_67-atomized-bb-True,run_M0552_1fgh_cond23_67-atomized-bb-True.pdb,0,40,True,True,True
M0552_1fgh,rfflow_fixed-ligand_run_M0552_1fgh_cond23_68-atomized-bb-True,run_M0552_1fgh_cond23_68-atomized-bb-True.pdb,0,40,True,True,True
M0552_1fgh,rfflow_fixed-ligand_run_M0552_1fgh_cond23_69-atomized-bb-True,run_M0552_1fgh_cond23_69-atomized-bb-True.pdb,0,40,True,True,True
M0552_1fgh,rfflow_fixed-ligand_run_M0552_1fgh_cond23_7-atomized-bb-True,run_M0552_1fgh_cond23_7-atomized-bb-True.pdb,0,40,True,True,True
M0552_1fgh,rfflow_fixed-ligand_run_M0552_1fgh_cond23_70-atomized-bb-True,run_M0552_1fgh_cond23_70-atomized-bb-True.pdb,0,40,True,True,True
M0552_1fgh,rfflow_fixed-ligand_run_M0552_1fgh_cond23_71-atomized-bb-True,run_M0552_1fgh_cond23_71-atomized-bb-True.pdb,0,40,True,True,True
M0552_1fgh,rfflow_fixed-ligand_run_M0552_1fgh_cond23_72-atomized-bb-True,run_M0552_1fgh_cond23_72-atomized-bb-True.pdb,0,40,True,True,True
M0552_1fgh,rfflow_fixed-ligand_run_M0552_1fgh_cond23_73-atomized-bb-True,run_M0552_1fgh_cond23_73-atomized-bb-True.pdb,0,40,True,True,True
M0552_1fgh,rfflow_fixed-ligand_run_M0552_1fgh_cond23_74-atomized-bb-True,run_M0552_1fgh_cond23_74-atomized-bb-True.pdb,0,40,True,True,True
M0552_1fgh,rfflow_fixed-ligand_run_M0552_1fgh_cond23_75-atomized-bb-True,run_M0552_1fgh_cond23_75-atomized-bb-True.pdb,0,40,True,True,True
M0552_1fgh,rfflow_fixed-ligand_run_M0552_1fgh_cond23_76-atomized-bb-True,run_M0552_1fgh_cond23_76-atomized-bb-True.pdb,0,40,True,True,True
M0552_1fgh,rfflow_fixed-ligand_run_M0552_1fgh_cond23_77-atomized-bb-True,run_M0552_1fgh_cond23_77-atomized-bb-True.pdb,0,40,True,True,True
M0552_1fgh,rfflow_fixed-ligand_run_M0552_1fgh_cond23_78-atomized-bb-True,run_M0552_1fgh_cond23_78-atomized-bb-True.pdb,0,40,True,True,True
M0552_1fgh,rfflow_fixed-ligand_run_M0552_1fgh_cond23_79-atomized-bb-True,run_M0552_1fgh_cond23_79-atomized-bb-True.pdb,0,40,True,True,True
M0552_1fgh,rfflow_fixed-ligand_run_M0552_1fgh_cond23_8-atomized-bb-True,run_M0552_1fgh_cond23_8-atomized-bb-True.pdb,2,40,False,True,False
M0552_1fgh,rfflow_fixed-ligand_run_M0552_1fgh_cond23_80-atomized-bb-True,run_M0552_1fgh_cond23_80-atomized-bb-True.pdb,0,40,True,True,True
M0552_1fgh,rfflow_fixed-ligand_run_M0552_1fgh_cond23_81-atomized-bb-True,run_M0552_1fgh_cond23_81-atomized-bb-True.pdb,0,40,True,True,True
M0552_1fgh,rfflow_fixed-ligand_run_M0552_1fgh_cond23_82-atomized-bb-True,run_M0552_1fgh_cond23_82-atomized-bb-True.pdb,0,40,True,True,True
M0552_1fgh,rfflow_fixed-ligand_run_M0552_1fgh_cond23_83-atomized-bb-True,run_M0552_1fgh_cond23_83-atomized-bb-True.pdb,0,40,True,True,True
M0552_1fgh,rfflow_fixed-ligand_run_M0552_1fgh_cond23_84-atomized-bb-True,run_M0552_1fgh_cond23_84-atomized-bb-True.pdb,0,40,True,True,True
M0552_1fgh,rfflow_fixed-ligand_run_M0552_1fgh_cond23_85-atomized-bb-True,run_M0552_1fgh_cond23_85-atomized-bb-True.pdb,0,40,True,True,True
M0552_1fgh,rfflow_fixed-ligand_run_M0552_1fgh_cond23_86-atomized-bb-True,run_M0552_1fgh_cond23_86-atomized-bb-True.pdb,0,40,True,True,True
M0552_1fgh,rfflow_fixed-ligand_run_M0552_1fgh_cond23_87-atomized-bb-True,run_M0552_1fgh_cond23_87-atomized-bb-True.pdb,0,40,True,True,True
M0552_1fgh,rfflow_fixed-ligand_run_M0552_1fgh_cond23_88-atomized-bb-True,run_M0552_1fgh_cond23_88-atomized-bb-True.pdb,3,40,False,True,False
M0552_1fgh,rfflow_fixed-ligand_run_M0552_1fgh_cond23_89-atomized-bb-True,run_M0552_1fgh_cond23_89-atomized-bb-True.pdb,0,40,True,True,True
M0552_1fgh,rfflow_fixed-ligand_run_M0552_1fgh_cond23_9-atomized-bb-True,run_M0552_1fgh_cond23_9-atomized-bb-True.pdb,0,40,True,False,False
M0552_1fgh,rfflow_fixed-ligand_run_M0552_1fgh_cond23_90-atomized-bb-True,run_M0552_1fgh_cond23_90-atomized-bb-True.pdb,0,40,True,True,True
M0552_1fgh,rfflow_fixed-ligand_run_M0552_1fgh_cond23_91-atomized-bb-True,run_M0552_1fgh_cond23_91-atomized-bb-True.pdb,0,40,True,True,True
M0552_1fgh,rfflow_fixed-ligand_run_M0552_1fgh_cond23_92-atomized-bb-True,run_M0552_1fgh_cond23_92-atomized-bb-True.pdb,0,40,True,True,True
M0552_1fgh,rfflow_fixed-ligand_run_M0552_1fgh_cond23_93-atomized-bb-True,run_M0552_1fgh_cond23_93-atomized-bb-True.pdb,0,40,True,True,True
M0552_1fgh,rfflow_fixed-ligand_run_M0552_1fgh_cond23_94-atomized-bb-True,run_M0552_1fgh_cond23_94-atomized-bb-True.pdb,0,40,True,True,True
M0552_1fgh,rfflow_fixed-ligand_run_M0552_1fgh_cond23_95-atomized-bb-True,run_M0552_1fgh_cond23_95-atomized-bb-True.pdb,0,40,True,True,True
M0552_1fgh,rfflow_fixed-ligand_run_M0552_1fgh_cond23_96-atomized-bb-True,run_M0552_1fgh_cond23_96-atomized-bb-True.pdb,0,40,True,True,True
M0552_1fgh,rfflow_fixed-ligand_run_M0552_1fgh_cond23_97-atomized-bb-True,run_M0552_1fgh_cond23_97-atomized-bb-True.pdb,0,40,True,True,True
M0552_1fgh,rfflow_fixed-ligand_run_M0552_1fgh_cond23_98-atomized-bb-True,run_M0552_1fgh_cond23_98-atomized-bb-True.pdb,0,40,True,True,True
M0552_1fgh,rfflow_fixed-ligand_run_M0552_1fgh_cond23_99-atomized-bb-True,run_M0552_1fgh_cond23_99-atomized-bb-True.pdb,0,40,True,True,True
M0555_1f8r,rfflow_fixed-ligand_run_M0555_1f8r_cond24_0-atomized-bb-True,run_M0555_1f8r_cond24_0-atomized-bb-True.pdb,0,40,True,True,True
M0555_1f8r,rfflow_fixed-ligand_run_M0555_1f8r_cond24_1-atomized-bb-True,run_M0555_1f8r_cond24_1-atomized-bb-True.pdb,7,40,False,True,False
M0555_1f8r,rfflow_fixed-ligand_run_M0555_1f8r_cond24_10-atomized-bb-True,run_M0555_1f8r_cond24_10-atomized-bb-True.pdb,0,40,True,True,True
M0555_1f8r,rfflow_fixed-ligand_run_M0555_1f8r_cond24_11-atomized-bb-True,run_M0555_1f8r_cond24_11-atomized-bb-True.pdb,8,40,False,True,False
M0555_1f8r,rfflow_fixed-ligand_run_M0555_1f8r_cond24_12-atomized-bb-True,run_M0555_1f8r_cond24_12-atomized-bb-True.pdb,4,40,False,True,False
M0555_1f8r,rfflow_fixed-ligand_run_M0555_1f8r_cond24_13-atomized-bb-True,run_M0555_1f8r_cond24_13-atomized-bb-True.pdb,0,40,True,True,True
M0555_1f8r,rfflow_fixed-ligand_run_M0555_1f8r_cond24_14-atomized-bb-True,run_M0555_1f8r_cond24_14-atomized-bb-True.pdb,0,40,True,True,True
M0555_1f8r,rfflow_fixed-ligand_run_M0555_1f8r_cond24_15-atomized-bb-True,run_M0555_1f8r_cond24_15-atomized-bb-True.pdb,13,40,False,True,False
M0555_1f8r,rfflow_fixed-ligand_run_M0555_1f8r_cond24_16-atomized-bb-True,run_M0555_1f8r_cond24_16-atomized-bb-True.pdb,0,40,True,True,True
M0555_1f8r,rfflow_fixed-ligand_run_M0555_1f8r_cond24_17-atomized-bb-True,run_M0555_1f8r_cond24_17-atomized-bb-True.pdb,0,40,True,True,True
M0555_1f8r,rfflow_fixed-ligand_run_M0555_1f8r_cond24_18-atomized-bb-True,run_M0555_1f8r_cond24_18-atomized-bb-True.pdb,7,40,False,True,False
M0555_1f8r,rfflow_fixed-ligand_run_M0555_1f8r_cond24_19-atomized-bb-True,run_M0555_1f8r_cond24_19-atomized-bb-True.pdb,31,40,False,True,False
M0555_1f8r,rfflow_fixed-ligand_run_M0555_1f8r_cond24_2-atomized-bb-True,run_M0555_1f8r_cond24_2-atomized-bb-True.pdb,0,40,True,True,True
M0555_1f8r,rfflow_fixed-ligand_run_M0555_1f8r_cond24_20-atomized-bb-True,run_M0555_1f8r_cond24_20-atomized-bb-True.pdb,12,40,False,True,False
M0555_1f8r,rfflow_fixed-ligand_run_M0555_1f8r_cond24_21-atomized-bb-True,run_M0555_1f8r_cond24_21-atomized-bb-True.pdb,12,40,False,True,False
M0555_1f8r,rfflow_fixed-ligand_run_M0555_1f8r_cond24_22-atomized-bb-True,run_M0555_1f8r_cond24_22-atomized-bb-True.pdb,1,40,False,True,False
M0555_1f8r,rfflow_fixed-ligand_run_M0555_1f8r_cond24_23-atomized-bb-True,run_M0555_1f8r_cond24_23-atomized-bb-True.pdb,3,40,False,True,False
M0555_1f8r,rfflow_fixed-ligand_run_M0555_1f8r_cond24_24-atomized-bb-True,run_M0555_1f8r_cond24_24-atomized-bb-True.pdb,3,40,False,True,False
M0555_1f8r,rfflow_fixed-ligand_run_M0555_1f8r_cond24_25-atomized-bb-True,run_M0555_1f8r_cond24_25-atomized-bb-True.pdb,0,40,True,True,True
M0555_1f8r,rfflow_fixed-ligand_run_M0555_1f8r_cond24_26-atomized-bb-True,run_M0555_1f8r_cond24_26-atomized-bb-True.pdb,3,40,False,True,False
M0555_1f8r,rfflow_fixed-ligand_run_M0555_1f8r_cond24_27-atomized-bb-True,run_M0555_1f8r_cond24_27-atomized-bb-True.pdb,0,40,True,True,True
M0555_1f8r,rfflow_fixed-ligand_run_M0555_1f8r_cond24_28-atomized-bb-True,run_M0555_1f8r_cond24_28-atomized-bb-True.pdb,0,40,True,False,False
M0555_1f8r,rfflow_fixed-ligand_run_M0555_1f8r_cond24_29-atomized-bb-True,run_M0555_1f8r_cond24_29-atomized-bb-True.pdb,21,40,False,True,False
M0555_1f8r,rfflow_fixed-ligand_run_M0555_1f8r_cond24_3-atomized-bb-True,run_M0555_1f8r_cond24_3-atomized-bb-True.pdb,0,40,True,True,True
M0555_1f8r,rfflow_fixed-ligand_run_M0555_1f8r_cond24_30-atomized-bb-True,run_M0555_1f8r_cond24_30-atomized-bb-True.pdb,0,40,True,False,False
M0555_1f8r,rfflow_fixed-ligand_run_M0555_1f8r_cond24_31-atomized-bb-True,run_M0555_1f8r_cond24_31-atomized-bb-True.pdb,4,40,False,True,False
M0555_1f8r,rfflow_fixed-ligand_run_M0555_1f8r_cond24_32-atomized-bb-True,run_M0555_1f8r_cond24_32-atomized-bb-True.pdb,0,40,True,True,True
M0555_1f8r,rfflow_fixed-ligand_run_M0555_1f8r_cond24_33-atomized-bb-True,run_M0555_1f8r_cond24_33-atomized-bb-True.pdb,0,40,True,True,True
M0555_1f8r,rfflow_fixed-ligand_run_M0555_1f8r_cond24_34-atomized-bb-True,run_M0555_1f8r_cond24_34-atomized-bb-True.pdb,0,40,True,False,False
M0555_1f8r,rfflow_fixed-ligand_run_M0555_1f8r_cond24_35-atomized-bb-True,run_M0555_1f8r_cond24_35-atomized-bb-True.pdb,0,40,True,True,True
M0555_1f8r,rfflow_fixed-ligand_run_M0555_1f8r_cond24_36-atomized-bb-True,run_M0555_1f8r_cond24_36-atomized-bb-True.pdb,4,40,False,True,False
M0555_1f8r,rfflow_fixed-ligand_run_M0555_1f8r_cond24_37-atomized-bb-True,run_M0555_1f8r_cond24_37-atomized-bb-True.pdb,4,40,False,True,False
M0555_1f8r,rfflow_fixed-ligand_run_M0555_1f8r_cond24_38-atomized-bb-True,run_M0555_1f8r_cond24_38-atomized-bb-True.pdb,0,40,True,True,True
M0555_1f8r,rfflow_fixed-ligand_run_M0555_1f8r_cond24_39-atomized-bb-True,run_M0555_1f8r_cond24_39-atomized-bb-True.pdb,0,40,True,True,True
M0555_1f8r,rfflow_fixed-ligand_run_M0555_1f8r_cond24_4-atomized-bb-True,run_M0555_1f8r_cond24_4-atomized-bb-True.pdb,0,40,True,True,True
M0555_1f8r,rfflow_fixed-ligand_run_M0555_1f8r_cond24_40-atomized-bb-True,run_M0555_1f8r_cond24_40-atomized-bb-True.pdb,9,40,False,True,False
M0555_1f8r,rfflow_fixed-ligand_run_M0555_1f8r_cond24_41-atomized-bb-True,run_M0555_1f8r_cond24_41-atomized-bb-True.pdb,1,40,False,True,False
M0555_1f8r,rfflow_fixed-ligand_run_M0555_1f8r_cond24_42-atomized-bb-True,run_M0555_1f8r_cond24_42-atomized-bb-True.pdb,2,40,False,True,False
M0555_1f8r,rfflow_fixed-ligand_run_M0555_1f8r_cond24_43-atomized-bb-True,run_M0555_1f8r_cond24_43-atomized-bb-True.pdb,0,40,True,True,True
M0555_1f8r,rfflow_fixed-ligand_run_M0555_1f8r_cond24_44-atomized-bb-True,run_M0555_1f8r_cond24_44-atomized-bb-True.pdb,0,40,True,True,True
M0555_1f8r,rfflow_fixed-ligand_run_M0555_1f8r_cond24_45-atomized-bb-True,run_M0555_1f8r_cond24_45-atomized-bb-True.pdb,2,40,False,True,False
M0555_1f8r,rfflow_fixed-ligand_run_M0555_1f8r_cond24_46-atomized-bb-True,run_M0555_1f8r_cond24_46-atomized-bb-True.pdb,2,40,False,True,False
M0555_1f8r,rfflow_fixed-ligand_run_M0555_1f8r_cond24_47-atomized-bb-True,run_M0555_1f8r_cond24_47-atomized-bb-True.pdb,0,40,True,True,True
M0555_1f8r,rfflow_fixed-ligand_run_M0555_1f8r_cond24_48-atomized-bb-True,run_M0555_1f8r_cond24_48-atomized-bb-True.pdb,0,40,True,True,True
M0555_1f8r,rfflow_fixed-ligand_run_M0555_1f8r_cond24_49-atomized-bb-True,run_M0555_1f8r_cond24_49-atomized-bb-True.pdb,10,40,False,True,False
M0555_1f8r,rfflow_fixed-ligand_run_M0555_1f8r_cond24_5-atomized-bb-True,run_M0555_1f8r_cond24_5-atomized-bb-True.pdb,5,40,False,True,False
M0555_1f8r,rfflow_fixed-ligand_run_M0555_1f8r_cond24_50-atomized-bb-True,run_M0555_1f8r_cond24_50-atomized-bb-True.pdb,0,40,True,True,True
M0555_1f8r,rfflow_fixed-ligand_run_M0555_1f8r_cond24_51-atomized-bb-True,run_M0555_1f8r_cond24_51-atomized-bb-True.pdb,0,40,True,True,True
M0555_1f8r,rfflow_fixed-ligand_run_M0555_1f8r_cond24_52-atomized-bb-True,run_M0555_1f8r_cond24_52-atomized-bb-True.pdb,0,40,True,True,True
M0555_1f8r,rfflow_fixed-ligand_run_M0555_1f8r_cond24_53-atomized-bb-True,run_M0555_1f8r_cond24_53-atomized-bb-True.pdb,0,40,True,True,True
M0555_1f8r,rfflow_fixed-ligand_run_M0555_1f8r_cond24_54-atomized-bb-True,run_M0555_1f8r_cond24_54-atomized-bb-True.pdb,4,40,False,True,False
M0555_1f8r,rfflow_fixed-ligand_run_M0555_1f8r_cond24_55-atomized-bb-True,run_M0555_1f8r_cond24_55-atomized-bb-True.pdb,1,40,False,True,False
M0555_1f8r,rfflow_fixed-ligand_run_M0555_1f8r_cond24_56-atomized-bb-True,run_M0555_1f8r_cond24_56-atomized-bb-True.pdb,0,40,True,True,True
M0555_1f8r,rfflow_fixed-ligand_run_M0555_1f8r_cond24_57-atomized-bb-True,run_M0555_1f8r_cond24_57-atomized-bb-True.pdb,7,40,False,True,False
M0555_1f8r,rfflow_fixed-ligand_run_M0555_1f8r_cond24_58-atomized-bb-True,run_M0555_1f8r_cond24_58-atomized-bb-True.pdb,1,40,False,True,False
M0555_1f8r,rfflow_fixed-ligand_run_M0555_1f8r_cond24_59-atomized-bb-True,run_M0555_1f8r_cond24_59-atomized-bb-True.pdb,9,40,False,True,False
M0555_1f8r,rfflow_fixed-ligand_run_M0555_1f8r_cond24_6-atomized-bb-True,run_M0555_1f8r_cond24_6-atomized-bb-True.pdb,2,40,False,True,False
M0555_1f8r,rfflow_fixed-ligand_run_M0555_1f8r_cond24_60-atomized-bb-True,run_M0555_1f8r_cond24_60-atomized-bb-True.pdb,16,40,False,True,False
M0555_1f8r,rfflow_fixed-ligand_run_M0555_1f8r_cond24_61-atomized-bb-True,run_M0555_1f8r_cond24_61-atomized-bb-True.pdb,5,40,False,True,False
M0555_1f8r,rfflow_fixed-ligand_run_M0555_1f8r_cond24_62-atomized-bb-True,run_M0555_1f8r_cond24_62-atomized-bb-True.pdb,2,40,False,True,False
M0555_1f8r,rfflow_fixed-ligand_run_M0555_1f8r_cond24_63-atomized-bb-True,run_M0555_1f8r_cond24_63-atomized-bb-True.pdb,0,40,True,True,True
M0555_1f8r,rfflow_fixed-ligand_run_M0555_1f8r_cond24_64-atomized-bb-True,run_M0555_1f8r_cond24_64-atomized-bb-True.pdb,4,40,False,True,False
M0555_1f8r,rfflow_fixed-ligand_run_M0555_1f8r_cond24_65-atomized-bb-True,run_M0555_1f8r_cond24_65-atomized-bb-True.pdb,0,40,True,False,False
M0555_1f8r,rfflow_fixed-ligand_run_M0555_1f8r_cond24_66-atomized-bb-True,run_M0555_1f8r_cond24_66-atomized-bb-True.pdb,0,40,True,True,True
M0555_1f8r,rfflow_fixed-ligand_run_M0555_1f8r_cond24_67-atomized-bb-True,run_M0555_1f8r_cond24_67-atomized-bb-True.pdb,0,40,True,True,True
M0555_1f8r,rfflow_fixed-ligand_run_M0555_1f8r_cond24_68-atomized-bb-True,run_M0555_1f8r_cond24_68-atomized-bb-True.pdb,0,40,True,True,True
M0555_1f8r,rfflow_fixed-ligand_run_M0555_1f8r_cond24_69-atomized-bb-True,run_M0555_1f8r_cond24_69-atomized-bb-True.pdb,3,40,False,True,False
M0555_1f8r,rfflow_fixed-ligand_run_M0555_1f8r_cond24_7-atomized-bb-True,run_M0555_1f8r_cond24_7-atomized-bb-True.pdb,7,40,False,True,False
M0555_1f8r,rfflow_fixed-ligand_run_M0555_1f8r_cond24_70-atomized-bb-True,run_M0555_1f8r_cond24_70-atomized-bb-True.pdb,4,40,False,True,False
M0555_1f8r,rfflow_fixed-ligand_run_M0555_1f8r_cond24_71-atomized-bb-True,run_M0555_1f8r_cond24_71-atomized-bb-True.pdb,0,40,True,True,True
M0555_1f8r,rfflow_fixed-ligand_run_M0555_1f8r_cond24_72-atomized-bb-True,run_M0555_1f8r_cond24_72-atomized-bb-True.pdb,0,40,True,True,True
M0555_1f8r,rfflow_fixed-ligand_run_M0555_1f8r_cond24_73-atomized-bb-True,run_M0555_1f8r_cond24_73-atomized-bb-True.pdb,0,40,True,True,True
M0555_1f8r,rfflow_fixed-ligand_run_M0555_1f8r_cond24_74-atomized-bb-True,run_M0555_1f8r_cond24_74-atomized-bb-True.pdb,0,40,True,True,True
M0555_1f8r,rfflow_fixed-ligand_run_M0555_1f8r_cond24_75-atomized-bb-True,run_M0555_1f8r_cond24_75-atomized-bb-True.pdb,4,40,False,True,False
M0555_1f8r,rfflow_fixed-ligand_run_M0555_1f8r_cond24_76-atomized-bb-True,run_M0555_1f8r_cond24_76-atomized-bb-True.pdb,0,40,True,True,True
M0555_1f8r,rfflow_fixed-ligand_run_M0555_1f8r_cond24_77-atomized-bb-True,run_M0555_1f8r_cond24_77-atomized-bb-True.pdb,0,40,True,True,True
M0555_1f8r,rfflow_fixed-ligand_run_M0555_1f8r_cond24_78-atomized-bb-True,run_M0555_1f8r_cond24_78-atomized-bb-True.pdb,3,40,False,True,False
M0555_1f8r,rfflow_fixed-ligand_run_M0555_1f8r_cond24_79-atomized-bb-True,run_M0555_1f8r_cond24_79-atomized-bb-True.pdb,6,40,False,True,False
M0555_1f8r,rfflow_fixed-ligand_run_M0555_1f8r_cond24_8-atomized-bb-True,run_M0555_1f8r_cond24_8-atomized-bb-True.pdb,1,40,False,True,False
M0555_1f8r,rfflow_fixed-ligand_run_M0555_1f8r_cond24_80-atomized-bb-True,run_M0555_1f8r_cond24_80-atomized-bb-True.pdb,0,40,True,False,False
M0555_1f8r,rfflow_fixed-ligand_run_M0555_1f8r_cond24_81-atomized-bb-True,run_M0555_1f8r_cond24_81-atomized-bb-True.pdb,2,40,False,True,False
M0555_1f8r,rfflow_fixed-ligand_run_M0555_1f8r_cond24_82-atomized-bb-True,run_M0555_1f8r_cond24_82-atomized-bb-True.pdb,21,40,False,True,False
M0555_1f8r,rfflow_fixed-ligand_run_M0555_1f8r_cond24_83-atomized-bb-True,run_M0555_1f8r_cond24_83-atomized-bb-True.pdb,0,40,True,True,True
M0555_1f8r,rfflow_fixed-ligand_run_M0555_1f8r_cond24_84-atomized-bb-True,run_M0555_1f8r_cond24_84-atomized-bb-True.pdb,1,40,False,True,False
M0555_1f8r,rfflow_fixed-ligand_run_M0555_1f8r_cond24_85-atomized-bb-True,run_M0555_1f8r_cond24_85-atomized-bb-True.pdb,22,40,False,True,False
M0555_1f8r,rfflow_fixed-ligand_run_M0555_1f8r_cond24_86-atomized-bb-True,run_M0555_1f8r_cond24_86-atomized-bb-True.pdb,0,40,True,False,False
M0555_1f8r,rfflow_fixed-ligand_run_M0555_1f8r_cond24_87-atomized-bb-True,run_M0555_1f8r_cond24_87-atomized-bb-True.pdb,11,40,False,True,False
M0555_1f8r,rfflow_fixed-ligand_run_M0555_1f8r_cond24_88-atomized-bb-True,run_M0555_1f8r_cond24_88-atomized-bb-True.pdb,0,40,True,True,True
M0555_1f8r,rfflow_fixed-ligand_run_M0555_1f8r_cond24_89-atomized-bb-True,run_M0555_1f8r_cond24_89-atomized-bb-True.pdb,2,40,False,True,False
M0555_1f8r,rfflow_fixed-ligand_run_M0555_1f8r_cond24_9-atomized-bb-True,run_M0555_1f8r_cond24_9-atomized-bb-True.pdb,1,40,False,True,False
M0555_1f8r,rfflow_fixed-ligand_run_M0555_1f8r_cond24_90-atomized-bb-True,run_M0555_1f8r_cond24_90-atomized-bb-True.pdb,0,40,True,False,False
M0555_1f8r,rfflow_fixed-ligand_run_M0555_1f8r_cond24_91-atomized-bb-True,run_M0555_1f8r_cond24_91-atomized-bb-True.pdb,7,40,False,True,False
M0555_1f8r,rfflow_fixed-ligand_run_M0555_1f8r_cond24_92-atomized-bb-True,run_M0555_1f8r_cond24_92-atomized-bb-True.pdb,0,40,True,True,True
M0555_1f8r,rfflow_fixed-ligand_run_M0555_1f8r_cond24_93-atomized-bb-True,run_M0555_1f8r_cond24_93-atomized-bb-True.pdb,0,40,True,True,True
M0555_1f8r,rfflow_fixed-ligand_run_M0555_1f8r_cond24_94-atomized-bb-True,run_M0555_1f8r_cond24_94-atomized-bb-True.pdb,8,40,False,True,False
M0555_1f8r,rfflow_fixed-ligand_run_M0555_1f8r_cond24_95-atomized-bb-True,run_M0555_1f8r_cond24_95-atomized-bb-True.pdb,1,40,False,True,False
M0555_1f8r,rfflow_fixed-ligand_run_M0555_1f8r_cond24_96-atomized-bb-True,run_M0555_1f8r_cond24_96-atomized-bb-True.pdb,0,40,True,True,True
M0555_1f8r,rfflow_fixed-ligand_run_M0555_1f8r_cond24_97-atomized-bb-True,run_M0555_1f8r_cond24_97-atomized-bb-True.pdb,7,40,False,True,False
M0555_1f8r,rfflow_fixed-ligand_run_M0555_1f8r_cond24_98-atomized-bb-True,run_M0555_1f8r_cond24_98-atomized-bb-True.pdb,6,40,False,True,False
M0555_1f8r,rfflow_fixed-ligand_run_M0555_1f8r_cond24_99-atomized-bb-True,run_M0555_1f8r_cond24_99-atomized-bb-True.pdb,2,40,False,True,False
M0584_1ldm,rfflow_fixed-ligand_run_M0584_1ldm_cond25_0-atomized-bb-True,run_M0584_1ldm_cond25_0-atomized-bb-True.pdb,4,40,False,True,False
M0584_1ldm,rfflow_fixed-ligand_run_M0584_1ldm_cond25_1-atomized-bb-True,run_M0584_1ldm_cond25_1-atomized-bb-True.pdb,0,40,True,True,True
M0584_1ldm,rfflow_fixed-ligand_run_M0584_1ldm_cond25_10-atomized-bb-True,run_M0584_1ldm_cond25_10-atomized-bb-True.pdb,0,40,True,True,True
M0584_1ldm,rfflow_fixed-ligand_run_M0584_1ldm_cond25_11-atomized-bb-True,run_M0584_1ldm_cond25_11-atomized-bb-True.pdb,0,40,True,True,True
M0584_1ldm,rfflow_fixed-ligand_run_M0584_1ldm_cond25_12-atomized-bb-True,run_M0584_1ldm_cond25_12-atomized-bb-True.pdb,0,40,True,True,True
M0584_1ldm,rfflow_fixed-ligand_run_M0584_1ldm_cond25_13-atomized-bb-True,run_M0584_1ldm_cond25_13-atomized-bb-True.pdb,0,40,True,True,True
M0584_1ldm,rfflow_fixed-ligand_run_M0584_1ldm_cond25_14-atomized-bb-True,run_M0584_1ldm_cond25_14-atomized-bb-True.pdb,4,40,False,True,False
M0584_1ldm,rfflow_fixed-ligand_run_M0584_1ldm_cond25_15-atomized-bb-True,run_M0584_1ldm_cond25_15-atomized-bb-True.pdb,0,40,True,True,True
M0584_1ldm,rfflow_fixed-ligand_run_M0584_1ldm_cond25_16-atomized-bb-True,run_M0584_1ldm_cond25_16-atomized-bb-True.pdb,9,40,False,True,False
M0584_1ldm,rfflow_fixed-ligand_run_M0584_1ldm_cond25_17-atomized-bb-True,run_M0584_1ldm_cond25_17-atomized-bb-True.pdb,0,40,True,True,True
M0584_1ldm,rfflow_fixed-ligand_run_M0584_1ldm_cond25_18-atomized-bb-True,run_M0584_1ldm_cond25_18-atomized-bb-True.pdb,1,40,False,True,False
M0584_1ldm,rfflow_fixed-ligand_run_M0584_1ldm_cond25_19-atomized-bb-True,run_M0584_1ldm_cond25_19-atomized-bb-True.pdb,0,40,True,True,True
M0584_1ldm,rfflow_fixed-ligand_run_M0584_1ldm_cond25_2-atomized-bb-True,run_M0584_1ldm_cond25_2-atomized-bb-True.pdb,0,40,True,True,True
M0584_1ldm,rfflow_fixed-ligand_run_M0584_1ldm_cond25_20-atomized-bb-True,run_M0584_1ldm_cond25_20-atomized-bb-True.pdb,0,40,True,True,True
M0584_1ldm,rfflow_fixed-ligand_run_M0584_1ldm_cond25_21-atomized-bb-True,run_M0584_1ldm_cond25_21-atomized-bb-True.pdb,0,40,True,True,True
M0584_1ldm,rfflow_fixed-ligand_run_M0584_1ldm_cond25_22-atomized-bb-True,run_M0584_1ldm_cond25_22-atomized-bb-True.pdb,0,40,True,True,True
M0584_1ldm,rfflow_fixed-ligand_run_M0584_1ldm_cond25_23-atomized-bb-True,run_M0584_1ldm_cond25_23-atomized-bb-True.pdb,2,40,False,True,False
M0584_1ldm,rfflow_fixed-ligand_run_M0584_1ldm_cond25_24-atomized-bb-True,run_M0584_1ldm_cond25_24-atomized-bb-True.pdb,0,40,True,True,True
M0584_1ldm,rfflow_fixed-ligand_run_M0584_1ldm_cond25_25-atomized-bb-True,run_M0584_1ldm_cond25_25-atomized-bb-True.pdb,0,40,True,True,True
M0584_1ldm,rfflow_fixed-ligand_run_M0584_1ldm_cond25_26-atomized-bb-True,run_M0584_1ldm_cond25_26-atomized-bb-True.pdb,0,40,True,True,True
M0584_1ldm,rfflow_fixed-ligand_run_M0584_1ldm_cond25_27-atomized-bb-True,run_M0584_1ldm_cond25_27-atomized-bb-True.pdb,0,40,True,True,True
M0584_1ldm,rfflow_fixed-ligand_run_M0584_1ldm_cond25_28-atomized-bb-True,run_M0584_1ldm_cond25_28-atomized-bb-True.pdb,0,40,True,True,True
M0584_1ldm,rfflow_fixed-ligand_run_M0584_1ldm_cond25_29-atomized-bb-True,run_M0584_1ldm_cond25_29-atomized-bb-True.pdb,0,40,True,True,True
M0584_1ldm,rfflow_fixed-ligand_run_M0584_1ldm_cond25_3-atomized-bb-True,run_M0584_1ldm_cond25_3-atomized-bb-True.pdb,0,40,True,True,True
M0584_1ldm,rfflow_fixed-ligand_run_M0584_1ldm_cond25_30-atomized-bb-True,run_M0584_1ldm_cond25_30-atomized-bb-True.pdb,0,40,True,True,True
M0584_1ldm,rfflow_fixed-ligand_run_M0584_1ldm_cond25_31-atomized-bb-True,run_M0584_1ldm_cond25_31-atomized-bb-True.pdb,0,40,True,True,True
M0584_1ldm,rfflow_fixed-ligand_run_M0584_1ldm_cond25_32-atomized-bb-True,run_M0584_1ldm_cond25_32-atomized-bb-True.pdb,0,40,True,True,True
M0584_1ldm,rfflow_fixed-ligand_run_M0584_1ldm_cond25_33-atomized-bb-True,run_M0584_1ldm_cond25_33-atomized-bb-True.pdb,0,40,True,True,True
M0584_1ldm,rfflow_fixed-ligand_run_M0584_1ldm_cond25_34-atomized-bb-True,run_M0584_1ldm_cond25_34-atomized-bb-True.pdb,0,40,True,True,True
M0584_1ldm,rfflow_fixed-ligand_run_M0584_1ldm_cond25_35-atomized-bb-True,run_M0584_1ldm_cond25_35-atomized-bb-True.pdb,0,40,True,True,True
M0584_1ldm,rfflow_fixed-ligand_run_M0584_1ldm_cond25_36-atomized-bb-True,run_M0584_1ldm_cond25_36-atomized-bb-True.pdb,0,40,True,True,True
M0584_1ldm,rfflow_fixed-ligand_run_M0584_1ldm_cond25_37-atomized-bb-True,run_M0584_1ldm_cond25_37-atomized-bb-True.pdb,0,40,True,True,True
M0584_1ldm,rfflow_fixed-ligand_run_M0584_1ldm_cond25_38-atomized-bb-True,run_M0584_1ldm_cond25_38-atomized-bb-True.pdb,0,40,True,True,True
M0584_1ldm,rfflow_fixed-ligand_run_M0584_1ldm_cond25_39-atomized-bb-True,run_M0584_1ldm_cond25_39-atomized-bb-True.pdb,0,40,True,True,True
M0584_1ldm,rfflow_fixed-ligand_run_M0584_1ldm_cond25_4-atomized-bb-True,run_M0584_1ldm_cond25_4-atomized-bb-True.pdb,0,40,True,True,True
M0584_1ldm,rfflow_fixed-ligand_run_M0584_1ldm_cond25_40-atomized-bb-True,run_M0584_1ldm_cond25_40-atomized-bb-True.pdb,0,40,True,True,True
M0584_1ldm,rfflow_fixed-ligand_run_M0584_1ldm_cond25_41-atomized-bb-True,run_M0584_1ldm_cond25_41-atomized-bb-True.pdb,0,40,True,True,True
M0584_1ldm,rfflow_fixed-ligand_run_M0584_1ldm_cond25_42-atomized-bb-True,run_M0584_1ldm_cond25_42-atomized-bb-True.pdb,1,40,False,True,False
M0584_1ldm,rfflow_fixed-ligand_run_M0584_1ldm_cond25_43-atomized-bb-True,run_M0584_1ldm_cond25_43-atomized-bb-True.pdb,0,40,True,True,True
M0584_1ldm,rfflow_fixed-ligand_run_M0584_1ldm_cond25_44-atomized-bb-True,run_M0584_1ldm_cond25_44-atomized-bb-True.pdb,0,40,True,False,False
M0584_1ldm,rfflow_fixed-ligand_run_M0584_1ldm_cond25_45-atomized-bb-True,run_M0584_1ldm_cond25_45-atomized-bb-True.pdb,0,40,True,True,True
M0584_1ldm,rfflow_fixed-ligand_run_M0584_1ldm_cond25_46-atomized-bb-True,run_M0584_1ldm_cond25_46-atomized-bb-True.pdb,0,40,True,True,True
M0584_1ldm,rfflow_fixed-ligand_run_M0584_1ldm_cond25_47-atomized-bb-True,run_M0584_1ldm_cond25_47-atomized-bb-True.pdb,1,40,False,True,False
M0584_1ldm,rfflow_fixed-ligand_run_M0584_1ldm_cond25_48-atomized-bb-True,run_M0584_1ldm_cond25_48-atomized-bb-True.pdb,0,40,True,True,True
M0584_1ldm,rfflow_fixed-ligand_run_M0584_1ldm_cond25_49-atomized-bb-True,run_M0584_1ldm_cond25_49-atomized-bb-True.pdb,0,40,True,True,True
M0584_1ldm,rfflow_fixed-ligand_run_M0584_1ldm_cond25_5-atomized-bb-True,run_M0584_1ldm_cond25_5-atomized-bb-True.pdb,0,40,True,True,True
M0584_1ldm,rfflow_fixed-ligand_run_M0584_1ldm_cond25_50-atomized-bb-True,run_M0584_1ldm_cond25_50-atomized-bb-True.pdb,0,40,True,True,True
M0584_1ldm,rfflow_fixed-ligand_run_M0584_1ldm_cond25_51-atomized-bb-True,run_M0584_1ldm_cond25_51-atomized-bb-True.pdb,0,40,True,True,True
M0584_1ldm,rfflow_fixed-ligand_run_M0584_1ldm_cond25_52-atomized-bb-True,run_M0584_1ldm_cond25_52-atomized-bb-True.pdb,0,40,True,True,True
M0584_1ldm,rfflow_fixed-ligand_run_M0584_1ldm_cond25_53-atomized-bb-True,run_M0584_1ldm_cond25_53-atomized-bb-True.pdb,0,40,True,True,True
M0584_1ldm,rfflow_fixed-ligand_run_M0584_1ldm_cond25_54-atomized-bb-True,run_M0584_1ldm_cond25_54-atomized-bb-True.pdb,0,40,True,True,True
M0584_1ldm,rfflow_fixed-ligand_run_M0584_1ldm_cond25_55-atomized-bb-True,run_M0584_1ldm_cond25_55-atomized-bb-True.pdb,0,40,True,True,True
M0584_1ldm,rfflow_fixed-ligand_run_M0584_1ldm_cond25_56-atomized-bb-True,run_M0584_1ldm_cond25_56-atomized-bb-True.pdb,0,40,True,True,True
M0584_1ldm,rfflow_fixed-ligand_run_M0584_1ldm_cond25_57-atomized-bb-True,run_M0584_1ldm_cond25_57-atomized-bb-True.pdb,0,40,True,True,True
M0584_1ldm,rfflow_fixed-ligand_run_M0584_1ldm_cond25_58-atomized-bb-True,run_M0584_1ldm_cond25_58-atomized-bb-True.pdb,0,40,True,True,True
M0584_1ldm,rfflow_fixed-ligand_run_M0584_1ldm_cond25_59-atomized-bb-True,run_M0584_1ldm_cond25_59-atomized-bb-True.pdb,4,40,False,True,False
M0584_1ldm,rfflow_fixed-ligand_run_M0584_1ldm_cond25_6-atomized-bb-True,run_M0584_1ldm_cond25_6-atomized-bb-True.pdb,0,40,True,True,True
M0584_1ldm,rfflow_fixed-ligand_run_M0584_1ldm_cond25_60-atomized-bb-True,run_M0584_1ldm_cond25_60-atomized-bb-True.pdb,0,40,True,True,True
M0584_1ldm,rfflow_fixed-ligand_run_M0584_1ldm_cond25_61-atomized-bb-True,run_M0584_1ldm_cond25_61-atomized-bb-True.pdb,0,40,True,True,True
M0584_1ldm,rfflow_fixed-ligand_run_M0584_1ldm_cond25_62-atomized-bb-True,run_M0584_1ldm_cond25_62-atomized-bb-True.pdb,0,40,True,False,False
M0584_1ldm,rfflow_fixed-ligand_run_M0584_1ldm_cond25_63-atomized-bb-True,run_M0584_1ldm_cond25_63-atomized-bb-True.pdb,0,40,True,True,True
M0584_1ldm,rfflow_fixed-ligand_run_M0584_1ldm_cond25_64-atomized-bb-True,run_M0584_1ldm_cond25_64-atomized-bb-True.pdb,0,40,True,True,True
M0584_1ldm,rfflow_fixed-ligand_run_M0584_1ldm_cond25_65-atomized-bb-True,run_M0584_1ldm_cond25_65-atomized-bb-True.pdb,0,40,True,True,True
M0584_1ldm,rfflow_fixed-ligand_run_M0584_1ldm_cond25_66-atomized-bb-True,run_M0584_1ldm_cond25_66-atomized-bb-True.pdb,0,40,True,True,True
M0584_1ldm,rfflow_fixed-ligand_run_M0584_1ldm_cond25_67-atomized-bb-True,run_M0584_1ldm_cond25_67-atomized-bb-True.pdb,0,40,True,True,True
M0584_1ldm,rfflow_fixed-ligand_run_M0584_1ldm_cond25_68-atomized-bb-True,run_M0584_1ldm_cond25_68-atomized-bb-True.pdb,0,40,True,True,True
M0584_1ldm,rfflow_fixed-ligand_run_M0584_1ldm_cond25_69-atomized-bb-True,run_M0584_1ldm_cond25_69-atomized-bb-True.pdb,0,40,True,True,True
M0584_1ldm,rfflow_fixed-ligand_run_M0584_1ldm_cond25_7-atomized-bb-True,run_M0584_1ldm_cond25_7-atomized-bb-True.pdb,2,40,False,True,False
M0584_1ldm,rfflow_fixed-ligand_run_M0584_1ldm_cond25_70-atomized-bb-True,run_M0584_1ldm_cond25_70-atomized-bb-True.pdb,0,40,True,True,True
M0584_1ldm,rfflow_fixed-ligand_run_M0584_1ldm_cond25_71-atomized-bb-True,run_M0584_1ldm_cond25_71-atomized-bb-True.pdb,0,40,True,True,True
M0584_1ldm,rfflow_fixed-ligand_run_M0584_1ldm_cond25_72-atomized-bb-True,run_M0584_1ldm_cond25_72-atomized-bb-True.pdb,0,40,True,True,True
M0584_1ldm,rfflow_fixed-ligand_run_M0584_1ldm_cond25_73-atomized-bb-True,run_M0584_1ldm_cond25_73-atomized-bb-True.pdb,0,40,True,True,True
M0584_1ldm,rfflow_fixed-ligand_run_M0584_1ldm_cond25_74-atomized-bb-True,run_M0584_1ldm_cond25_74-atomized-bb-True.pdb,0,40,True,True,True
M0584_1ldm,rfflow_fixed-ligand_run_M0584_1ldm_cond25_75-atomized-bb-True,run_M0584_1ldm_cond25_75-atomized-bb-True.pdb,0,40,True,True,True
M0584_1ldm,rfflow_fixed-ligand_run_M0584_1ldm_cond25_76-atomized-bb-True,run_M0584_1ldm_cond25_76-atomized-bb-True.pdb,0,40,True,True,True
M0584_1ldm,rfflow_fixed-ligand_run_M0584_1ldm_cond25_77-atomized-bb-True,run_M0584_1ldm_cond25_77-atomized-bb-True.pdb,1,40,False,True,False
M0584_1ldm,rfflow_fixed-ligand_run_M0584_1ldm_cond25_78-atomized-bb-True,run_M0584_1ldm_cond25_78-atomized-bb-True.pdb,0,40,True,True,True
M0584_1ldm,rfflow_fixed-ligand_run_M0584_1ldm_cond25_79-atomized-bb-True,run_M0584_1ldm_cond25_79-atomized-bb-True.pdb,0,40,True,True,True
M0584_1ldm,rfflow_fixed-ligand_run_M0584_1ldm_cond25_8-atomized-bb-True,run_M0584_1ldm_cond25_8-atomized-bb-True.pdb,0,40,True,True,True
M0584_1ldm,rfflow_fixed-ligand_run_M0584_1ldm_cond25_80-atomized-bb-True,run_M0584_1ldm_cond25_80-atomized-bb-True.pdb,0,40,True,True,True
M0584_1ldm,rfflow_fixed-ligand_run_M0584_1ldm_cond25_81-atomized-bb-True,run_M0584_1ldm_cond25_81-atomized-bb-True.pdb,0,40,True,True,True
M0584_1ldm,rfflow_fixed-ligand_run_M0584_1ldm_cond25_82-atomized-bb-True,run_M0584_1ldm_cond25_82-atomized-bb-True.pdb,0,40,True,True,True
M0584_1ldm,rfflow_fixed-ligand_run_M0584_1ldm_cond25_83-atomized-bb-True,run_M0584_1ldm_cond25_83-atomized-bb-True.pdb,0,40,True,True,True
M0584_1ldm,rfflow_fixed-ligand_run_M0584_1ldm_cond25_84-atomized-bb-True,run_M0584_1ldm_cond25_84-atomized-bb-True.pdb,0,40,True,True,True
M0584_1ldm,rfflow_fixed-ligand_run_M0584_1ldm_cond25_85-atomized-bb-True,run_M0584_1ldm_cond25_85-atomized-bb-True.pdb,0,40,True,True,True
M0584_1ldm,rfflow_fixed-ligand_run_M0584_1ldm_cond25_86-atomized-bb-True,run_M0584_1ldm_cond25_86-atomized-bb-True.pdb,1,40,False,True,False
M0584_1ldm,rfflow_fixed-ligand_run_M0584_1ldm_cond25_87-atomized-bb-True,run_M0584_1ldm_cond25_87-atomized-bb-True.pdb,0,40,True,True,True
M0584_1ldm,rfflow_fixed-ligand_run_M0584_1ldm_cond25_88-atomized-bb-True,run_M0584_1ldm_cond25_88-atomized-bb-True.pdb,0,40,True,True,True
M0584_1ldm,rfflow_fixed-ligand_run_M0584_1ldm_cond25_89-atomized-bb-True,run_M0584_1ldm_cond25_89-atomized-bb-True.pdb,0,40,True,True,True
M0584_1ldm,rfflow_fixed-ligand_run_M0584_1ldm_cond25_9-atomized-bb-True,run_M0584_1ldm_cond25_9-atomized-bb-True.pdb,0,40,True,True,True
M0584_1ldm,rfflow_fixed-ligand_run_M0584_1ldm_cond25_90-atomized-bb-True,run_M0584_1ldm_cond25_90-atomized-bb-True.pdb,2,40,False,True,False
M0584_1ldm,rfflow_fixed-ligand_run_M0584_1ldm_cond25_91-atomized-bb-True,run_M0584_1ldm_cond25_91-atomized-bb-True.pdb,0,40,True,True,True
M0584_1ldm,rfflow_fixed-ligand_run_M0584_1ldm_cond25_92-atomized-bb-True,run_M0584_1ldm_cond25_92-atomized-bb-True.pdb,0,40,True,True,True
M0584_1ldm,rfflow_fixed-ligand_run_M0584_1ldm_cond25_93-atomized-bb-True,run_M0584_1ldm_cond25_93-atomized-bb-True.pdb,0,40,True,False,False
M0584_1ldm,rfflow_fixed-ligand_run_M0584_1ldm_cond25_94-atomized-bb-True,run_M0584_1ldm_cond25_94-atomized-bb-True.pdb,0,40,True,True,True
M0584_1ldm,rfflow_fixed-ligand_run_M0584_1ldm_cond25_95-atomized-bb-True,run_M0584_1ldm_cond25_95-atomized-bb-True.pdb,0,40,True,True,True
M0584_1ldm,rfflow_fixed-ligand_run_M0584_1ldm_cond25_96-atomized-bb-True,run_M0584_1ldm_cond25_96-atomized-bb-True.pdb,0,40,True,True,True
M0584_1ldm,rfflow_fixed-ligand_run_M0584_1ldm_cond25_97-atomized-bb-True,run_M0584_1ldm_cond25_97-atomized-bb-True.pdb,0,40,True,True,True
M0584_1ldm,rfflow_fixed-ligand_run_M0584_1ldm_cond25_98-atomized-bb-True,run_M0584_1ldm_cond25_98-atomized-bb-True.pdb,0,40,True,True,True
M0584_1ldm,rfflow_fixed-ligand_run_M0584_1ldm_cond25_99-atomized-bb-True,run_M0584_1ldm_cond25_99-atomized-bb-True.pdb,0,40,True,True,True
M0630_1j79,rfflow_fixed-ligand_run_M0630_1j79_cond26_0-atomized-bb-True,run_M0630_1j79_cond26_0-atomized-bb-True.pdb,25,40,False,True,False
M0630_1j79,rfflow_fixed-ligand_run_M0630_1j79_cond26_1-atomized-bb-True,run_M0630_1j79_cond26_1-atomized-bb-True.pdb,0,40,True,True,True
M0630_1j79,rfflow_fixed-ligand_run_M0630_1j79_cond26_10-atomized-bb-True,run_M0630_1j79_cond26_10-atomized-bb-True.pdb,23,40,False,True,False
M0630_1j79,rfflow_fixed-ligand_run_M0630_1j79_cond26_11-atomized-bb-True,run_M0630_1j79_cond26_11-atomized-bb-True.pdb,40,40,False,True,False
M0630_1j79,rfflow_fixed-ligand_run_M0630_1j79_cond26_12-atomized-bb-True,run_M0630_1j79_cond26_12-atomized-bb-True.pdb,40,40,False,True,False
M0630_1j79,rfflow_fixed-ligand_run_M0630_1j79_cond26_13-atomized-bb-True,run_M0630_1j79_cond26_13-atomized-bb-True.pdb,40,40,False,True,False
M0630_1j79,rfflow_fixed-ligand_run_M0630_1j79_cond26_14-atomized-bb-True,run_M0630_1j79_cond26_14-atomized-bb-True.pdb,13,40,False,True,False
M0630_1j79,rfflow_fixed-ligand_run_M0630_1j79_cond26_15-atomized-bb-True,run_M0630_1j79_cond26_15-atomized-bb-True.pdb,16,40,False,True,False
M0630_1j79,rfflow_fixed-ligand_run_M0630_1j79_cond26_16-atomized-bb-True,run_M0630_1j79_cond26_16-atomized-bb-True.pdb,5,40,False,True,False
M0630_1j79,rfflow_fixed-ligand_run_M0630_1j79_cond26_17-atomized-bb-True,run_M0630_1j79_cond26_17-atomized-bb-True.pdb,16,40,False,True,False
M0630_1j79,rfflow_fixed-ligand_run_M0630_1j79_cond26_18-atomized-bb-True,run_M0630_1j79_cond26_18-atomized-bb-True.pdb,15,40,False,True,False
M0630_1j79,rfflow_fixed-ligand_run_M0630_1j79_cond26_19-atomized-bb-True,run_M0630_1j79_cond26_19-atomized-bb-True.pdb,21,40,False,True,False
M0630_1j79,rfflow_fixed-ligand_run_M0630_1j79_cond26_2-atomized-bb-True,run_M0630_1j79_cond26_2-atomized-bb-True.pdb,4,40,False,True,False
M0630_1j79,rfflow_fixed-ligand_run_M0630_1j79_cond26_20-atomized-bb-True,run_M0630_1j79_cond26_20-atomized-bb-True.pdb,18,40,False,True,False
M0630_1j79,rfflow_fixed-ligand_run_M0630_1j79_cond26_21-atomized-bb-True,run_M0630_1j79_cond26_21-atomized-bb-True.pdb,40,40,False,True,False
M0630_1j79,rfflow_fixed-ligand_run_M0630_1j79_cond26_22-atomized-bb-True,run_M0630_1j79_cond26_22-atomized-bb-True.pdb,14,40,False,True,False
M0630_1j79,rfflow_fixed-ligand_run_M0630_1j79_cond26_23-atomized-bb-True,run_M0630_1j79_cond26_23-atomized-bb-True.pdb,26,40,False,True,False
M0630_1j79,rfflow_fixed-ligand_run_M0630_1j79_cond26_24-atomized-bb-True,run_M0630_1j79_cond26_24-atomized-bb-True.pdb,40,40,False,True,False
M0630_1j79,rfflow_fixed-ligand_run_M0630_1j79_cond26_25-atomized-bb-True,run_M0630_1j79_cond26_25-atomized-bb-True.pdb,33,40,False,True,False
M0630_1j79,rfflow_fixed-ligand_run_M0630_1j79_cond26_26-atomized-bb-True,run_M0630_1j79_cond26_26-atomized-bb-True.pdb,6,40,False,True,False
M0630_1j79,rfflow_fixed-ligand_run_M0630_1j79_cond26_27-atomized-bb-True,run_M0630_1j79_cond26_27-atomized-bb-True.pdb,2,40,False,True,False
M0630_1j79,rfflow_fixed-ligand_run_M0630_1j79_cond26_28-atomized-bb-True,run_M0630_1j79_cond26_28-atomized-bb-True.pdb,2,40,False,True,False
M0630_1j79,rfflow_fixed-ligand_run_M0630_1j79_cond26_29-atomized-bb-True,run_M0630_1j79_cond26_29-atomized-bb-True.pdb,40,40,False,True,False
M0630_1j79,rfflow_fixed-ligand_run_M0630_1j79_cond26_3-atomized-bb-True,run_M0630_1j79_cond26_3-atomized-bb-True.pdb,28,40,False,True,False
M0630_1j79,rfflow_fixed-ligand_run_M0630_1j79_cond26_30-atomized-bb-True,run_M0630_1j79_cond26_30-atomized-bb-True.pdb,40,40,False,True,False
M0630_1j79,rfflow_fixed-ligand_run_M0630_1j79_cond26_31-atomized-bb-True,run_M0630_1j79_cond26_31-atomized-bb-True.pdb,40,40,False,True,False
M0630_1j79,rfflow_fixed-ligand_run_M0630_1j79_cond26_32-atomized-bb-True,run_M0630_1j79_cond26_32-atomized-bb-True.pdb,9,40,False,True,False
M0630_1j79,rfflow_fixed-ligand_run_M0630_1j79_cond26_33-atomized-bb-True,run_M0630_1j79_cond26_33-atomized-bb-True.pdb,40,40,False,True,False
M0630_1j79,rfflow_fixed-ligand_run_M0630_1j79_cond26_34-atomized-bb-True,run_M0630_1j79_cond26_34-atomized-bb-True.pdb,24,40,False,True,False
M0630_1j79,rfflow_fixed-ligand_run_M0630_1j79_cond26_35-atomized-bb-True,run_M0630_1j79_cond26_35-atomized-bb-True.pdb,35,40,False,True,False
M0630_1j79,rfflow_fixed-ligand_run_M0630_1j79_cond26_36-atomized-bb-True,run_M0630_1j79_cond26_36-atomized-bb-True.pdb,0,40,True,True,True
M0630_1j79,rfflow_fixed-ligand_run_M0630_1j79_cond26_37-atomized-bb-True,run_M0630_1j79_cond26_37-atomized-bb-True.pdb,10,40,False,True,False
M0630_1j79,rfflow_fixed-ligand_run_M0630_1j79_cond26_38-atomized-bb-True,run_M0630_1j79_cond26_38-atomized-bb-True.pdb,0,40,True,False,False
M0630_1j79,rfflow_fixed-ligand_run_M0630_1j79_cond26_39-atomized-bb-True,run_M0630_1j79_cond26_39-atomized-bb-True.pdb,40,40,False,True,False
M0630_1j79,rfflow_fixed-ligand_run_M0630_1j79_cond26_4-atomized-bb-True,run_M0630_1j79_cond26_4-atomized-bb-True.pdb,3,40,False,True,False
M0630_1j79,rfflow_fixed-ligand_run_M0630_1j79_cond26_40-atomized-bb-True,run_M0630_1j79_cond26_40-atomized-bb-True.pdb,39,40,False,True,False
M0630_1j79,rfflow_fixed-ligand_run_M0630_1j79_cond26_41-atomized-bb-True,run_M0630_1j79_cond26_41-atomized-bb-True.pdb,40,40,False,True,False
M0630_1j79,rfflow_fixed-ligand_run_M0630_1j79_cond26_42-atomized-bb-True,run_M0630_1j79_cond26_42-atomized-bb-True.pdb,40,40,False,True,False
M0630_1j79,rfflow_fixed-ligand_run_M0630_1j79_cond26_43-atomized-bb-True,run_M0630_1j79_cond26_43-atomized-bb-True.pdb,38,40,False,True,False
M0630_1j79,rfflow_fixed-ligand_run_M0630_1j79_cond26_44-atomized-bb-True,run_M0630_1j79_cond26_44-atomized-bb-True.pdb,40,40,False,True,False
M0630_1j79,rfflow_fixed-ligand_run_M0630_1j79_cond26_45-atomized-bb-True,run_M0630_1j79_cond26_45-atomized-bb-True.pdb,2,40,False,True,False
M0630_1j79,rfflow_fixed-ligand_run_M0630_1j79_cond26_46-atomized-bb-True,run_M0630_1j79_cond26_46-atomized-bb-True.pdb,6,40,False,True,False
M0630_1j79,rfflow_fixed-ligand_run_M0630_1j79_cond26_47-atomized-bb-True,run_M0630_1j79_cond26_47-atomized-bb-True.pdb,1,40,False,True,False
M0630_1j79,rfflow_fixed-ligand_run_M0630_1j79_cond26_48-atomized-bb-True,run_M0630_1j79_cond26_48-atomized-bb-True.pdb,30,40,False,True,False
M0630_1j79,rfflow_fixed-ligand_run_M0630_1j79_cond26_49-atomized-bb-True,run_M0630_1j79_cond26_49-atomized-bb-True.pdb,0,40,True,False,False
M0630_1j79,rfflow_fixed-ligand_run_M0630_1j79_cond26_5-atomized-bb-True,run_M0630_1j79_cond26_5-atomized-bb-True.pdb,35,40,False,True,False
M0630_1j79,rfflow_fixed-ligand_run_M0630_1j79_cond26_50-atomized-bb-True,run_M0630_1j79_cond26_50-atomized-bb-True.pdb,33,40,False,True,False
M0630_1j79,rfflow_fixed-ligand_run_M0630_1j79_cond26_51-atomized-bb-True,run_M0630_1j79_cond26_51-atomized-bb-True.pdb,28,40,False,True,False
M0630_1j79,rfflow_fixed-ligand_run_M0630_1j79_cond26_52-atomized-bb-True,run_M0630_1j79_cond26_52-atomized-bb-True.pdb,9,40,False,True,False
M0630_1j79,rfflow_fixed-ligand_run_M0630_1j79_cond26_53-atomized-bb-True,run_M0630_1j79_cond26_53-atomized-bb-True.pdb,40,40,False,True,False
M0630_1j79,rfflow_fixed-ligand_run_M0630_1j79_cond26_54-atomized-bb-True,run_M0630_1j79_cond26_54-atomized-bb-True.pdb,27,40,False,True,False
M0630_1j79,rfflow_fixed-ligand_run_M0630_1j79_cond26_55-atomized-bb-True,run_M0630_1j79_cond26_55-atomized-bb-True.pdb,26,40,False,True,False
M0630_1j79,rfflow_fixed-ligand_run_M0630_1j79_cond26_56-atomized-bb-True,run_M0630_1j79_cond26_56-atomized-bb-True.pdb,34,40,False,True,False
M0630_1j79,rfflow_fixed-ligand_run_M0630_1j79_cond26_57-atomized-bb-True,run_M0630_1j79_cond26_57-atomized-bb-True.pdb,23,40,False,True,False
M0630_1j79,rfflow_fixed-ligand_run_M0630_1j79_cond26_58-atomized-bb-True,run_M0630_1j79_cond26_58-atomized-bb-True.pdb,4,40,False,True,False
M0630_1j79,rfflow_fixed-ligand_run_M0630_1j79_cond26_59-atomized-bb-True,run_M0630_1j79_cond26_59-atomized-bb-True.pdb,40,40,False,True,False
M0630_1j79,rfflow_fixed-ligand_run_M0630_1j79_cond26_6-atomized-bb-True,run_M0630_1j79_cond26_6-atomized-bb-True.pdb,38,40,False,True,False
M0630_1j79,rfflow_fixed-ligand_run_M0630_1j79_cond26_60-atomized-bb-True,run_M0630_1j79_cond26_60-atomized-bb-True.pdb,40,40,False,True,False
M0630_1j79,rfflow_fixed-ligand_run_M0630_1j79_cond26_61-atomized-bb-True,run_M0630_1j79_cond26_61-atomized-bb-True.pdb,35,40,False,True,False
M0630_1j79,rfflow_fixed-ligand_run_M0630_1j79_cond26_62-atomized-bb-True,run_M0630_1j79_cond26_62-atomized-bb-True.pdb,29,40,False,True,False
M0630_1j79,rfflow_fixed-ligand_run_M0630_1j79_cond26_63-atomized-bb-True,run_M0630_1j79_cond26_63-atomized-bb-True.pdb,1,40,False,True,False
M0630_1j79,rfflow_fixed-ligand_run_M0630_1j79_cond26_64-atomized-bb-True,run_M0630_1j79_cond26_64-atomized-bb-True.pdb,8,40,False,True,False
M0630_1j79,rfflow_fixed-ligand_run_M0630_1j79_cond26_65-atomized-bb-True,run_M0630_1j79_cond26_65-atomized-bb-True.pdb,19,40,False,True,False
M0630_1j79,rfflow_fixed-ligand_run_M0630_1j79_cond26_66-atomized-bb-True,run_M0630_1j79_cond26_66-atomized-bb-True.pdb,16,40,False,True,False
M0630_1j79,rfflow_fixed-ligand_run_M0630_1j79_cond26_67-atomized-bb-True,run_M0630_1j79_cond26_67-atomized-bb-True.pdb,9,40,False,True,False
M0630_1j79,rfflow_fixed-ligand_run_M0630_1j79_cond26_68-atomized-bb-True,run_M0630_1j79_cond26_68-atomized-bb-True.pdb,7,40,False,True,False
M0630_1j79,rfflow_fixed-ligand_run_M0630_1j79_cond26_69-atomized-bb-True,run_M0630_1j79_cond26_69-atomized-bb-True.pdb,13,40,False,True,False
M0630_1j79,rfflow_fixed-ligand_run_M0630_1j79_cond26_7-atomized-bb-True,run_M0630_1j79_cond26_7-atomized-bb-True.pdb,0,40,True,True,True
M0630_1j79,rfflow_fixed-ligand_run_M0630_1j79_cond26_70-atomized-bb-True,run_M0630_1j79_cond26_70-atomized-bb-True.pdb,9,40,False,True,False
M0630_1j79,rfflow_fixed-ligand_run_M0630_1j79_cond26_71-atomized-bb-True,run_M0630_1j79_cond26_71-atomized-bb-True.pdb,2,40,False,True,False
M0630_1j79,rfflow_fixed-ligand_run_M0630_1j79_cond26_72-atomized-bb-True,run_M0630_1j79_cond26_72-atomized-bb-True.pdb,20,40,False,True,False
M0630_1j79,rfflow_fixed-ligand_run_M0630_1j79_cond26_73-atomized-bb-True,run_M0630_1j79_cond26_73-atomized-bb-True.pdb,21,40,False,True,False
M0630_1j79,rfflow_fixed-ligand_run_M0630_1j79_cond26_74-atomized-bb-True,run_M0630_1j79_cond26_74-atomized-bb-True.pdb,25,40,False,True,False
M0630_1j79,rfflow_fixed-ligand_run_M0630_1j79_cond26_75-atomized-bb-True,run_M0630_1j79_cond26_75-atomized-bb-True.pdb,39,40,False,True,False
M0630_1j79,rfflow_fixed-ligand_run_M0630_1j79_cond26_76-atomized-bb-True,run_M0630_1j79_cond26_76-atomized-bb-True.pdb,22,40,False,True,False
M0630_1j79,rfflow_fixed-ligand_run_M0630_1j79_cond26_77-atomized-bb-True,run_M0630_1j79_cond26_77-atomized-bb-True.pdb,40,40,False,True,False
M0630_1j79,rfflow_fixed-ligand_run_M0630_1j79_cond26_78-atomized-bb-True,run_M0630_1j79_cond26_78-atomized-bb-True.pdb,12,40,False,True,False
M0630_1j79,rfflow_fixed-ligand_run_M0630_1j79_cond26_79-atomized-bb-True,run_M0630_1j79_cond26_79-atomized-bb-True.pdb,39,40,False,True,False
M0630_1j79,rfflow_fixed-ligand_run_M0630_1j79_cond26_8-atomized-bb-True,run_M0630_1j79_cond26_8-atomized-bb-True.pdb,37,40,False,True,False
M0630_1j79,rfflow_fixed-ligand_run_M0630_1j79_cond26_80-atomized-bb-True,run_M0630_1j79_cond26_80-atomized-bb-True.pdb,11,40,False,True,False
M0630_1j79,rfflow_fixed-ligand_run_M0630_1j79_cond26_81-atomized-bb-True,run_M0630_1j79_cond26_81-atomized-bb-True.pdb,14,40,False,True,False
M0630_1j79,rfflow_fixed-ligand_run_M0630_1j79_cond26_82-atomized-bb-True,run_M0630_1j79_cond26_82-atomized-bb-True.pdb,40,40,False,True,False
M0630_1j79,rfflow_fixed-ligand_run_M0630_1j79_cond26_83-atomized-bb-True,run_M0630_1j79_cond26_83-atomized-bb-True.pdb,40,40,False,True,False
M0630_1j79,rfflow_fixed-ligand_run_M0630_1j79_cond26_84-atomized-bb-True,run_M0630_1j79_cond26_84-atomized-bb-True.pdb,35,40,False,True,False
M0630_1j79,rfflow_fixed-ligand_run_M0630_1j79_cond26_85-atomized-bb-True,run_M0630_1j79_cond26_85-atomized-bb-True.pdb,40,40,False,True,False
M0630_1j79,rfflow_fixed-ligand_run_M0630_1j79_cond26_86-atomized-bb-True,run_M0630_1j79_cond26_86-atomized-bb-True.pdb,0,40,True,True,True
M0630_1j79,rfflow_fixed-ligand_run_M0630_1j79_cond26_87-atomized-bb-True,run_M0630_1j79_cond26_87-atomized-bb-True.pdb,31,40,False,True,False
M0630_1j79,rfflow_fixed-ligand_run_M0630_1j79_cond26_88-atomized-bb-True,run_M0630_1j79_cond26_88-atomized-bb-True.pdb,34,40,False,True,False
M0630_1j79,rfflow_fixed-ligand_run_M0630_1j79_cond26_89-atomized-bb-True,run_M0630_1j79_cond26_89-atomized-bb-True.pdb,31,40,False,True,False
M0630_1j79,rfflow_fixed-ligand_run_M0630_1j79_cond26_9-atomized-bb-True,run_M0630_1j79_cond26_9-atomized-bb-True.pdb,6,40,False,True,False
M0630_1j79,rfflow_fixed-ligand_run_M0630_1j79_cond26_90-atomized-bb-True,run_M0630_1j79_cond26_90-atomized-bb-True.pdb,1,40,False,True,False
M0630_1j79,rfflow_fixed-ligand_run_M0630_1j79_cond26_91-atomized-bb-True,run_M0630_1j79_cond26_91-atomized-bb-True.pdb,40,40,False,True,False
M0630_1j79,rfflow_fixed-ligand_run_M0630_1j79_cond26_92-atomized-bb-True,run_M0630_1j79_cond26_92-atomized-bb-True.pdb,39,40,False,True,False
M0630_1j79,rfflow_fixed-ligand_run_M0630_1j79_cond26_93-atomized-bb-True,run_M0630_1j79_cond26_93-atomized-bb-True.pdb,34,40,False,True,False
M0630_1j79,rfflow_fixed-ligand_run_M0630_1j79_cond26_94-atomized-bb-True,run_M0630_1j79_cond26_94-atomized-bb-True.pdb,8,40,False,True,False
M0630_1j79,rfflow_fixed-ligand_run_M0630_1j79_cond26_95-atomized-bb-True,run_M0630_1j79_cond26_95-atomized-bb-True.pdb,26,40,False,True,False
M0630_1j79,rfflow_fixed-ligand_run_M0630_1j79_cond26_96-atomized-bb-True,run_M0630_1j79_cond26_96-atomized-bb-True.pdb,5,40,False,True,False
M0630_1j79,rfflow_fixed-ligand_run_M0630_1j79_cond26_97-atomized-bb-True,run_M0630_1j79_cond26_97-atomized-bb-True.pdb,10,40,False,True,False
M0630_1j79,rfflow_fixed-ligand_run_M0630_1j79_cond26_98-atomized-bb-True,run_M0630_1j79_cond26_98-atomized-bb-True.pdb,37,40,False,True,False
M0630_1j79,rfflow_fixed-ligand_run_M0630_1j79_cond26_99-atomized-bb-True,run_M0630_1j79_cond26_99-atomized-bb-True.pdb,35,40,False,True,False
M0636_1uaq,rfflow_fixed-ligand_run_M0636_1uaq_cond27_0-atomized-bb-True,run_M0636_1uaq_cond27_0-atomized-bb-True.pdb,0,40,True,True,True
M0636_1uaq,rfflow_fixed-ligand_run_M0636_1uaq_cond27_1-atomized-bb-True,run_M0636_1uaq_cond27_1-atomized-bb-True.pdb,0,40,True,True,True
M0636_1uaq,rfflow_fixed-ligand_run_M0636_1uaq_cond27_10-atomized-bb-True,run_M0636_1uaq_cond27_10-atomized-bb-True.pdb,0,40,True,True,True
M0636_1uaq,rfflow_fixed-ligand_run_M0636_1uaq_cond27_11-atomized-bb-True,run_M0636_1uaq_cond27_11-atomized-bb-True.pdb,6,40,False,True,False
M0636_1uaq,rfflow_fixed-ligand_run_M0636_1uaq_cond27_12-atomized-bb-True,run_M0636_1uaq_cond27_12-atomized-bb-True.pdb,0,40,True,True,True
M0636_1uaq,rfflow_fixed-ligand_run_M0636_1uaq_cond27_13-atomized-bb-True,run_M0636_1uaq_cond27_13-atomized-bb-True.pdb,5,40,False,True,False
M0636_1uaq,rfflow_fixed-ligand_run_M0636_1uaq_cond27_14-atomized-bb-True,run_M0636_1uaq_cond27_14-atomized-bb-True.pdb,0,40,True,True,True
M0636_1uaq,rfflow_fixed-ligand_run_M0636_1uaq_cond27_15-atomized-bb-True,run_M0636_1uaq_cond27_15-atomized-bb-True.pdb,0,40,True,True,True
M0636_1uaq,rfflow_fixed-ligand_run_M0636_1uaq_cond27_16-atomized-bb-True,run_M0636_1uaq_cond27_16-atomized-bb-True.pdb,24,40,False,True,False
M0636_1uaq,rfflow_fixed-ligand_run_M0636_1uaq_cond27_17-atomized-bb-True,run_M0636_1uaq_cond27_17-atomized-bb-True.pdb,21,40,False,True,False
M0636_1uaq,rfflow_fixed-ligand_run_M0636_1uaq_cond27_18-atomized-bb-True,run_M0636_1uaq_cond27_18-atomized-bb-True.pdb,14,40,False,True,False
M0636_1uaq,rfflow_fixed-ligand_run_M0636_1uaq_cond27_19-atomized-bb-True,run_M0636_1uaq_cond27_19-atomized-bb-True.pdb,40,40,False,True,False
M0636_1uaq,rfflow_fixed-ligand_run_M0636_1uaq_cond27_2-atomized-bb-True,run_M0636_1uaq_cond27_2-atomized-bb-True.pdb,0,40,True,True,True
M0636_1uaq,rfflow_fixed-ligand_run_M0636_1uaq_cond27_20-atomized-bb-True,run_M0636_1uaq_cond27_20-atomized-bb-True.pdb,0,40,True,True,True
M0636_1uaq,rfflow_fixed-ligand_run_M0636_1uaq_cond27_21-atomized-bb-True,run_M0636_1uaq_cond27_21-atomized-bb-True.pdb,9,40,False,True,False
M0636_1uaq,rfflow_fixed-ligand_run_M0636_1uaq_cond27_22-atomized-bb-True,run_M0636_1uaq_cond27_22-atomized-bb-True.pdb,0,40,True,True,True
M0636_1uaq,rfflow_fixed-ligand_run_M0636_1uaq_cond27_23-atomized-bb-True,run_M0636_1uaq_cond27_23-atomized-bb-True.pdb,0,40,True,True,True
M0636_1uaq,rfflow_fixed-ligand_run_M0636_1uaq_cond27_24-atomized-bb-True,run_M0636_1uaq_cond27_24-atomized-bb-True.pdb,16,40,False,True,False
M0636_1uaq,rfflow_fixed-ligand_run_M0636_1uaq_cond27_25-atomized-bb-True,run_M0636_1uaq_cond27_25-atomized-bb-True.pdb,17,40,False,True,False
M0636_1uaq,rfflow_fixed-ligand_run_M0636_1uaq_cond27_26-atomized-bb-True,run_M0636_1uaq_cond27_26-atomized-bb-True.pdb,10,40,False,True,False
M0636_1uaq,rfflow_fixed-ligand_run_M0636_1uaq_cond27_27-atomized-bb-True,run_M0636_1uaq_cond27_27-atomized-bb-True.pdb,0,40,True,True,True
M0636_1uaq,rfflow_fixed-ligand_run_M0636_1uaq_cond27_28-atomized-bb-True,run_M0636_1uaq_cond27_28-atomized-bb-True.pdb,0,40,True,True,True
M0636_1uaq,rfflow_fixed-ligand_run_M0636_1uaq_cond27_29-atomized-bb-True,run_M0636_1uaq_cond27_29-atomized-bb-True.pdb,21,40,False,True,False
M0636_1uaq,rfflow_fixed-ligand_run_M0636_1uaq_cond27_3-atomized-bb-True,run_M0636_1uaq_cond27_3-atomized-bb-True.pdb,0,40,True,True,True
M0636_1uaq,rfflow_fixed-ligand_run_M0636_1uaq_cond27_30-atomized-bb-True,run_M0636_1uaq_cond27_30-atomized-bb-True.pdb,0,40,True,True,True
M0636_1uaq,rfflow_fixed-ligand_run_M0636_1uaq_cond27_31-atomized-bb-True,run_M0636_1uaq_cond27_31-atomized-bb-True.pdb,35,40,False,True,False
M0636_1uaq,rfflow_fixed-ligand_run_M0636_1uaq_cond27_32-atomized-bb-True,run_M0636_1uaq_cond27_32-atomized-bb-True.pdb,0,40,True,True,True
M0636_1uaq,rfflow_fixed-ligand_run_M0636_1uaq_cond27_33-atomized-bb-True,run_M0636_1uaq_cond27_33-atomized-bb-True.pdb,0,40,True,True,True
M0636_1uaq,rfflow_fixed-ligand_run_M0636_1uaq_cond27_34-atomized-bb-True,run_M0636_1uaq_cond27_34-atomized-bb-True.pdb,34,40,False,True,False
M0636_1uaq,rfflow_fixed-ligand_run_M0636_1uaq_cond27_35-atomized-bb-True,run_M0636_1uaq_cond27_35-atomized-bb-True.pdb,6,40,False,True,False
M0636_1uaq,rfflow_fixed-ligand_run_M0636_1uaq_cond27_36-atomized-bb-True,run_M0636_1uaq_cond27_36-atomized-bb-True.pdb,5,40,False,True,False
M0636_1uaq,rfflow_fixed-ligand_run_M0636_1uaq_cond27_37-atomized-bb-True,run_M0636_1uaq_cond27_37-atomized-bb-True.pdb,17,40,False,True,False
M0636_1uaq,rfflow_fixed-ligand_run_M0636_1uaq_cond27_38-atomized-bb-True,run_M0636_1uaq_cond27_38-atomized-bb-True.pdb,24,40,False,True,False
M0636_1uaq,rfflow_fixed-ligand_run_M0636_1uaq_cond27_39-atomized-bb-True,run_M0636_1uaq_cond27_39-atomized-bb-True.pdb,3,40,False,True,False
M0636_1uaq,rfflow_fixed-ligand_run_M0636_1uaq_cond27_4-atomized-bb-True,run_M0636_1uaq_cond27_4-atomized-bb-True.pdb,38,40,False,True,False
M0636_1uaq,rfflow_fixed-ligand_run_M0636_1uaq_cond27_40-atomized-bb-True,run_M0636_1uaq_cond27_40-atomized-bb-True.pdb,9,40,False,True,False
M0636_1uaq,rfflow_fixed-ligand_run_M0636_1uaq_cond27_41-atomized-bb-True,run_M0636_1uaq_cond27_41-atomized-bb-True.pdb,0,40,True,True,True
M0636_1uaq,rfflow_fixed-ligand_run_M0636_1uaq_cond27_42-atomized-bb-True,run_M0636_1uaq_cond27_42-atomized-bb-True.pdb,0,40,True,True,True
M0636_1uaq,rfflow_fixed-ligand_run_M0636_1uaq_cond27_43-atomized-bb-True,run_M0636_1uaq_cond27_43-atomized-bb-True.pdb,0,40,True,True,True
M0636_1uaq,rfflow_fixed-ligand_run_M0636_1uaq_cond27_44-atomized-bb-True,run_M0636_1uaq_cond27_44-atomized-bb-True.pdb,9,40,False,True,False
M0636_1uaq,rfflow_fixed-ligand_run_M0636_1uaq_cond27_45-atomized-bb-True,run_M0636_1uaq_cond27_45-atomized-bb-True.pdb,24,40,False,True,False
M0636_1uaq,rfflow_fixed-ligand_run_M0636_1uaq_cond27_46-atomized-bb-True,run_M0636_1uaq_cond27_46-atomized-bb-True.pdb,10,40,False,True,False
M0636_1uaq,rfflow_fixed-ligand_run_M0636_1uaq_cond27_47-atomized-bb-True,run_M0636_1uaq_cond27_47-atomized-bb-True.pdb,4,40,False,True,False
M0636_1uaq,rfflow_fixed-ligand_run_M0636_1uaq_cond27_48-atomized-bb-True,run_M0636_1uaq_cond27_48-atomized-bb-True.pdb,22,40,False,True,False
M0636_1uaq,rfflow_fixed-ligand_run_M0636_1uaq_cond27_49-atomized-bb-True,run_M0636_1uaq_cond27_49-atomized-bb-True.pdb,0,40,True,True,True
M0636_1uaq,rfflow_fixed-ligand_run_M0636_1uaq_cond27_5-atomized-bb-True,run_M0636_1uaq_cond27_5-atomized-bb-True.pdb,0,40,True,True,True
M0636_1uaq,rfflow_fixed-ligand_run_M0636_1uaq_cond27_50-atomized-bb-True,run_M0636_1uaq_cond27_50-atomized-bb-True.pdb,5,40,False,True,False
M0636_1uaq,rfflow_fixed-ligand_run_M0636_1uaq_cond27_51-atomized-bb-True,run_M0636_1uaq_cond27_51-atomized-bb-True.pdb,1,40,False,True,False
M0636_1uaq,rfflow_fixed-ligand_run_M0636_1uaq_cond27_52-atomized-bb-True,run_M0636_1uaq_cond27_52-atomized-bb-True.pdb,1,40,False,True,False
M0636_1uaq,rfflow_fixed-ligand_run_M0636_1uaq_cond27_53-atomized-bb-True,run_M0636_1uaq_cond27_53-atomized-bb-True.pdb,0,40,True,True,True
M0636_1uaq,rfflow_fixed-ligand_run_M0636_1uaq_cond27_54-atomized-bb-True,run_M0636_1uaq_cond27_54-atomized-bb-True.pdb,0,40,True,True,True
M0636_1uaq,rfflow_fixed-ligand_run_M0636_1uaq_cond27_55-atomized-bb-True,run_M0636_1uaq_cond27_55-atomized-bb-True.pdb,0,40,True,True,True
M0636_1uaq,rfflow_fixed-ligand_run_M0636_1uaq_cond27_56-atomized-bb-True,run_M0636_1uaq_cond27_56-atomized-bb-True.pdb,12,40,False,True,False
M0636_1uaq,rfflow_fixed-ligand_run_M0636_1uaq_cond27_57-atomized-bb-True,run_M0636_1uaq_cond27_57-atomized-bb-True.pdb,4,40,False,True,False
M0636_1uaq,rfflow_fixed-ligand_run_M0636_1uaq_cond27_58-atomized-bb-True,run_M0636_1uaq_cond27_58-atomized-bb-True.pdb,21,40,False,True,False
M0636_1uaq,rfflow_fixed-ligand_run_M0636_1uaq_cond27_59-atomized-bb-True,run_M0636_1uaq_cond27_59-atomized-bb-True.pdb,0,40,True,True,True
M0636_1uaq,rfflow_fixed-ligand_run_M0636_1uaq_cond27_6-atomized-bb-True,run_M0636_1uaq_cond27_6-atomized-bb-True.pdb,0,40,True,True,True
M0636_1uaq,rfflow_fixed-ligand_run_M0636_1uaq_cond27_60-atomized-bb-True,run_M0636_1uaq_cond27_60-atomized-bb-True.pdb,0,40,True,False,False
M0636_1uaq,rfflow_fixed-ligand_run_M0636_1uaq_cond27_61-atomized-bb-True,run_M0636_1uaq_cond27_61-atomized-bb-True.pdb,30,40,False,True,False
M0636_1uaq,rfflow_fixed-ligand_run_M0636_1uaq_cond27_62-atomized-bb-True,run_M0636_1uaq_cond27_62-atomized-bb-True.pdb,3,40,False,True,False
M0636_1uaq,rfflow_fixed-ligand_run_M0636_1uaq_cond27_63-atomized-bb-True,run_M0636_1uaq_cond27_63-atomized-bb-True.pdb,0,40,True,True,True
M0636_1uaq,rfflow_fixed-ligand_run_M0636_1uaq_cond27_64-atomized-bb-True,run_M0636_1uaq_cond27_64-atomized-bb-True.pdb,0,40,True,True,True
M0636_1uaq,rfflow_fixed-ligand_run_M0636_1uaq_cond27_65-atomized-bb-True,run_M0636_1uaq_cond27_65-atomized-bb-True.pdb,0,40,True,True,True
M0636_1uaq,rfflow_fixed-ligand_run_M0636_1uaq_cond27_66-atomized-bb-True,run_M0636_1uaq_cond27_66-atomized-bb-True.pdb,0,40,True,True,True
M0636_1uaq,rfflow_fixed-ligand_run_M0636_1uaq_cond27_67-atomized-bb-True,run_M0636_1uaq_cond27_67-atomized-bb-True.pdb,0,40,True,False,False
M0636_1uaq,rfflow_fixed-ligand_run_M0636_1uaq_cond27_68-atomized-bb-True,run_M0636_1uaq_cond27_68-atomized-bb-True.pdb,24,40,False,True,False
M0636_1uaq,rfflow_fixed-ligand_run_M0636_1uaq_cond27_69-atomized-bb-True,run_M0636_1uaq_cond27_69-atomized-bb-True.pdb,20,40,False,True,False
M0636_1uaq,rfflow_fixed-ligand_run_M0636_1uaq_cond27_7-atomized-bb-True,run_M0636_1uaq_cond27_7-atomized-bb-True.pdb,5,40,False,True,False
M0636_1uaq,rfflow_fixed-ligand_run_M0636_1uaq_cond27_70-atomized-bb-True,run_M0636_1uaq_cond27_70-atomized-bb-True.pdb,0,40,True,True,True
M0636_1uaq,rfflow_fixed-ligand_run_M0636_1uaq_cond27_71-atomized-bb-True,run_M0636_1uaq_cond27_71-atomized-bb-True.pdb,0,40,True,True,True
M0636_1uaq,rfflow_fixed-ligand_run_M0636_1uaq_cond27_72-atomized-bb-True,run_M0636_1uaq_cond27_72-atomized-bb-True.pdb,10,40,False,True,False
M0636_1uaq,rfflow_fixed-ligand_run_M0636_1uaq_cond27_73-atomized-bb-True,run_M0636_1uaq_cond27_73-atomized-bb-True.pdb,1,40,False,True,False
M0636_1uaq,rfflow_fixed-ligand_run_M0636_1uaq_cond27_74-atomized-bb-True,run_M0636_1uaq_cond27_74-atomized-bb-True.pdb,11,40,False,True,False
M0636_1uaq,rfflow_fixed-ligand_run_M0636_1uaq_cond27_75-atomized-bb-True,run_M0636_1uaq_cond27_75-atomized-bb-True.pdb,10,40,False,True,False
M0636_1uaq,rfflow_fixed-ligand_run_M0636_1uaq_cond27_76-atomized-bb-True,run_M0636_1uaq_cond27_76-atomized-bb-True.pdb,0,40,True,True,True
M0636_1uaq,rfflow_fixed-ligand_run_M0636_1uaq_cond27_77-atomized-bb-True,run_M0636_1uaq_cond27_77-atomized-bb-True.pdb,0,40,True,True,True
M0636_1uaq,rfflow_fixed-ligand_run_M0636_1uaq_cond27_78-atomized-bb-True,run_M0636_1uaq_cond27_78-atomized-bb-True.pdb,0,40,True,True,True
M0636_1uaq,rfflow_fixed-ligand_run_M0636_1uaq_cond27_79-atomized-bb-True,run_M0636_1uaq_cond27_79-atomized-bb-True.pdb,0,40,True,True,True
M0636_1uaq,rfflow_fixed-ligand_run_M0636_1uaq_cond27_8-atomized-bb-True,run_M0636_1uaq_cond27_8-atomized-bb-True.pdb,3,40,False,True,False
M0636_1uaq,rfflow_fixed-ligand_run_M0636_1uaq_cond27_80-atomized-bb-True,run_M0636_1uaq_cond27_80-atomized-bb-True.pdb,6,40,False,True,False
M0636_1uaq,rfflow_fixed-ligand_run_M0636_1uaq_cond27_81-atomized-bb-True,run_M0636_1uaq_cond27_81-atomized-bb-True.pdb,0,40,True,True,True
M0636_1uaq,rfflow_fixed-ligand_run_M0636_1uaq_cond27_82-atomized-bb-True,run_M0636_1uaq_cond27_82-atomized-bb-True.pdb,0,40,True,True,True
M0636_1uaq,rfflow_fixed-ligand_run_M0636_1uaq_cond27_83-atomized-bb-True,run_M0636_1uaq_cond27_83-atomized-bb-True.pdb,0,40,True,True,True
M0636_1uaq,rfflow_fixed-ligand_run_M0636_1uaq_cond27_84-atomized-bb-True,run_M0636_1uaq_cond27_84-atomized-bb-True.pdb,0,40,True,True,True
M0636_1uaq,rfflow_fixed-ligand_run_M0636_1uaq_cond27_85-atomized-bb-True,run_M0636_1uaq_cond27_85-atomized-bb-True.pdb,22,40,False,True,False
M0636_1uaq,rfflow_fixed-ligand_run_M0636_1uaq_cond27_86-atomized-bb-True,run_M0636_1uaq_cond27_86-atomized-bb-True.pdb,22,40,False,True,False
M0636_1uaq,rfflow_fixed-ligand_run_M0636_1uaq_cond27_87-atomized-bb-True,run_M0636_1uaq_cond27_87-atomized-bb-True.pdb,0,40,True,True,True
M0636_1uaq,rfflow_fixed-ligand_run_M0636_1uaq_cond27_88-atomized-bb-True,run_M0636_1uaq_cond27_88-atomized-bb-True.pdb,11,40,False,True,False
M0636_1uaq,rfflow_fixed-ligand_run_M0636_1uaq_cond27_89-atomized-bb-True,run_M0636_1uaq_cond27_89-atomized-bb-True.pdb,1,40,False,True,False
M0636_1uaq,rfflow_fixed-ligand_run_M0636_1uaq_cond27_9-atomized-bb-True,run_M0636_1uaq_cond27_9-atomized-bb-True.pdb,5,40,False,True,False
M0636_1uaq,rfflow_fixed-ligand_run_M0636_1uaq_cond27_90-atomized-bb-True,run_M0636_1uaq_cond27_90-atomized-bb-True.pdb,0,40,True,True,True
M0636_1uaq,rfflow_fixed-ligand_run_M0636_1uaq_cond27_91-atomized-bb-True,run_M0636_1uaq_cond27_91-atomized-bb-True.pdb,4,40,False,True,False
M0636_1uaq,rfflow_fixed-ligand_run_M0636_1uaq_cond27_92-atomized-bb-True,run_M0636_1uaq_cond27_92-atomized-bb-True.pdb,37,40,False,True,False
M0636_1uaq,rfflow_fixed-ligand_run_M0636_1uaq_cond27_93-atomized-bb-True,run_M0636_1uaq_cond27_93-atomized-bb-True.pdb,0,40,True,True,True
M0636_1uaq,rfflow_fixed-ligand_run_M0636_1uaq_cond27_94-atomized-bb-True,run_M0636_1uaq_cond27_94-atomized-bb-True.pdb,8,40,False,True,False
M0636_1uaq,rfflow_fixed-ligand_run_M0636_1uaq_cond27_95-atomized-bb-True,run_M0636_1uaq_cond27_95-atomized-bb-True.pdb,7,40,False,True,False
M0636_1uaq,rfflow_fixed-ligand_run_M0636_1uaq_cond27_96-atomized-bb-True,run_M0636_1uaq_cond27_96-atomized-bb-True.pdb,0,40,True,True,True
M0636_1uaq,rfflow_fixed-ligand_run_M0636_1uaq_cond27_97-atomized-bb-True,run_M0636_1uaq_cond27_97-atomized-bb-True.pdb,0,40,True,True,True
M0636_1uaq,rfflow_fixed-ligand_run_M0636_1uaq_cond27_98-atomized-bb-True,run_M0636_1uaq_cond27_98-atomized-bb-True.pdb,0,40,True,True,True
M0636_1uaq,rfflow_fixed-ligand_run_M0636_1uaq_cond27_99-atomized-bb-True,run_M0636_1uaq_cond27_99-atomized-bb-True.pdb,0,40,True,True,True
M0663_1rk2,rfflow_fixed-ligand_run_M0663_1rk2_cond28_0-atomized-bb-True,run_M0663_1rk2_cond28_0-atomized-bb-True.pdb,2,40,False,True,False
M0663_1rk2,rfflow_fixed-ligand_run_M0663_1rk2_cond28_1-atomized-bb-True,run_M0663_1rk2_cond28_1-atomized-bb-True.pdb,0,40,True,True,True
M0663_1rk2,rfflow_fixed-ligand_run_M0663_1rk2_cond28_10-atomized-bb-True,run_M0663_1rk2_cond28_10-atomized-bb-True.pdb,0,40,True,True,True
M0663_1rk2,rfflow_fixed-ligand_run_M0663_1rk2_cond28_11-atomized-bb-True,run_M0663_1rk2_cond28_11-atomized-bb-True.pdb,23,40,False,True,False
M0663_1rk2,rfflow_fixed-ligand_run_M0663_1rk2_cond28_12-atomized-bb-True,run_M0663_1rk2_cond28_12-atomized-bb-True.pdb,7,40,False,True,False
M0663_1rk2,rfflow_fixed-ligand_run_M0663_1rk2_cond28_13-atomized-bb-True,run_M0663_1rk2_cond28_13-atomized-bb-True.pdb,1,40,False,True,False
M0663_1rk2,rfflow_fixed-ligand_run_M0663_1rk2_cond28_14-atomized-bb-True,run_M0663_1rk2_cond28_14-atomized-bb-True.pdb,0,40,True,True,True
M0663_1rk2,rfflow_fixed-ligand_run_M0663_1rk2_cond28_15-atomized-bb-True,run_M0663_1rk2_cond28_15-atomized-bb-True.pdb,0,40,True,True,True
M0663_1rk2,rfflow_fixed-ligand_run_M0663_1rk2_cond28_16-atomized-bb-True,run_M0663_1rk2_cond28_16-atomized-bb-True.pdb,4,40,False,True,False
M0663_1rk2,rfflow_fixed-ligand_run_M0663_1rk2_cond28_17-atomized-bb-True,run_M0663_1rk2_cond28_17-atomized-bb-True.pdb,0,40,True,True,True
M0663_1rk2,rfflow_fixed-ligand_run_M0663_1rk2_cond28_18-atomized-bb-True,run_M0663_1rk2_cond28_18-atomized-bb-True.pdb,0,40,True,True,True
M0663_1rk2,rfflow_fixed-ligand_run_M0663_1rk2_cond28_19-atomized-bb-True,run_M0663_1rk2_cond28_19-atomized-bb-True.pdb,0,40,True,True,True
M0663_1rk2,rfflow_fixed-ligand_run_M0663_1rk2_cond28_2-atomized-bb-True,run_M0663_1rk2_cond28_2-atomized-bb-True.pdb,0,40,True,True,True
M0663_1rk2,rfflow_fixed-ligand_run_M0663_1rk2_cond28_20-atomized-bb-True,run_M0663_1rk2_cond28_20-atomized-bb-True.pdb,0,40,True,True,True
M0663_1rk2,rfflow_fixed-ligand_run_M0663_1rk2_cond28_21-atomized-bb-True,run_M0663_1rk2_cond28_21-atomized-bb-True.pdb,0,40,True,True,True
M0663_1rk2,rfflow_fixed-ligand_run_M0663_1rk2_cond28_22-atomized-bb-True,run_M0663_1rk2_cond28_22-atomized-bb-True.pdb,32,40,False,True,False
M0663_1rk2,rfflow_fixed-ligand_run_M0663_1rk2_cond28_23-atomized-bb-True,run_M0663_1rk2_cond28_23-atomized-bb-True.pdb,11,40,False,True,False
M0663_1rk2,rfflow_fixed-ligand_run_M0663_1rk2_cond28_24-atomized-bb-True,run_M0663_1rk2_cond28_24-atomized-bb-True.pdb,0,40,True,True,True
M0663_1rk2,rfflow_fixed-ligand_run_M0663_1rk2_cond28_25-atomized-bb-True,run_M0663_1rk2_cond28_25-atomized-bb-True.pdb,0,40,True,True,True
M0663_1rk2,rfflow_fixed-ligand_run_M0663_1rk2_cond28_26-atomized-bb-True,run_M0663_1rk2_cond28_26-atomized-bb-True.pdb,0,40,True,True,True
M0663_1rk2,rfflow_fixed-ligand_run_M0663_1rk2_cond28_27-atomized-bb-True,run_M0663_1rk2_cond28_27-atomized-bb-True.pdb,4,40,False,True,False
M0663_1rk2,rfflow_fixed-ligand_run_M0663_1rk2_cond28_28-atomized-bb-True,run_M0663_1rk2_cond28_28-atomized-bb-True.pdb,0,40,True,False,False
M0663_1rk2,rfflow_fixed-ligand_run_M0663_1rk2_cond28_29-atomized-bb-True,run_M0663_1rk2_cond28_29-atomized-bb-True.pdb,0,40,True,False,False
M0663_1rk2,rfflow_fixed-ligand_run_M0663_1rk2_cond28_3-atomized-bb-True,run_M0663_1rk2_cond28_3-atomized-bb-True.pdb,0,40,True,False,False
M0663_1rk2,rfflow_fixed-ligand_run_M0663_1rk2_cond28_30-atomized-bb-True,run_M0663_1rk2_cond28_30-atomized-bb-True.pdb,0,40,True,True,True
M0663_1rk2,rfflow_fixed-ligand_run_M0663_1rk2_cond28_31-atomized-bb-True,run_M0663_1rk2_cond28_31-atomized-bb-True.pdb,0,40,True,True,True
M0663_1rk2,rfflow_fixed-ligand_run_M0663_1rk2_cond28_32-atomized-bb-True,run_M0663_1rk2_cond28_32-atomized-bb-True.pdb,0,40,True,False,False
M0663_1rk2,rfflow_fixed-ligand_run_M0663_1rk2_cond28_33-atomized-bb-True,run_M0663_1rk2_cond28_33-atomized-bb-True.pdb,25,40,False,True,False
M0663_1rk2,rfflow_fixed-ligand_run_M0663_1rk2_cond28_34-atomized-bb-True,run_M0663_1rk2_cond28_34-atomized-bb-True.pdb,40,40,False,True,False
M0663_1rk2,rfflow_fixed-ligand_run_M0663_1rk2_cond28_35-atomized-bb-True,run_M0663_1rk2_cond28_35-atomized-bb-True.pdb,1,40,False,True,False
M0663_1rk2,rfflow_fixed-ligand_run_M0663_1rk2_cond28_36-atomized-bb-True,run_M0663_1rk2_cond28_36-atomized-bb-True.pdb,3,40,False,True,False
M0663_1rk2,rfflow_fixed-ligand_run_M0663_1rk2_cond28_37-atomized-bb-True,run_M0663_1rk2_cond28_37-atomized-bb-True.pdb,18,40,False,True,False
M0663_1rk2,rfflow_fixed-ligand_run_M0663_1rk2_cond28_38-atomized-bb-True,run_M0663_1rk2_cond28_38-atomized-bb-True.pdb,0,40,True,True,True
M0663_1rk2,rfflow_fixed-ligand_run_M0663_1rk2_cond28_39-atomized-bb-True,run_M0663_1rk2_cond28_39-atomized-bb-True.pdb,0,40,True,True,True
M0663_1rk2,rfflow_fixed-ligand_run_M0663_1rk2_cond28_4-atomized-bb-True,run_M0663_1rk2_cond28_4-atomized-bb-True.pdb,0,40,True,True,True
M0663_1rk2,rfflow_fixed-ligand_run_M0663_1rk2_cond28_40-atomized-bb-True,run_M0663_1rk2_cond28_40-atomized-bb-True.pdb,0,40,True,True,True
M0663_1rk2,rfflow_fixed-ligand_run_M0663_1rk2_cond28_41-atomized-bb-True,run_M0663_1rk2_cond28_41-atomized-bb-True.pdb,0,40,True,True,True
M0663_1rk2,rfflow_fixed-ligand_run_M0663_1rk2_cond28_42-atomized-bb-True,run_M0663_1rk2_cond28_42-atomized-bb-True.pdb,0,40,True,True,True
M0663_1rk2,rfflow_fixed-ligand_run_M0663_1rk2_cond28_43-atomized-bb-True,run_M0663_1rk2_cond28_43-atomized-bb-True.pdb,0,40,True,True,True
M0663_1rk2,rfflow_fixed-ligand_run_M0663_1rk2_cond28_44-atomized-bb-True,run_M0663_1rk2_cond28_44-atomized-bb-True.pdb,0,40,True,True,True
M0663_1rk2,rfflow_fixed-ligand_run_M0663_1rk2_cond28_45-atomized-bb-True,run_M0663_1rk2_cond28_45-atomized-bb-True.pdb,0,40,True,True,True
M0663_1rk2,rfflow_fixed-ligand_run_M0663_1rk2_cond28_46-atomized-bb-True,run_M0663_1rk2_cond28_46-atomized-bb-True.pdb,27,40,False,True,False
M0663_1rk2,rfflow_fixed-ligand_run_M0663_1rk2_cond28_47-atomized-bb-True,run_M0663_1rk2_cond28_47-atomized-bb-True.pdb,0,40,True,True,True
M0663_1rk2,rfflow_fixed-ligand_run_M0663_1rk2_cond28_48-atomized-bb-True,run_M0663_1rk2_cond28_48-atomized-bb-True.pdb,9,40,False,True,False
M0663_1rk2,rfflow_fixed-ligand_run_M0663_1rk2_cond28_49-atomized-bb-True,run_M0663_1rk2_cond28_49-atomized-bb-True.pdb,0,40,True,True,True
M0663_1rk2,rfflow_fixed-ligand_run_M0663_1rk2_cond28_5-atomized-bb-True,run_M0663_1rk2_cond28_5-atomized-bb-True.pdb,0,40,True,True,True
M0663_1rk2,rfflow_fixed-ligand_run_M0663_1rk2_cond28_50-atomized-bb-True,run_M0663_1rk2_cond28_50-atomized-bb-True.pdb,0,40,True,True,True
M0663_1rk2,rfflow_fixed-ligand_run_M0663_1rk2_cond28_51-atomized-bb-True,run_M0663_1rk2_cond28_51-atomized-bb-True.pdb,0,40,True,True,True
M0663_1rk2,rfflow_fixed-ligand_run_M0663_1rk2_cond28_52-atomized-bb-True,run_M0663_1rk2_cond28_52-atomized-bb-True.pdb,0,40,True,True,True
M0663_1rk2,rfflow_fixed-ligand_run_M0663_1rk2_cond28_53-atomized-bb-True,run_M0663_1rk2_cond28_53-atomized-bb-True.pdb,27,40,False,True,False
M0663_1rk2,rfflow_fixed-ligand_run_M0663_1rk2_cond28_54-atomized-bb-True,run_M0663_1rk2_cond28_54-atomized-bb-True.pdb,11,40,False,True,False
M0663_1rk2,rfflow_fixed-ligand_run_M0663_1rk2_cond28_55-atomized-bb-True,run_M0663_1rk2_cond28_55-atomized-bb-True.pdb,0,40,True,True,True
M0663_1rk2,rfflow_fixed-ligand_run_M0663_1rk2_cond28_56-atomized-bb-True,run_M0663_1rk2_cond28_56-atomized-bb-True.pdb,0,40,True,True,True
M0663_1rk2,rfflow_fixed-ligand_run_M0663_1rk2_cond28_57-atomized-bb-True,run_M0663_1rk2_cond28_57-atomized-bb-True.pdb,0,40,True,True,True
M0663_1rk2,rfflow_fixed-ligand_run_M0663_1rk2_cond28_58-atomized-bb-True,run_M0663_1rk2_cond28_58-atomized-bb-True.pdb,22,40,False,True,False
M0663_1rk2,rfflow_fixed-ligand_run_M0663_1rk2_cond28_59-atomized-bb-True,run_M0663_1rk2_cond28_59-atomized-bb-True.pdb,0,40,True,True,True
M0663_1rk2,rfflow_fixed-ligand_run_M0663_1rk2_cond28_6-atomized-bb-True,run_M0663_1rk2_cond28_6-atomized-bb-True.pdb,0,40,True,True,True
M0663_1rk2,rfflow_fixed-ligand_run_M0663_1rk2_cond28_60-atomized-bb-True,run_M0663_1rk2_cond28_60-atomized-bb-True.pdb,40,40,False,True,False
M0663_1rk2,rfflow_fixed-ligand_run_M0663_1rk2_cond28_61-atomized-bb-True,run_M0663_1rk2_cond28_61-atomized-bb-True.pdb,0,40,True,True,True
M0663_1rk2,rfflow_fixed-ligand_run_M0663_1rk2_cond28_62-atomized-bb-True,run_M0663_1rk2_cond28_62-atomized-bb-True.pdb,3,40,False,True,False
M0663_1rk2,rfflow_fixed-ligand_run_M0663_1rk2_cond28_63-atomized-bb-True,run_M0663_1rk2_cond28_63-atomized-bb-True.pdb,0,40,True,True,True
M0663_1rk2,rfflow_fixed-ligand_run_M0663_1rk2_cond28_64-atomized-bb-True,run_M0663_1rk2_cond28_64-atomized-bb-True.pdb,40,40,False,True,False
M0663_1rk2,rfflow_fixed-ligand_run_M0663_1rk2_cond28_65-atomized-bb-True,run_M0663_1rk2_cond28_65-atomized-bb-True.pdb,0,40,True,True,True
M0663_1rk2,rfflow_fixed-ligand_run_M0663_1rk2_cond28_66-atomized-bb-True,run_M0663_1rk2_cond28_66-atomized-bb-True.pdb,0,40,True,True,True
M0663_1rk2,rfflow_fixed-ligand_run_M0663_1rk2_cond28_67-atomized-bb-True,run_M0663_1rk2_cond28_67-atomized-bb-True.pdb,0,40,True,False,False
M0663_1rk2,rfflow_fixed-ligand_run_M0663_1rk2_cond28_68-atomized-bb-True,run_M0663_1rk2_cond28_68-atomized-bb-True.pdb,0,40,True,True,True
M0663_1rk2,rfflow_fixed-ligand_run_M0663_1rk2_cond28_69-atomized-bb-True,run_M0663_1rk2_cond28_69-atomized-bb-True.pdb,1,40,False,True,False
M0663_1rk2,rfflow_fixed-ligand_run_M0663_1rk2_cond28_7-atomized-bb-True,run_M0663_1rk2_cond28_7-atomized-bb-True.pdb,31,40,False,True,False
M0663_1rk2,rfflow_fixed-ligand_run_M0663_1rk2_cond28_70-atomized-bb-True,run_M0663_1rk2_cond28_70-atomized-bb-True.pdb,0,40,True,True,True
M0663_1rk2,rfflow_fixed-ligand_run_M0663_1rk2_cond28_71-atomized-bb-True,run_M0663_1rk2_cond28_71-atomized-bb-True.pdb,40,40,False,True,False
M0663_1rk2,rfflow_fixed-ligand_run_M0663_1rk2_cond28_72-atomized-bb-True,run_M0663_1rk2_cond28_72-atomized-bb-True.pdb,0,40,True,True,True
M0663_1rk2,rfflow_fixed-ligand_run_M0663_1rk2_cond28_73-atomized-bb-True,run_M0663_1rk2_cond28_73-atomized-bb-True.pdb,0,40,True,True,True
M0663_1rk2,rfflow_fixed-ligand_run_M0663_1rk2_cond28_74-atomized-bb-True,run_M0663_1rk2_cond28_74-atomized-bb-True.pdb,10,40,False,True,False
M0663_1rk2,rfflow_fixed-ligand_run_M0663_1rk2_cond28_75-atomized-bb-True,run_M0663_1rk2_cond28_75-atomized-bb-True.pdb,0,40,True,True,True
M0663_1rk2,rfflow_fixed-ligand_run_M0663_1rk2_cond28_76-atomized-bb-True,run_M0663_1rk2_cond28_76-atomized-bb-True.pdb,0,40,True,True,True
M0663_1rk2,rfflow_fixed-ligand_run_M0663_1rk2_cond28_77-atomized-bb-True,run_M0663_1rk2_cond28_77-atomized-bb-True.pdb,0,40,True,True,True
M0663_1rk2,rfflow_fixed-ligand_run_M0663_1rk2_cond28_78-atomized-bb-True,run_M0663_1rk2_cond28_78-atomized-bb-True.pdb,30,40,False,True,False
M0663_1rk2,rfflow_fixed-ligand_run_M0663_1rk2_cond28_79-atomized-bb-True,run_M0663_1rk2_cond28_79-atomized-bb-True.pdb,0,40,True,True,True
M0663_1rk2,rfflow_fixed-ligand_run_M0663_1rk2_cond28_8-atomized-bb-True,run_M0663_1rk2_cond28_8-atomized-bb-True.pdb,0,40,True,True,True
M0663_1rk2,rfflow_fixed-ligand_run_M0663_1rk2_cond28_80-atomized-bb-True,run_M0663_1rk2_cond28_80-atomized-bb-True.pdb,4,40,False,True,False
M0663_1rk2,rfflow_fixed-ligand_run_M0663_1rk2_cond28_81-atomized-bb-True,run_M0663_1rk2_cond28_81-atomized-bb-True.pdb,3,40,False,True,False
M0663_1rk2,rfflow_fixed-ligand_run_M0663_1rk2_cond28_82-atomized-bb-True,run_M0663_1rk2_cond28_82-atomized-bb-True.pdb,8,40,False,True,False
M0663_1rk2,rfflow_fixed-ligand_run_M0663_1rk2_cond28_83-atomized-bb-True,run_M0663_1rk2_cond28_83-atomized-bb-True.pdb,2,40,False,True,False
M0663_1rk2,rfflow_fixed-ligand_run_M0663_1rk2_cond28_84-atomized-bb-True,run_M0663_1rk2_cond28_84-atomized-bb-True.pdb,0,40,True,True,True
M0663_1rk2,rfflow_fixed-ligand_run_M0663_1rk2_cond28_85-atomized-bb-True,run_M0663_1rk2_cond28_85-atomized-bb-True.pdb,0,40,True,True,True
M0663_1rk2,rfflow_fixed-ligand_run_M0663_1rk2_cond28_86-atomized-bb-True,run_M0663_1rk2_cond28_86-atomized-bb-True.pdb,0,40,True,False,False
M0663_1rk2,rfflow_fixed-ligand_run_M0663_1rk2_cond28_87-atomized-bb-True,run_M0663_1rk2_cond28_87-atomized-bb-True.pdb,30,40,False,True,False
M0663_1rk2,rfflow_fixed-ligand_run_M0663_1rk2_cond28_88-atomized-bb-True,run_M0663_1rk2_cond28_88-atomized-bb-True.pdb,0,40,True,True,True
M0663_1rk2,rfflow_fixed-ligand_run_M0663_1rk2_cond28_89-atomized-bb-True,run_M0663_1rk2_cond28_89-atomized-bb-True.pdb,0,40,True,True,True
M0663_1rk2,rfflow_fixed-ligand_run_M0663_1rk2_cond28_9-atomized-bb-True,run_M0663_1rk2_cond28_9-atomized-bb-True.pdb,0,40,True,True,True
M0663_1rk2,rfflow_fixed-ligand_run_M0663_1rk2_cond28_90-atomized-bb-True,run_M0663_1rk2_cond28_90-atomized-bb-True.pdb,0,40,True,True,True
M0663_1rk2,rfflow_fixed-ligand_run_M0663_1rk2_cond28_91-atomized-bb-True,run_M0663_1rk2_cond28_91-atomized-bb-True.pdb,0,40,True,True,True
M0663_1rk2,rfflow_fixed-ligand_run_M0663_1rk2_cond28_92-atomized-bb-True,run_M0663_1rk2_cond28_92-atomized-bb-True.pdb,1,40,False,True,False
M0663_1rk2,rfflow_fixed-ligand_run_M0663_1rk2_cond28_93-atomized-bb-True,run_M0663_1rk2_cond28_93-atomized-bb-True.pdb,18,40,False,True,False
M0663_1rk2,rfflow_fixed-ligand_run_M0663_1rk2_cond28_94-atomized-bb-True,run_M0663_1rk2_cond28_94-atomized-bb-True.pdb,37,40,False,True,False
M0663_1rk2,rfflow_fixed-ligand_run_M0663_1rk2_cond28_95-atomized-bb-True,run_M0663_1rk2_cond28_95-atomized-bb-True.pdb,40,40,False,True,False
M0663_1rk2,rfflow_fixed-ligand_run_M0663_1rk2_cond28_96-atomized-bb-True,run_M0663_1rk2_cond28_96-atomized-bb-True.pdb,8,40,False,True,False
M0663_1rk2,rfflow_fixed-ligand_run_M0663_1rk2_cond28_97-atomized-bb-True,run_M0663_1rk2_cond28_97-atomized-bb-True.pdb,0,40,True,True,True
M0663_1rk2,rfflow_fixed-ligand_run_M0663_1rk2_cond28_98-atomized-bb-True,run_M0663_1rk2_cond28_98-atomized-bb-True.pdb,0,40,True,True,True
M0663_1rk2,rfflow_fixed-ligand_run_M0663_1rk2_cond28_99-atomized-bb-True,run_M0663_1rk2_cond28_99-atomized-bb-True.pdb,29,40,False,True,False
M0664_2dhn,rfflow_fixed-ligand_run_M0664_2dhn_cond29_0-atomized-bb-True,run_M0664_2dhn_cond29_0-atomized-bb-True.pdb,7,40,False,True,False
M0664_2dhn,rfflow_fixed-ligand_run_M0664_2dhn_cond29_1-atomized-bb-True,run_M0664_2dhn_cond29_1-atomized-bb-True.pdb,1,40,False,True,False
M0664_2dhn,rfflow_fixed-ligand_run_M0664_2dhn_cond29_10-atomized-bb-True,run_M0664_2dhn_cond29_10-atomized-bb-True.pdb,38,40,False,True,False
M0664_2dhn,rfflow_fixed-ligand_run_M0664_2dhn_cond29_11-atomized-bb-True,run_M0664_2dhn_cond29_11-atomized-bb-True.pdb,40,40,False,True,False
M0664_2dhn,rfflow_fixed-ligand_run_M0664_2dhn_cond29_12-atomized-bb-True,run_M0664_2dhn_cond29_12-atomized-bb-True.pdb,36,40,False,True,False
M0664_2dhn,rfflow_fixed-ligand_run_M0664_2dhn_cond29_13-atomized-bb-True,run_M0664_2dhn_cond29_13-atomized-bb-True.pdb,19,40,False,True,False
M0664_2dhn,rfflow_fixed-ligand_run_M0664_2dhn_cond29_14-atomized-bb-True,run_M0664_2dhn_cond29_14-atomized-bb-True.pdb,25,40,False,True,False
M0664_2dhn,rfflow_fixed-ligand_run_M0664_2dhn_cond29_15-atomized-bb-True,run_M0664_2dhn_cond29_15-atomized-bb-True.pdb,18,40,False,True,False
M0664_2dhn,rfflow_fixed-ligand_run_M0664_2dhn_cond29_16-atomized-bb-True,run_M0664_2dhn_cond29_16-atomized-bb-True.pdb,35,40,False,True,False
M0664_2dhn,rfflow_fixed-ligand_run_M0664_2dhn_cond29_17-atomized-bb-True,run_M0664_2dhn_cond29_17-atomized-bb-True.pdb,14,40,False,True,False
M0664_2dhn,rfflow_fixed-ligand_run_M0664_2dhn_cond29_18-atomized-bb-True,run_M0664_2dhn_cond29_18-atomized-bb-True.pdb,4,40,False,True,False
M0664_2dhn,rfflow_fixed-ligand_run_M0664_2dhn_cond29_19-atomized-bb-True,run_M0664_2dhn_cond29_19-atomized-bb-True.pdb,20,40,False,True,False
M0664_2dhn,rfflow_fixed-ligand_run_M0664_2dhn_cond29_2-atomized-bb-True,run_M0664_2dhn_cond29_2-atomized-bb-True.pdb,19,40,False,True,False
M0664_2dhn,rfflow_fixed-ligand_run_M0664_2dhn_cond29_20-atomized-bb-True,run_M0664_2dhn_cond29_20-atomized-bb-True.pdb,17,40,False,True,False
M0664_2dhn,rfflow_fixed-ligand_run_M0664_2dhn_cond29_21-atomized-bb-True,run_M0664_2dhn_cond29_21-atomized-bb-True.pdb,8,40,False,True,False
M0664_2dhn,rfflow_fixed-ligand_run_M0664_2dhn_cond29_22-atomized-bb-True,run_M0664_2dhn_cond29_22-atomized-bb-True.pdb,38,40,False,True,False
M0664_2dhn,rfflow_fixed-ligand_run_M0664_2dhn_cond29_23-atomized-bb-True,run_M0664_2dhn_cond29_23-atomized-bb-True.pdb,0,40,True,False,False
M0664_2dhn,rfflow_fixed-ligand_run_M0664_2dhn_cond29_24-atomized-bb-True,run_M0664_2dhn_cond29_24-atomized-bb-True.pdb,26,40,False,True,False
M0664_2dhn,rfflow_fixed-ligand_run_M0664_2dhn_cond29_25-atomized-bb-True,run_M0664_2dhn_cond29_25-atomized-bb-True.pdb,17,40,False,True,False
M0664_2dhn,rfflow_fixed-ligand_run_M0664_2dhn_cond29_26-atomized-bb-True,run_M0664_2dhn_cond29_26-atomized-bb-True.pdb,35,40,False,True,False
M0664_2dhn,rfflow_fixed-ligand_run_M0664_2dhn_cond29_27-atomized-bb-True,run_M0664_2dhn_cond29_27-atomized-bb-True.pdb,0,40,True,True,True
M0664_2dhn,rfflow_fixed-ligand_run_M0664_2dhn_cond29_28-atomized-bb-True,run_M0664_2dhn_cond29_28-atomized-bb-True.pdb,25,40,False,True,False
M0664_2dhn,rfflow_fixed-ligand_run_M0664_2dhn_cond29_29-atomized-bb-True,run_M0664_2dhn_cond29_29-atomized-bb-True.pdb,40,40,False,True,False
M0664_2dhn,rfflow_fixed-ligand_run_M0664_2dhn_cond29_3-atomized-bb-True,run_M0664_2dhn_cond29_3-atomized-bb-True.pdb,1,40,False,True,False
M0664_2dhn,rfflow_fixed-ligand_run_M0664_2dhn_cond29_30-atomized-bb-True,run_M0664_2dhn_cond29_30-atomized-bb-True.pdb,0,40,True,True,True
M0664_2dhn,rfflow_fixed-ligand_run_M0664_2dhn_cond29_31-atomized-bb-True,run_M0664_2dhn_cond29_31-atomized-bb-True.pdb,0,40,True,True,True
M0664_2dhn,rfflow_fixed-ligand_run_M0664_2dhn_cond29_32-atomized-bb-True,run_M0664_2dhn_cond29_32-atomized-bb-True.pdb,0,40,True,True,True
M0664_2dhn,rfflow_fixed-ligand_run_M0664_2dhn_cond29_33-atomized-bb-True,run_M0664_2dhn_cond29_33-atomized-bb-True.pdb,10,40,False,True,False
M0664_2dhn,rfflow_fixed-ligand_run_M0664_2dhn_cond29_34-atomized-bb-True,run_M0664_2dhn_cond29_34-atomized-bb-True.pdb,15,40,False,True,False
M0664_2dhn,rfflow_fixed-ligand_run_M0664_2dhn_cond29_35-atomized-bb-True,run_M0664_2dhn_cond29_35-atomized-bb-True.pdb,12,40,False,True,False
M0664_2dhn,rfflow_fixed-ligand_run_M0664_2dhn_cond29_36-atomized-bb-True,run_M0664_2dhn_cond29_36-atomized-bb-True.pdb,4,40,False,True,False
M0664_2dhn,rfflow_fixed-ligand_run_M0664_2dhn_cond29_37-atomized-bb-True,run_M0664_2dhn_cond29_37-atomized-bb-True.pdb,3,40,False,True,False
M0664_2dhn,rfflow_fixed-ligand_run_M0664_2dhn_cond29_38-atomized-bb-True,run_M0664_2dhn_cond29_38-atomized-bb-True.pdb,3,40,False,True,False
M0664_2dhn,rfflow_fixed-ligand_run_M0664_2dhn_cond29_39-atomized-bb-True,run_M0664_2dhn_cond29_39-atomized-bb-True.pdb,11,40,False,True,False
M0664_2dhn,rfflow_fixed-ligand_run_M0664_2dhn_cond29_4-atomized-bb-True,run_M0664_2dhn_cond29_4-atomized-bb-True.pdb,30,40,False,True,False
M0664_2dhn,rfflow_fixed-ligand_run_M0664_2dhn_cond29_40-atomized-bb-True,run_M0664_2dhn_cond29_40-atomized-bb-True.pdb,0,40,True,True,True
M0664_2dhn,rfflow_fixed-ligand_run_M0664_2dhn_cond29_41-atomized-bb-True,run_M0664_2dhn_cond29_41-atomized-bb-True.pdb,11,40,False,True,False
M0664_2dhn,rfflow_fixed-ligand_run_M0664_2dhn_cond29_42-atomized-bb-True,run_M0664_2dhn_cond29_42-atomized-bb-True.pdb,26,40,False,True,False
M0664_2dhn,rfflow_fixed-ligand_run_M0664_2dhn_cond29_43-atomized-bb-True,run_M0664_2dhn_cond29_43-atomized-bb-True.pdb,7,40,False,True,False
M0664_2dhn,rfflow_fixed-ligand_run_M0664_2dhn_cond29_44-atomized-bb-True,run_M0664_2dhn_cond29_44-atomized-bb-True.pdb,10,40,False,True,False
M0664_2dhn,rfflow_fixed-ligand_run_M0664_2dhn_cond29_45-atomized-bb-True,run_M0664_2dhn_cond29_45-atomized-bb-True.pdb,37,40,False,True,False
M0664_2dhn,rfflow_fixed-ligand_run_M0664_2dhn_cond29_46-atomized-bb-True,run_M0664_2dhn_cond29_46-atomized-bb-True.pdb,5,40,False,True,False
M0664_2dhn,rfflow_fixed-ligand_run_M0664_2dhn_cond29_47-atomized-bb-True,run_M0664_2dhn_cond29_47-atomized-bb-True.pdb,33,40,False,True,False
M0664_2dhn,rfflow_fixed-ligand_run_M0664_2dhn_cond29_48-atomized-bb-True,run_M0664_2dhn_cond29_48-atomized-bb-True.pdb,0,40,True,True,True
M0664_2dhn,rfflow_fixed-ligand_run_M0664_2dhn_cond29_49-atomized-bb-True,run_M0664_2dhn_cond29_49-atomized-bb-True.pdb,29,40,False,True,False
M0664_2dhn,rfflow_fixed-ligand_run_M0664_2dhn_cond29_5-atomized-bb-True,run_M0664_2dhn_cond29_5-atomized-bb-True.pdb,35,40,False,True,False
M0664_2dhn,rfflow_fixed-ligand_run_M0664_2dhn_cond29_50-atomized-bb-True,run_M0664_2dhn_cond29_50-atomized-bb-True.pdb,29,40,False,True,False
M0664_2dhn,rfflow_fixed-ligand_run_M0664_2dhn_cond29_51-atomized-bb-True,run_M0664_2dhn_cond29_51-atomized-bb-True.pdb,2,40,False,True,False
M0664_2dhn,rfflow_fixed-ligand_run_M0664_2dhn_cond29_52-atomized-bb-True,run_M0664_2dhn_cond29_52-atomized-bb-True.pdb,14,40,False,True,False
M0664_2dhn,rfflow_fixed-ligand_run_M0664_2dhn_cond29_53-atomized-bb-True,run_M0664_2dhn_cond29_53-atomized-bb-True.pdb,8,40,False,True,False
M0664_2dhn,rfflow_fixed-ligand_run_M0664_2dhn_cond29_54-atomized-bb-True,run_M0664_2dhn_cond29_54-atomized-bb-True.pdb,8,40,False,True,False
M0664_2dhn,rfflow_fixed-ligand_run_M0664_2dhn_cond29_55-atomized-bb-True,run_M0664_2dhn_cond29_55-atomized-bb-True.pdb,0,40,True,True,True
M0664_2dhn,rfflow_fixed-ligand_run_M0664_2dhn_cond29_56-atomized-bb-True,run_M0664_2dhn_cond29_56-atomized-bb-True.pdb,0,40,True,False,False
M0664_2dhn,rfflow_fixed-ligand_run_M0664_2dhn_cond29_57-atomized-bb-True,run_M0664_2dhn_cond29_57-atomized-bb-True.pdb,0,40,True,True,True
M0664_2dhn,rfflow_fixed-ligand_run_M0664_2dhn_cond29_58-atomized-bb-True,run_M0664_2dhn_cond29_58-atomized-bb-True.pdb,4,40,False,True,False
M0664_2dhn,rfflow_fixed-ligand_run_M0664_2dhn_cond29_59-atomized-bb-True,run_M0664_2dhn_cond29_59-atomized-bb-True.pdb,4,40,False,True,False
M0664_2dhn,rfflow_fixed-ligand_run_M0664_2dhn_cond29_6-atomized-bb-True,run_M0664_2dhn_cond29_6-atomized-bb-True.pdb,0,40,True,True,True
M0664_2dhn,rfflow_fixed-ligand_run_M0664_2dhn_cond29_60-atomized-bb-True,run_M0664_2dhn_cond29_60-atomized-bb-True.pdb,7,40,False,True,False
M0664_2dhn,rfflow_fixed-ligand_run_M0664_2dhn_cond29_61-atomized-bb-True,run_M0664_2dhn_cond29_61-atomized-bb-True.pdb,18,40,False,True,False
M0664_2dhn,rfflow_fixed-ligand_run_M0664_2dhn_cond29_62-atomized-bb-True,run_M0664_2dhn_cond29_62-atomized-bb-True.pdb,22,40,False,True,False
M0664_2dhn,rfflow_fixed-ligand_run_M0664_2dhn_cond29_63-atomized-bb-True,run_M0664_2dhn_cond29_63-atomized-bb-True.pdb,20,40,False,True,False
M0664_2dhn,rfflow_fixed-ligand_run_M0664_2dhn_cond29_64-atomized-bb-True,run_M0664_2dhn_cond29_64-atomized-bb-True.pdb,31,40,False,True,False
M0664_2dhn,rfflow_fixed-ligand_run_M0664_2dhn_cond29_65-atomized-bb-True,run_M0664_2dhn_cond29_65-atomized-bb-True.pdb,19,40,False,True,False
M0664_2dhn,rfflow_fixed-ligand_run_M0664_2dhn_cond29_66-atomized-bb-True,run_M0664_2dhn_cond29_66-atomized-bb-True.pdb,2,40,False,True,False
M0664_2dhn,rfflow_fixed-ligand_run_M0664_2dhn_cond29_67-atomized-bb-True,run_M0664_2dhn_cond29_67-atomized-bb-True.pdb,11,40,False,True,False
M0664_2dhn,rfflow_fixed-ligand_run_M0664_2dhn_cond29_68-atomized-bb-True,run_M0664_2dhn_cond29_68-atomized-bb-True.pdb,7,40,False,True,False
M0664_2dhn,rfflow_fixed-ligand_run_M0664_2dhn_cond29_69-atomized-bb-True,run_M0664_2dhn_cond29_69-atomized-bb-True.pdb,3,40,False,True,False
M0664_2dhn,rfflow_fixed-ligand_run_M0664_2dhn_cond29_7-atomized-bb-True,run_M0664_2dhn_cond29_7-atomized-bb-True.pdb,23,40,False,True,False
M0664_2dhn,rfflow_fixed-ligand_run_M0664_2dhn_cond29_70-atomized-bb-True,run_M0664_2dhn_cond29_70-atomized-bb-True.pdb,6,40,False,True,False
M0664_2dhn,rfflow_fixed-ligand_run_M0664_2dhn_cond29_71-atomized-bb-True,run_M0664_2dhn_cond29_71-atomized-bb-True.pdb,9,40,False,True,False
M0664_2dhn,rfflow_fixed-ligand_run_M0664_2dhn_cond29_72-atomized-bb-True,run_M0664_2dhn_cond29_72-atomized-bb-True.pdb,4,40,False,True,False
M0664_2dhn,rfflow_fixed-ligand_run_M0664_2dhn_cond29_73-atomized-bb-True,run_M0664_2dhn_cond29_73-atomized-bb-True.pdb,4,40,False,True,False
M0664_2dhn,rfflow_fixed-ligand_run_M0664_2dhn_cond29_74-atomized-bb-True,run_M0664_2dhn_cond29_74-atomized-bb-True.pdb,0,40,True,True,True
M0664_2dhn,rfflow_fixed-ligand_run_M0664_2dhn_cond29_75-atomized-bb-True,run_M0664_2dhn_cond29_75-atomized-bb-True.pdb,12,40,False,True,False
M0664_2dhn,rfflow_fixed-ligand_run_M0664_2dhn_cond29_76-atomized-bb-True,run_M0664_2dhn_cond29_76-atomized-bb-True.pdb,2,40,False,True,False
M0664_2dhn,rfflow_fixed-ligand_run_M0664_2dhn_cond29_77-atomized-bb-True,run_M0664_2dhn_cond29_77-atomized-bb-True.pdb,37,40,False,True,False
M0664_2dhn,rfflow_fixed-ligand_run_M0664_2dhn_cond29_78-atomized-bb-True,run_M0664_2dhn_cond29_78-atomized-bb-True.pdb,3,40,False,True,False
M0664_2dhn,rfflow_fixed-ligand_run_M0664_2dhn_cond29_79-atomized-bb-True,run_M0664_2dhn_cond29_79-atomized-bb-True.pdb,27,40,False,True,False
M0664_2dhn,rfflow_fixed-ligand_run_M0664_2dhn_cond29_8-atomized-bb-True,run_M0664_2dhn_cond29_8-atomized-bb-True.pdb,1,40,False,True,False
M0664_2dhn,rfflow_fixed-ligand_run_M0664_2dhn_cond29_80-atomized-bb-True,run_M0664_2dhn_cond29_80-atomized-bb-True.pdb,8,40,False,True,False
M0664_2dhn,rfflow_fixed-ligand_run_M0664_2dhn_cond29_81-atomized-bb-True,run_M0664_2dhn_cond29_81-atomized-bb-True.pdb,21,40,False,True,False
M0664_2dhn,rfflow_fixed-ligand_run_M0664_2dhn_cond29_82-atomized-bb-True,run_M0664_2dhn_cond29_82-atomized-bb-True.pdb,5,40,False,True,False
M0664_2dhn,rfflow_fixed-ligand_run_M0664_2dhn_cond29_83-atomized-bb-True,run_M0664_2dhn_cond29_83-atomized-bb-True.pdb,14,40,False,True,False
M0664_2dhn,rfflow_fixed-ligand_run_M0664_2dhn_cond29_84-atomized-bb-True,run_M0664_2dhn_cond29_84-atomized-bb-True.pdb,20,40,False,True,False
M0664_2dhn,rfflow_fixed-ligand_run_M0664_2dhn_cond29_85-atomized-bb-True,run_M0664_2dhn_cond29_85-atomized-bb-True.pdb,7,40,False,True,False
M0664_2dhn,rfflow_fixed-ligand_run_M0664_2dhn_cond29_86-atomized-bb-True,run_M0664_2dhn_cond29_86-atomized-bb-True.pdb,0,40,True,True,True
M0664_2dhn,rfflow_fixed-ligand_run_M0664_2dhn_cond29_87-atomized-bb-True,run_M0664_2dhn_cond29_87-atomized-bb-True.pdb,23,40,False,True,False
M0664_2dhn,rfflow_fixed-ligand_run_M0664_2dhn_cond29_88-atomized-bb-True,run_M0664_2dhn_cond29_88-atomized-bb-True.pdb,0,40,True,True,True
M0664_2dhn,rfflow_fixed-ligand_run_M0664_2dhn_cond29_89-atomized-bb-True,run_M0664_2dhn_cond29_89-atomized-bb-True.pdb,9,40,False,True,False
M0664_2dhn,rfflow_fixed-ligand_run_M0664_2dhn_cond29_9-atomized-bb-True,run_M0664_2dhn_cond29_9-atomized-bb-True.pdb,4,40,False,True,False
M0664_2dhn,rfflow_fixed-ligand_run_M0664_2dhn_cond29_90-atomized-bb-True,run_M0664_2dhn_cond29_90-atomized-bb-True.pdb,5,40,False,True,False
M0664_2dhn,rfflow_fixed-ligand_run_M0664_2dhn_cond29_91-atomized-bb-True,run_M0664_2dhn_cond29_91-atomized-bb-True.pdb,8,40,False,True,False
M0664_2dhn,rfflow_fixed-ligand_run_M0664_2dhn_cond29_92-atomized-bb-True,run_M0664_2dhn_cond29_92-atomized-bb-True.pdb,1,40,False,True,False
M0664_2dhn,rfflow_fixed-ligand_run_M0664_2dhn_cond29_93-atomized-bb-True,run_M0664_2dhn_cond29_93-atomized-bb-True.pdb,0,40,True,True,True
M0664_2dhn,rfflow_fixed-ligand_run_M0664_2dhn_cond29_94-atomized-bb-True,run_M0664_2dhn_cond29_94-atomized-bb-True.pdb,17,40,False,True,False
M0664_2dhn,rfflow_fixed-ligand_run_M0664_2dhn_cond29_95-atomized-bb-True,run_M0664_2dhn_cond29_95-atomized-bb-True.pdb,6,40,False,True,False
M0664_2dhn,rfflow_fixed-ligand_run_M0664_2dhn_cond29_96-atomized-bb-True,run_M0664_2dhn_cond29_96-atomized-bb-True.pdb,21,40,False,True,False
M0664_2dhn,rfflow_fixed-ligand_run_M0664_2dhn_cond29_97-atomized-bb-True,run_M0664_2dhn_cond29_97-atomized-bb-True.pdb,3,40,False,True,False
M0664_2dhn,rfflow_fixed-ligand_run_M0664_2dhn_cond29_98-atomized-bb-True,run_M0664_2dhn_cond29_98-atomized-bb-True.pdb,0,40,True,True,True
M0664_2dhn,rfflow_fixed-ligand_run_M0664_2dhn_cond29_99-atomized-bb-True,run_M0664_2dhn_cond29_99-atomized-bb-True.pdb,18,40,False,True,False
M0674_1uf7,rfflow_fixed-ligand_run_M0674_1uf7_cond30_0-atomized-bb-True,run_M0674_1uf7_cond30_0-atomized-bb-True.pdb,1,40,False,True,False
M0674_1uf7,rfflow_fixed-ligand_run_M0674_1uf7_cond30_1-atomized-bb-True,run_M0674_1uf7_cond30_1-atomized-bb-True.pdb,0,40,True,True,True
M0674_1uf7,rfflow_fixed-ligand_run_M0674_1uf7_cond30_10-atomized-bb-True,run_M0674_1uf7_cond30_10-atomized-bb-True.pdb,1,40,False,True,False
M0674_1uf7,rfflow_fixed-ligand_run_M0674_1uf7_cond30_11-atomized-bb-True,run_M0674_1uf7_cond30_11-atomized-bb-True.pdb,0,40,True,True,True
M0674_1uf7,rfflow_fixed-ligand_run_M0674_1uf7_cond30_12-atomized-bb-True,run_M0674_1uf7_cond30_12-atomized-bb-True.pdb,21,40,False,True,False
M0674_1uf7,rfflow_fixed-ligand_run_M0674_1uf7_cond30_13-atomized-bb-True,run_M0674_1uf7_cond30_13-atomized-bb-True.pdb,2,40,False,True,False
M0674_1uf7,rfflow_fixed-ligand_run_M0674_1uf7_cond30_14-atomized-bb-True,run_M0674_1uf7_cond30_14-atomized-bb-True.pdb,10,40,False,True,False
M0674_1uf7,rfflow_fixed-ligand_run_M0674_1uf7_cond30_15-atomized-bb-True,run_M0674_1uf7_cond30_15-atomized-bb-True.pdb,0,40,True,True,True
M0674_1uf7,rfflow_fixed-ligand_run_M0674_1uf7_cond30_16-atomized-bb-True,run_M0674_1uf7_cond30_16-atomized-bb-True.pdb,18,40,False,True,False
M0674_1uf7,rfflow_fixed-ligand_run_M0674_1uf7_cond30_17-atomized-bb-True,run_M0674_1uf7_cond30_17-atomized-bb-True.pdb,1,40,False,True,False
M0674_1uf7,rfflow_fixed-ligand_run_M0674_1uf7_cond30_18-atomized-bb-True,run_M0674_1uf7_cond30_18-atomized-bb-True.pdb,0,40,True,True,True
M0674_1uf7,rfflow_fixed-ligand_run_M0674_1uf7_cond30_19-atomized-bb-True,run_M0674_1uf7_cond30_19-atomized-bb-True.pdb,0,40,True,True,True
M0674_1uf7,rfflow_fixed-ligand_run_M0674_1uf7_cond30_2-atomized-bb-True,run_M0674_1uf7_cond30_2-atomized-bb-True.pdb,0,40,True,True,True
M0674_1uf7,rfflow_fixed-ligand_run_M0674_1uf7_cond30_20-atomized-bb-True,run_M0674_1uf7_cond30_20-atomized-bb-True.pdb,0,40,True,True,True
M0674_1uf7,rfflow_fixed-ligand_run_M0674_1uf7_cond30_21-atomized-bb-True,run_M0674_1uf7_cond30_21-atomized-bb-True.pdb,10,40,False,True,False
M0674_1uf7,rfflow_fixed-ligand_run_M0674_1uf7_cond30_22-atomized-bb-True,run_M0674_1uf7_cond30_22-atomized-bb-True.pdb,0,40,True,True,True
M0674_1uf7,rfflow_fixed-ligand_run_M0674_1uf7_cond30_23-atomized-bb-True,run_M0674_1uf7_cond30_23-atomized-bb-True.pdb,0,40,True,True,True
M0674_1uf7,rfflow_fixed-ligand_run_M0674_1uf7_cond30_24-atomized-bb-True,run_M0674_1uf7_cond30_24-atomized-bb-True.pdb,0,40,True,True,True
M0674_1uf7,rfflow_fixed-ligand_run_M0674_1uf7_cond30_25-atomized-bb-True,run_M0674_1uf7_cond30_25-atomized-bb-True.pdb,5,40,False,True,False
M0674_1uf7,rfflow_fixed-ligand_run_M0674_1uf7_cond30_26-atomized-bb-True,run_M0674_1uf7_cond30_26-atomized-bb-True.pdb,0,40,True,True,True
M0674_1uf7,rfflow_fixed-ligand_run_M0674_1uf7_cond30_27-atomized-bb-True,run_M0674_1uf7_cond30_27-atomized-bb-True.pdb,0,40,True,True,True
M0674_1uf7,rfflow_fixed-ligand_run_M0674_1uf7_cond30_28-atomized-bb-True,run_M0674_1uf7_cond30_28-atomized-bb-True.pdb,0,40,True,True,True
M0674_1uf7,rfflow_fixed-ligand_run_M0674_1uf7_cond30_29-atomized-bb-True,run_M0674_1uf7_cond30_29-atomized-bb-True.pdb,0,40,True,True,True
M0674_1uf7,rfflow_fixed-ligand_run_M0674_1uf7_cond30_3-atomized-bb-True,run_M0674_1uf7_cond30_3-atomized-bb-True.pdb,16,40,False,True,False
M0674_1uf7,rfflow_fixed-ligand_run_M0674_1uf7_cond30_30-atomized-bb-True,run_M0674_1uf7_cond30_30-atomized-bb-True.pdb,0,40,True,True,True
M0674_1uf7,rfflow_fixed-ligand_run_M0674_1uf7_cond30_31-atomized-bb-True,run_M0674_1uf7_cond30_31-atomized-bb-True.pdb,0,40,True,True,True
M0674_1uf7,rfflow_fixed-ligand_run_M0674_1uf7_cond30_32-atomized-bb-True,run_M0674_1uf7_cond30_32-atomized-bb-True.pdb,1,40,False,True,False
M0674_1uf7,rfflow_fixed-ligand_run_M0674_1uf7_cond30_33-atomized-bb-True,run_M0674_1uf7_cond30_33-atomized-bb-True.pdb,2,40,False,True,False
M0674_1uf7,rfflow_fixed-ligand_run_M0674_1uf7_cond30_34-atomized-bb-True,run_M0674_1uf7_cond30_34-atomized-bb-True.pdb,0,40,True,True,True
M0674_1uf7,rfflow_fixed-ligand_run_M0674_1uf7_cond30_35-atomized-bb-True,run_M0674_1uf7_cond30_35-atomized-bb-True.pdb,0,40,True,True,True
M0674_1uf7,rfflow_fixed-ligand_run_M0674_1uf7_cond30_36-atomized-bb-True,run_M0674_1uf7_cond30_36-atomized-bb-True.pdb,6,40,False,True,False
M0674_1uf7,rfflow_fixed-ligand_run_M0674_1uf7_cond30_37-atomized-bb-True,run_M0674_1uf7_cond30_37-atomized-bb-True.pdb,0,40,True,True,True
M0674_1uf7,rfflow_fixed-ligand_run_M0674_1uf7_cond30_38-atomized-bb-True,run_M0674_1uf7_cond30_38-atomized-bb-True.pdb,0,40,True,True,True
M0674_1uf7,rfflow_fixed-ligand_run_M0674_1uf7_cond30_39-atomized-bb-True,run_M0674_1uf7_cond30_39-atomized-bb-True.pdb,0,40,True,True,True
M0674_1uf7,rfflow_fixed-ligand_run_M0674_1uf7_cond30_4-atomized-bb-True,run_M0674_1uf7_cond30_4-atomized-bb-True.pdb,0,40,True,True,True
M0674_1uf7,rfflow_fixed-ligand_run_M0674_1uf7_cond30_40-atomized-bb-True,run_M0674_1uf7_cond30_40-atomized-bb-True.pdb,9,40,False,True,False
M0674_1uf7,rfflow_fixed-ligand_run_M0674_1uf7_cond30_41-atomized-bb-True,run_M0674_1uf7_cond30_41-atomized-bb-True.pdb,0,40,True,True,True
M0674_1uf7,rfflow_fixed-ligand_run_M0674_1uf7_cond30_42-atomized-bb-True,run_M0674_1uf7_cond30_42-atomized-bb-True.pdb,7,40,False,True,False
M0674_1uf7,rfflow_fixed-ligand_run_M0674_1uf7_cond30_43-atomized-bb-True,run_M0674_1uf7_cond30_43-atomized-bb-True.pdb,0,40,True,True,True
M0674_1uf7,rfflow_fixed-ligand_run_M0674_1uf7_cond30_44-atomized-bb-True,run_M0674_1uf7_cond30_44-atomized-bb-True.pdb,0,40,True,False,False
M0674_1uf7,rfflow_fixed-ligand_run_M0674_1uf7_cond30_45-atomized-bb-True,run_M0674_1uf7_cond30_45-atomized-bb-True.pdb,0,40,True,True,True
M0674_1uf7,rfflow_fixed-ligand_run_M0674_1uf7_cond30_46-atomized-bb-True,run_M0674_1uf7_cond30_46-atomized-bb-True.pdb,0,40,True,True,True
M0674_1uf7,rfflow_fixed-ligand_run_M0674_1uf7_cond30_47-atomized-bb-True,run_M0674_1uf7_cond30_47-atomized-bb-True.pdb,18,40,False,True,False
M0674_1uf7,rfflow_fixed-ligand_run_M0674_1uf7_cond30_48-atomized-bb-True,run_M0674_1uf7_cond30_48-atomized-bb-True.pdb,1,40,False,True,False
M0674_1uf7,rfflow_fixed-ligand_run_M0674_1uf7_cond30_49-atomized-bb-True,run_M0674_1uf7_cond30_49-atomized-bb-True.pdb,2,40,False,True,False
M0674_1uf7,rfflow_fixed-ligand_run_M0674_1uf7_cond30_5-atomized-bb-True,run_M0674_1uf7_cond30_5-atomized-bb-True.pdb,2,40,False,True,False
M0674_1uf7,rfflow_fixed-ligand_run_M0674_1uf7_cond30_50-atomized-bb-True,run_M0674_1uf7_cond30_50-atomized-bb-True.pdb,30,40,False,True,False
M0674_1uf7,rfflow_fixed-ligand_run_M0674_1uf7_cond30_51-atomized-bb-True,run_M0674_1uf7_cond30_51-atomized-bb-True.pdb,0,40,True,True,True
M0674_1uf7,rfflow_fixed-ligand_run_M0674_1uf7_cond30_52-atomized-bb-True,run_M0674_1uf7_cond30_52-atomized-bb-True.pdb,0,40,True,True,True
M0674_1uf7,rfflow_fixed-ligand_run_M0674_1uf7_cond30_53-atomized-bb-True,run_M0674_1uf7_cond30_53-atomized-bb-True.pdb,0,40,True,True,True
M0674_1uf7,rfflow_fixed-ligand_run_M0674_1uf7_cond30_54-atomized-bb-True,run_M0674_1uf7_cond30_54-atomized-bb-True.pdb,2,40,False,True,False
M0674_1uf7,rfflow_fixed-ligand_run_M0674_1uf7_cond30_55-atomized-bb-True,run_M0674_1uf7_cond30_55-atomized-bb-True.pdb,3,40,False,True,False
M0674_1uf7,rfflow_fixed-ligand_run_M0674_1uf7_cond30_56-atomized-bb-True,run_M0674_1uf7_cond30_56-atomized-bb-True.pdb,10,40,False,True,False
M0674_1uf7,rfflow_fixed-ligand_run_M0674_1uf7_cond30_57-atomized-bb-True,run_M0674_1uf7_cond30_57-atomized-bb-True.pdb,0,40,True,True,True
M0674_1uf7,rfflow_fixed-ligand_run_M0674_1uf7_cond30_58-atomized-bb-True,run_M0674_1uf7_cond30_58-atomized-bb-True.pdb,1,40,False,True,False
M0674_1uf7,rfflow_fixed-ligand_run_M0674_1uf7_cond30_59-atomized-bb-True,run_M0674_1uf7_cond30_59-atomized-bb-True.pdb,0,40,True,True,True
M0674_1uf7,rfflow_fixed-ligand_run_M0674_1uf7_cond30_6-atomized-bb-True,run_M0674_1uf7_cond30_6-atomized-bb-True.pdb,3,40,False,True,False
M0674_1uf7,rfflow_fixed-ligand_run_M0674_1uf7_cond30_60-atomized-bb-True,run_M0674_1uf7_cond30_60-atomized-bb-True.pdb,7,40,False,True,False
M0674_1uf7,rfflow_fixed-ligand_run_M0674_1uf7_cond30_61-atomized-bb-True,run_M0674_1uf7_cond30_61-atomized-bb-True.pdb,1,40,False,True,False
M0674_1uf7,rfflow_fixed-ligand_run_M0674_1uf7_cond30_62-atomized-bb-True,run_M0674_1uf7_cond30_62-atomized-bb-True.pdb,1,40,False,True,False
M0674_1uf7,rfflow_fixed-ligand_run_M0674_1uf7_cond30_63-atomized-bb-True,run_M0674_1uf7_cond30_63-atomized-bb-True.pdb,4,40,False,True,False
M0674_1uf7,rfflow_fixed-ligand_run_M0674_1uf7_cond30_64-atomized-bb-True,run_M0674_1uf7_cond30_64-atomized-bb-True.pdb,0,40,True,True,True
M0674_1uf7,rfflow_fixed-ligand_run_M0674_1uf7_cond30_65-atomized-bb-True,run_M0674_1uf7_cond30_65-atomized-bb-True.pdb,0,40,True,True,True
M0674_1uf7,rfflow_fixed-ligand_run_M0674_1uf7_cond30_66-atomized-bb-True,run_M0674_1uf7_cond30_66-atomized-bb-True.pdb,0,40,True,True,True
M0674_1uf7,rfflow_fixed-ligand_run_M0674_1uf7_cond30_67-atomized-bb-True,run_M0674_1uf7_cond30_67-atomized-bb-True.pdb,3,40,False,True,False
M0674_1uf7,rfflow_fixed-ligand_run_M0674_1uf7_cond30_68-atomized-bb-True,run_M0674_1uf7_cond30_68-atomized-bb-True.pdb,0,40,True,True,True
M0674_1uf7,rfflow_fixed-ligand_run_M0674_1uf7_cond30_69-atomized-bb-True,run_M0674_1uf7_cond30_69-atomized-bb-True.pdb,0,40,True,True,True
M0674_1uf7,rfflow_fixed-ligand_run_M0674_1uf7_cond30_7-atomized-bb-True,run_M0674_1uf7_cond30_7-atomized-bb-True.pdb,14,40,False,True,False
M0674_1uf7,rfflow_fixed-ligand_run_M0674_1uf7_cond30_70-atomized-bb-True,run_M0674_1uf7_cond30_70-atomized-bb-True.pdb,0,40,True,True,True
M0674_1uf7,rfflow_fixed-ligand_run_M0674_1uf7_cond30_71-atomized-bb-True,run_M0674_1uf7_cond30_71-atomized-bb-True.pdb,0,40,True,True,True
M0674_1uf7,rfflow_fixed-ligand_run_M0674_1uf7_cond30_72-atomized-bb-True,run_M0674_1uf7_cond30_72-atomized-bb-True.pdb,1,40,False,True,False
M0674_1uf7,rfflow_fixed-ligand_run_M0674_1uf7_cond30_73-atomized-bb-True,run_M0674_1uf7_cond30_73-atomized-bb-True.pdb,0,40,True,True,True
M0674_1uf7,rfflow_fixed-ligand_run_M0674_1uf7_cond30_74-atomized-bb-True,run_M0674_1uf7_cond30_74-atomized-bb-True.pdb,0,40,True,True,True
M0674_1uf7,rfflow_fixed-ligand_run_M0674_1uf7_cond30_75-atomized-bb-True,run_M0674_1uf7_cond30_75-atomized-bb-True.pdb,0,40,True,True,True
M0674_1uf7,rfflow_fixed-ligand_run_M0674_1uf7_cond30_76-atomized-bb-True,run_M0674_1uf7_cond30_76-atomized-bb-True.pdb,0,40,True,True,True
M0674_1uf7,rfflow_fixed-ligand_run_M0674_1uf7_cond30_77-atomized-bb-True,run_M0674_1uf7_cond30_77-atomized-bb-True.pdb,0,40,True,True,True
M0674_1uf7,rfflow_fixed-ligand_run_M0674_1uf7_cond30_78-atomized-bb-True,run_M0674_1uf7_cond30_78-atomized-bb-True.pdb,2,40,False,True,False
M0674_1uf7,rfflow_fixed-ligand_run_M0674_1uf7_cond30_79-atomized-bb-True,run_M0674_1uf7_cond30_79-atomized-bb-True.pdb,0,40,True,True,True
M0674_1uf7,rfflow_fixed-ligand_run_M0674_1uf7_cond30_8-atomized-bb-True,run_M0674_1uf7_cond30_8-atomized-bb-True.pdb,0,40,True,True,True
M0674_1uf7,rfflow_fixed-ligand_run_M0674_1uf7_cond30_80-atomized-bb-True,run_M0674_1uf7_cond30_80-atomized-bb-True.pdb,0,40,True,True,True
M0674_1uf7,rfflow_fixed-ligand_run_M0674_1uf7_cond30_81-atomized-bb-True,run_M0674_1uf7_cond30_81-atomized-bb-True.pdb,2,40,False,True,False
M0674_1uf7,rfflow_fixed-ligand_run_M0674_1uf7_cond30_82-atomized-bb-True,run_M0674_1uf7_cond30_82-atomized-bb-True.pdb,40,40,False,True,False
M0674_1uf7,rfflow_fixed-ligand_run_M0674_1uf7_cond30_83-atomized-bb-True,run_M0674_1uf7_cond30_83-atomized-bb-True.pdb,12,40,False,True,False
M0674_1uf7,rfflow_fixed-ligand_run_M0674_1uf7_cond30_84-atomized-bb-True,run_M0674_1uf7_cond30_84-atomized-bb-True.pdb,0,40,True,True,True
M0674_1uf7,rfflow_fixed-ligand_run_M0674_1uf7_cond30_85-atomized-bb-True,run_M0674_1uf7_cond30_85-atomized-bb-True.pdb,0,40,True,True,True
M0674_1uf7,rfflow_fixed-ligand_run_M0674_1uf7_cond30_86-atomized-bb-True,run_M0674_1uf7_cond30_86-atomized-bb-True.pdb,0,40,True,True,True
M0674_1uf7,rfflow_fixed-ligand_run_M0674_1uf7_cond30_87-atomized-bb-True,run_M0674_1uf7_cond30_87-atomized-bb-True.pdb,0,40,True,True,True
M0674_1uf7,rfflow_fixed-ligand_run_M0674_1uf7_cond30_88-atomized-bb-True,run_M0674_1uf7_cond30_88-atomized-bb-True.pdb,0,40,True,True,True
M0674_1uf7,rfflow_fixed-ligand_run_M0674_1uf7_cond30_89-atomized-bb-True,run_M0674_1uf7_cond30_89-atomized-bb-True.pdb,0,40,True,True,True
M0674_1uf7,rfflow_fixed-ligand_run_M0674_1uf7_cond30_9-atomized-bb-True,run_M0674_1uf7_cond30_9-atomized-bb-True.pdb,0,40,True,True,True
M0674_1uf7,rfflow_fixed-ligand_run_M0674_1uf7_cond30_90-atomized-bb-True,run_M0674_1uf7_cond30_90-atomized-bb-True.pdb,0,40,True,True,True
M0674_1uf7,rfflow_fixed-ligand_run_M0674_1uf7_cond30_91-atomized-bb-True,run_M0674_1uf7_cond30_91-atomized-bb-True.pdb,4,40,False,True,False
M0674_1uf7,rfflow_fixed-ligand_run_M0674_1uf7_cond30_92-atomized-bb-True,run_M0674_1uf7_cond30_92-atomized-bb-True.pdb,0,40,True,True,True
M0674_1uf7,rfflow_fixed-ligand_run_M0674_1uf7_cond30_93-atomized-bb-True,run_M0674_1uf7_cond30_93-atomized-bb-True.pdb,23,40,False,True,False
M0674_1uf7,rfflow_fixed-ligand_run_M0674_1uf7_cond30_94-atomized-bb-True,run_M0674_1uf7_cond30_94-atomized-bb-True.pdb,24,40,False,True,False
M0674_1uf7,rfflow_fixed-ligand_run_M0674_1uf7_cond30_95-atomized-bb-True,run_M0674_1uf7_cond30_95-atomized-bb-True.pdb,0,40,True,True,True
M0674_1uf7,rfflow_fixed-ligand_run_M0674_1uf7_cond30_96-atomized-bb-True,run_M0674_1uf7_cond30_96-atomized-bb-True.pdb,0,40,True,True,True
M0674_1uf7,rfflow_fixed-ligand_run_M0674_1uf7_cond30_97-atomized-bb-True,run_M0674_1uf7_cond30_97-atomized-bb-True.pdb,3,40,False,True,False
M0674_1uf7,rfflow_fixed-ligand_run_M0674_1uf7_cond30_98-atomized-bb-True,run_M0674_1uf7_cond30_98-atomized-bb-True.pdb,0,40,True,True,True
M0674_1uf7,rfflow_fixed-ligand_run_M0674_1uf7_cond30_99-atomized-bb-True,run_M0674_1uf7_cond30_99-atomized-bb-True.pdb,0,40,True,True,True
M0710_1ra0,rfflow_fixed-ligand_run_M0710_1ra0_cond31_0-atomized-bb-True,run_M0710_1ra0_cond31_0-atomized-bb-True.pdb,0,40,True,True,True
M0710_1ra0,rfflow_fixed-ligand_run_M0710_1ra0_cond31_1-atomized-bb-True,run_M0710_1ra0_cond31_1-atomized-bb-True.pdb,7,40,False,True,False
M0710_1ra0,rfflow_fixed-ligand_run_M0710_1ra0_cond31_10-atomized-bb-True,run_M0710_1ra0_cond31_10-atomized-bb-True.pdb,14,40,False,True,False
M0710_1ra0,rfflow_fixed-ligand_run_M0710_1ra0_cond31_11-atomized-bb-True,run_M0710_1ra0_cond31_11-atomized-bb-True.pdb,9,40,False,True,False
M0710_1ra0,rfflow_fixed-ligand_run_M0710_1ra0_cond31_12-atomized-bb-True,run_M0710_1ra0_cond31_12-atomized-bb-True.pdb,0,40,True,True,True
M0710_1ra0,rfflow_fixed-ligand_run_M0710_1ra0_cond31_13-atomized-bb-True,run_M0710_1ra0_cond31_13-atomized-bb-True.pdb,0,40,True,True,True
M0710_1ra0,rfflow_fixed-ligand_run_M0710_1ra0_cond31_14-atomized-bb-True,run_M0710_1ra0_cond31_14-atomized-bb-True.pdb,13,40,False,True,False
M0710_1ra0,rfflow_fixed-ligand_run_M0710_1ra0_cond31_15-atomized-bb-True,run_M0710_1ra0_cond31_15-atomized-bb-True.pdb,29,40,False,True,False
M0710_1ra0,rfflow_fixed-ligand_run_M0710_1ra0_cond31_16-atomized-bb-True,run_M0710_1ra0_cond31_16-atomized-bb-True.pdb,4,40,False,True,False
M0710_1ra0,rfflow_fixed-ligand_run_M0710_1ra0_cond31_17-atomized-bb-True,run_M0710_1ra0_cond31_17-atomized-bb-True.pdb,3,40,False,True,False
M0710_1ra0,rfflow_fixed-ligand_run_M0710_1ra0_cond31_18-atomized-bb-True,run_M0710_1ra0_cond31_18-atomized-bb-True.pdb,4,40,False,True,False
M0710_1ra0,rfflow_fixed-ligand_run_M0710_1ra0_cond31_19-atomized-bb-True,run_M0710_1ra0_cond31_19-atomized-bb-True.pdb,10,40,False,True,False
M0710_1ra0,rfflow_fixed-ligand_run_M0710_1ra0_cond31_2-atomized-bb-True,run_M0710_1ra0_cond31_2-atomized-bb-True.pdb,0,40,True,True,True
M0710_1ra0,rfflow_fixed-ligand_run_M0710_1ra0_cond31_20-atomized-bb-True,run_M0710_1ra0_cond31_20-atomized-bb-True.pdb,8,40,False,True,False
M0710_1ra0,rfflow_fixed-ligand_run_M0710_1ra0_cond31_21-atomized-bb-True,run_M0710_1ra0_cond31_21-atomized-bb-True.pdb,4,40,False,True,False
M0710_1ra0,rfflow_fixed-ligand_run_M0710_1ra0_cond31_22-atomized-bb-True,run_M0710_1ra0_cond31_22-atomized-bb-True.pdb,1,40,False,True,False
M0710_1ra0,rfflow_fixed-ligand_run_M0710_1ra0_cond31_23-atomized-bb-True,run_M0710_1ra0_cond31_23-atomized-bb-True.pdb,4,40,False,True,False
M0710_1ra0,rfflow_fixed-ligand_run_M0710_1ra0_cond31_24-atomized-bb-True,run_M0710_1ra0_cond31_24-atomized-bb-True.pdb,2,40,False,True,False
M0710_1ra0,rfflow_fixed-ligand_run_M0710_1ra0_cond31_25-atomized-bb-True,run_M0710_1ra0_cond31_25-atomized-bb-True.pdb,24,40,False,True,False
M0710_1ra0,rfflow_fixed-ligand_run_M0710_1ra0_cond31_26-atomized-bb-True,run_M0710_1ra0_cond31_26-atomized-bb-True.pdb,0,40,True,False,False
M0710_1ra0,rfflow_fixed-ligand_run_M0710_1ra0_cond31_27-atomized-bb-True,run_M0710_1ra0_cond31_27-atomized-bb-True.pdb,1,40,False,True,False
M0710_1ra0,rfflow_fixed-ligand_run_M0710_1ra0_cond31_28-atomized-bb-True,run_M0710_1ra0_cond31_28-atomized-bb-True.pdb,0,40,True,True,True
M0710_1ra0,rfflow_fixed-ligand_run_M0710_1ra0_cond31_29-atomized-bb-True,run_M0710_1ra0_cond31_29-atomized-bb-True.pdb,4,40,False,True,False
M0710_1ra0,rfflow_fixed-ligand_run_M0710_1ra0_cond31_3-atomized-bb-True,run_M0710_1ra0_cond31_3-atomized-bb-True.pdb,5,40,False,True,False
M0710_1ra0,rfflow_fixed-ligand_run_M0710_1ra0_cond31_30-atomized-bb-True,run_M0710_1ra0_cond31_30-atomized-bb-True.pdb,11,40,False,True,False
M0710_1ra0,rfflow_fixed-ligand_run_M0710_1ra0_cond31_31-atomized-bb-True,run_M0710_1ra0_cond31_31-atomized-bb-True.pdb,5,40,False,True,False
M0710_1ra0,rfflow_fixed-ligand_run_M0710_1ra0_cond31_32-atomized-bb-True,run_M0710_1ra0_cond31_32-atomized-bb-True.pdb,0,40,True,True,True
M0710_1ra0,rfflow_fixed-ligand_run_M0710_1ra0_cond31_33-atomized-bb-True,run_M0710_1ra0_cond31_33-atomized-bb-True.pdb,4,40,False,True,False
M0710_1ra0,rfflow_fixed-ligand_run_M0710_1ra0_cond31_34-atomized-bb-True,run_M0710_1ra0_cond31_34-atomized-bb-True.pdb,37,40,False,True,False
M0710_1ra0,rfflow_fixed-ligand_run_M0710_1ra0_cond31_35-atomized-bb-True,run_M0710_1ra0_cond31_35-atomized-bb-True.pdb,0,40,True,True,True
M0710_1ra0,rfflow_fixed-ligand_run_M0710_1ra0_cond31_36-atomized-bb-True,run_M0710_1ra0_cond31_36-atomized-bb-True.pdb,5,40,False,True,False
M0710_1ra0,rfflow_fixed-ligand_run_M0710_1ra0_cond31_37-atomized-bb-True,run_M0710_1ra0_cond31_37-atomized-bb-True.pdb,0,40,True,True,True
M0710_1ra0,rfflow_fixed-ligand_run_M0710_1ra0_cond31_38-atomized-bb-True,run_M0710_1ra0_cond31_38-atomized-bb-True.pdb,0,40,True,True,True
M0710_1ra0,rfflow_fixed-ligand_run_M0710_1ra0_cond31_39-atomized-bb-True,run_M0710_1ra0_cond31_39-atomized-bb-True.pdb,1,40,False,True,False
M0710_1ra0,rfflow_fixed-ligand_run_M0710_1ra0_cond31_4-atomized-bb-True,run_M0710_1ra0_cond31_4-atomized-bb-True.pdb,27,40,False,True,False
M0710_1ra0,rfflow_fixed-ligand_run_M0710_1ra0_cond31_40-atomized-bb-True,run_M0710_1ra0_cond31_40-atomized-bb-True.pdb,5,40,False,True,False
M0710_1ra0,rfflow_fixed-ligand_run_M0710_1ra0_cond31_41-atomized-bb-True,run_M0710_1ra0_cond31_41-atomized-bb-True.pdb,0,40,True,True,True
M0710_1ra0,rfflow_fixed-ligand_run_M0710_1ra0_cond31_42-atomized-bb-True,run_M0710_1ra0_cond31_42-atomized-bb-True.pdb,2,40,False,True,False
M0710_1ra0,rfflow_fixed-ligand_run_M0710_1ra0_cond31_43-atomized-bb-True,run_M0710_1ra0_cond31_43-atomized-bb-True.pdb,5,40,False,True,False
M0710_1ra0,rfflow_fixed-ligand_run_M0710_1ra0_cond31_44-atomized-bb-True,run_M0710_1ra0_cond31_44-atomized-bb-True.pdb,0,40,True,True,True
M0710_1ra0,rfflow_fixed-ligand_run_M0710_1ra0_cond31_45-atomized-bb-True,run_M0710_1ra0_cond31_45-atomized-bb-True.pdb,8,40,False,True,False
M0710_1ra0,rfflow_fixed-ligand_run_M0710_1ra0_cond31_46-atomized-bb-True,run_M0710_1ra0_cond31_46-atomized-bb-True.pdb,3,40,False,True,False
M0710_1ra0,rfflow_fixed-ligand_run_M0710_1ra0_cond31_47-atomized-bb-True,run_M0710_1ra0_cond31_47-atomized-bb-True.pdb,0,40,True,True,True
M0710_1ra0,rfflow_fixed-ligand_run_M0710_1ra0_cond31_48-atomized-bb-True,run_M0710_1ra0_cond31_48-atomized-bb-True.pdb,2,40,False,True,False
M0710_1ra0,rfflow_fixed-ligand_run_M0710_1ra0_cond31_49-atomized-bb-True,run_M0710_1ra0_cond31_49-atomized-bb-True.pdb,9,40,False,True,False
M0710_1ra0,rfflow_fixed-ligand_run_M0710_1ra0_cond31_5-atomized-bb-True,run_M0710_1ra0_cond31_5-atomized-bb-True.pdb,8,40,False,True,False
M0710_1ra0,rfflow_fixed-ligand_run_M0710_1ra0_cond31_50-atomized-bb-True,run_M0710_1ra0_cond31_50-atomized-bb-True.pdb,0,40,True,True,True
M0710_1ra0,rfflow_fixed-ligand_run_M0710_1ra0_cond31_51-atomized-bb-True,run_M0710_1ra0_cond31_51-atomized-bb-True.pdb,0,40,True,True,True
M0710_1ra0,rfflow_fixed-ligand_run_M0710_1ra0_cond31_52-atomized-bb-True,run_M0710_1ra0_cond31_52-atomized-bb-True.pdb,13,40,False,True,False
M0710_1ra0,rfflow_fixed-ligand_run_M0710_1ra0_cond31_53-atomized-bb-True,run_M0710_1ra0_cond31_53-atomized-bb-True.pdb,24,40,False,True,False
M0710_1ra0,rfflow_fixed-ligand_run_M0710_1ra0_cond31_54-atomized-bb-True,run_M0710_1ra0_cond31_54-atomized-bb-True.pdb,25,40,False,True,False
M0710_1ra0,rfflow_fixed-ligand_run_M0710_1ra0_cond31_55-atomized-bb-True,run_M0710_1ra0_cond31_55-atomized-bb-True.pdb,3,40,False,True,False
M0710_1ra0,rfflow_fixed-ligand_run_M0710_1ra0_cond31_56-atomized-bb-True,run_M0710_1ra0_cond31_56-atomized-bb-True.pdb,22,40,False,True,False
M0710_1ra0,rfflow_fixed-ligand_run_M0710_1ra0_cond31_57-atomized-bb-True,run_M0710_1ra0_cond31_57-atomized-bb-True.pdb,12,40,False,True,False
M0710_1ra0,rfflow_fixed-ligand_run_M0710_1ra0_cond31_58-atomized-bb-True,run_M0710_1ra0_cond31_58-atomized-bb-True.pdb,10,40,False,True,False
M0710_1ra0,rfflow_fixed-ligand_run_M0710_1ra0_cond31_59-atomized-bb-True,run_M0710_1ra0_cond31_59-atomized-bb-True.pdb,14,40,False,True,False
M0710_1ra0,rfflow_fixed-ligand_run_M0710_1ra0_cond31_6-atomized-bb-True,run_M0710_1ra0_cond31_6-atomized-bb-True.pdb,0,40,True,True,True
M0710_1ra0,rfflow_fixed-ligand_run_M0710_1ra0_cond31_60-atomized-bb-True,run_M0710_1ra0_cond31_60-atomized-bb-True.pdb,0,40,True,True,True
M0710_1ra0,rfflow_fixed-ligand_run_M0710_1ra0_cond31_61-atomized-bb-True,run_M0710_1ra0_cond31_61-atomized-bb-True.pdb,7,40,False,True,False
M0710_1ra0,rfflow_fixed-ligand_run_M0710_1ra0_cond31_62-atomized-bb-True,run_M0710_1ra0_cond31_62-atomized-bb-True.pdb,0,40,True,True,True
M0710_1ra0,rfflow_fixed-ligand_run_M0710_1ra0_cond31_63-atomized-bb-True,run_M0710_1ra0_cond31_63-atomized-bb-True.pdb,18,40,False,True,False
M0710_1ra0,rfflow_fixed-ligand_run_M0710_1ra0_cond31_64-atomized-bb-True,run_M0710_1ra0_cond31_64-atomized-bb-True.pdb,6,40,False,True,False
M0710_1ra0,rfflow_fixed-ligand_run_M0710_1ra0_cond31_65-atomized-bb-True,run_M0710_1ra0_cond31_65-atomized-bb-True.pdb,0,40,True,True,True
M0710_1ra0,rfflow_fixed-ligand_run_M0710_1ra0_cond31_66-atomized-bb-True,run_M0710_1ra0_cond31_66-atomized-bb-True.pdb,0,40,True,True,True
M0710_1ra0,rfflow_fixed-ligand_run_M0710_1ra0_cond31_67-atomized-bb-True,run_M0710_1ra0_cond31_67-atomized-bb-True.pdb,28,40,False,True,False
M0710_1ra0,rfflow_fixed-ligand_run_M0710_1ra0_cond31_68-atomized-bb-True,run_M0710_1ra0_cond31_68-atomized-bb-True.pdb,3,40,False,True,False
M0710_1ra0,rfflow_fixed-ligand_run_M0710_1ra0_cond31_69-atomized-bb-True,run_M0710_1ra0_cond31_69-atomized-bb-True.pdb,0,40,True,True,True
M0710_1ra0,rfflow_fixed-ligand_run_M0710_1ra0_cond31_7-atomized-bb-True,run_M0710_1ra0_cond31_7-atomized-bb-True.pdb,25,40,False,True,False
M0710_1ra0,rfflow_fixed-ligand_run_M0710_1ra0_cond31_70-atomized-bb-True,run_M0710_1ra0_cond31_70-atomized-bb-True.pdb,0,40,True,True,True
M0710_1ra0,rfflow_fixed-ligand_run_M0710_1ra0_cond31_71-atomized-bb-True,run_M0710_1ra0_cond31_71-atomized-bb-True.pdb,1,40,False,True,False
M0710_1ra0,rfflow_fixed-ligand_run_M0710_1ra0_cond31_72-atomized-bb-True,run_M0710_1ra0_cond31_72-atomized-bb-True.pdb,2,40,False,True,False
M0710_1ra0,rfflow_fixed-ligand_run_M0710_1ra0_cond31_73-atomized-bb-True,run_M0710_1ra0_cond31_73-atomized-bb-True.pdb,3,40,False,True,False
M0710_1ra0,rfflow_fixed-ligand_run_M0710_1ra0_cond31_74-atomized-bb-True,run_M0710_1ra0_cond31_74-atomized-bb-True.pdb,21,40,False,True,False
M0710_1ra0,rfflow_fixed-ligand_run_M0710_1ra0_cond31_75-atomized-bb-True,run_M0710_1ra0_cond31_75-atomized-bb-True.pdb,0,40,True,True,True
M0710_1ra0,rfflow_fixed-ligand_run_M0710_1ra0_cond31_76-atomized-bb-True,run_M0710_1ra0_cond31_76-atomized-bb-True.pdb,7,40,False,True,False
M0710_1ra0,rfflow_fixed-ligand_run_M0710_1ra0_cond31_77-atomized-bb-True,run_M0710_1ra0_cond31_77-atomized-bb-True.pdb,5,40,False,True,False
M0710_1ra0,rfflow_fixed-ligand_run_M0710_1ra0_cond31_78-atomized-bb-True,run_M0710_1ra0_cond31_78-atomized-bb-True.pdb,8,40,False,True,False
M0710_1ra0,rfflow_fixed-ligand_run_M0710_1ra0_cond31_79-atomized-bb-True,run_M0710_1ra0_cond31_79-atomized-bb-True.pdb,13,40,False,True,False
M0710_1ra0,rfflow_fixed-ligand_run_M0710_1ra0_cond31_8-atomized-bb-True,run_M0710_1ra0_cond31_8-atomized-bb-True.pdb,0,40,True,True,True
M0710_1ra0,rfflow_fixed-ligand_run_M0710_1ra0_cond31_80-atomized-bb-True,run_M0710_1ra0_cond31_80-atomized-bb-True.pdb,7,40,False,True,False
M0710_1ra0,rfflow_fixed-ligand_run_M0710_1ra0_cond31_81-atomized-bb-True,run_M0710_1ra0_cond31_81-atomized-bb-True.pdb,0,40,True,True,True
M0710_1ra0,rfflow_fixed-ligand_run_M0710_1ra0_cond31_82-atomized-bb-True,run_M0710_1ra0_cond31_82-atomized-bb-True.pdb,0,40,True,True,True
M0710_1ra0,rfflow_fixed-ligand_run_M0710_1ra0_cond31_83-atomized-bb-True,run_M0710_1ra0_cond31_83-atomized-bb-True.pdb,13,40,False,True,False
M0710_1ra0,rfflow_fixed-ligand_run_M0710_1ra0_cond31_84-atomized-bb-True,run_M0710_1ra0_cond31_84-atomized-bb-True.pdb,23,40,False,True,False
M0710_1ra0,rfflow_fixed-ligand_run_M0710_1ra0_cond31_85-atomized-bb-True,run_M0710_1ra0_cond31_85-atomized-bb-True.pdb,23,40,False,True,False
M0710_1ra0,rfflow_fixed-ligand_run_M0710_1ra0_cond31_86-atomized-bb-True,run_M0710_1ra0_cond31_86-atomized-bb-True.pdb,0,40,True,True,True
M0710_1ra0,rfflow_fixed-ligand_run_M0710_1ra0_cond31_87-atomized-bb-True,run_M0710_1ra0_cond31_87-atomized-bb-True.pdb,19,40,False,True,False
M0710_1ra0,rfflow_fixed-ligand_run_M0710_1ra0_cond31_88-atomized-bb-True,run_M0710_1ra0_cond31_88-atomized-bb-True.pdb,5,40,False,True,False
M0710_1ra0,rfflow_fixed-ligand_run_M0710_1ra0_cond31_89-atomized-bb-True,run_M0710_1ra0_cond31_89-atomized-bb-True.pdb,19,40,False,True,False
M0710_1ra0,rfflow_fixed-ligand_run_M0710_1ra0_cond31_9-atomized-bb-True,run_M0710_1ra0_cond31_9-atomized-bb-True.pdb,32,40,False,True,False
M0710_1ra0,rfflow_fixed-ligand_run_M0710_1ra0_cond31_90-atomized-bb-True,run_M0710_1ra0_cond31_90-atomized-bb-True.pdb,10,40,False,True,False
M0710_1ra0,rfflow_fixed-ligand_run_M0710_1ra0_cond31_91-atomized-bb-True,run_M0710_1ra0_cond31_91-atomized-bb-True.pdb,4,40,False,True,False
M0710_1ra0,rfflow_fixed-ligand_run_M0710_1ra0_cond31_92-atomized-bb-True,run_M0710_1ra0_cond31_92-atomized-bb-True.pdb,3,40,False,True,False
M0710_1ra0,rfflow_fixed-ligand_run_M0710_1ra0_cond31_93-atomized-bb-True,run_M0710_1ra0_cond31_93-atomized-bb-True.pdb,0,40,True,True,True
M0710_1ra0,rfflow_fixed-ligand_run_M0710_1ra0_cond31_94-atomized-bb-True,run_M0710_1ra0_cond31_94-atomized-bb-True.pdb,0,40,True,True,True
M0710_1ra0,rfflow_fixed-ligand_run_M0710_1ra0_cond31_95-atomized-bb-True,run_M0710_1ra0_cond31_95-atomized-bb-True.pdb,5,40,False,True,False
M0710_1ra0,rfflow_fixed-ligand_run_M0710_1ra0_cond31_96-atomized-bb-True,run_M0710_1ra0_cond31_96-atomized-bb-True.pdb,0,40,True,True,True
M0710_1ra0,rfflow_fixed-ligand_run_M0710_1ra0_cond31_97-atomized-bb-True,run_M0710_1ra0_cond31_97-atomized-bb-True.pdb,19,40,False,True,False
M0710_1ra0,rfflow_fixed-ligand_run_M0710_1ra0_cond31_98-atomized-bb-True,run_M0710_1ra0_cond31_98-atomized-bb-True.pdb,10,40,False,True,False
M0710_1ra0,rfflow_fixed-ligand_run_M0710_1ra0_cond31_99-atomized-bb-True,run_M0710_1ra0_cond31_99-atomized-bb-True.pdb,5,40,False,True,False
M0711_2esd,rfflow_fixed-ligand_run_M0711_2esd_cond32_0-atomized-bb-True,run_M0711_2esd_cond32_0-atomized-bb-True.pdb,0,40,True,True,True
M0711_2esd,rfflow_fixed-ligand_run_M0711_2esd_cond32_1-atomized-bb-True,run_M0711_2esd_cond32_1-atomized-bb-True.pdb,24,40,False,True,False
M0711_2esd,rfflow_fixed-ligand_run_M0711_2esd_cond32_10-atomized-bb-True,run_M0711_2esd_cond32_10-atomized-bb-True.pdb,0,40,True,True,True
M0711_2esd,rfflow_fixed-ligand_run_M0711_2esd_cond32_11-atomized-bb-True,run_M0711_2esd_cond32_11-atomized-bb-True.pdb,3,40,False,True,False
M0711_2esd,rfflow_fixed-ligand_run_M0711_2esd_cond32_12-atomized-bb-True,run_M0711_2esd_cond32_12-atomized-bb-True.pdb,29,40,False,True,False
M0711_2esd,rfflow_fixed-ligand_run_M0711_2esd_cond32_13-atomized-bb-True,run_M0711_2esd_cond32_13-atomized-bb-True.pdb,1,40,False,True,False
M0711_2esd,rfflow_fixed-ligand_run_M0711_2esd_cond32_14-atomized-bb-True,run_M0711_2esd_cond32_14-atomized-bb-True.pdb,0,40,True,True,True
M0711_2esd,rfflow_fixed-ligand_run_M0711_2esd_cond32_15-atomized-bb-True,run_M0711_2esd_cond32_15-atomized-bb-True.pdb,0,40,True,False,False
M0711_2esd,rfflow_fixed-ligand_run_M0711_2esd_cond32_16-atomized-bb-True,run_M0711_2esd_cond32_16-atomized-bb-True.pdb,0,40,True,True,True
M0711_2esd,rfflow_fixed-ligand_run_M0711_2esd_cond32_17-atomized-bb-True,run_M0711_2esd_cond32_17-atomized-bb-True.pdb,0,40,True,True,True
M0711_2esd,rfflow_fixed-ligand_run_M0711_2esd_cond32_18-atomized-bb-True,run_M0711_2esd_cond32_18-atomized-bb-True.pdb,2,40,False,True,False
M0711_2esd,rfflow_fixed-ligand_run_M0711_2esd_cond32_19-atomized-bb-True,run_M0711_2esd_cond32_19-atomized-bb-True.pdb,0,40,True,True,True
M0711_2esd,rfflow_fixed-ligand_run_M0711_2esd_cond32_2-atomized-bb-True,run_M0711_2esd_cond32_2-atomized-bb-True.pdb,0,40,True,True,True
M0711_2esd,rfflow_fixed-ligand_run_M0711_2esd_cond32_20-atomized-bb-True,run_M0711_2esd_cond32_20-atomized-bb-True.pdb,0,40,True,True,True
M0711_2esd,rfflow_fixed-ligand_run_M0711_2esd_cond32_21-atomized-bb-True,run_M0711_2esd_cond32_21-atomized-bb-True.pdb,4,40,False,True,False
M0711_2esd,rfflow_fixed-ligand_run_M0711_2esd_cond32_22-atomized-bb-True,run_M0711_2esd_cond32_22-atomized-bb-True.pdb,8,40,False,True,False
M0711_2esd,rfflow_fixed-ligand_run_M0711_2esd_cond32_23-atomized-bb-True,run_M0711_2esd_cond32_23-atomized-bb-True.pdb,2,40,False,True,False
M0711_2esd,rfflow_fixed-ligand_run_M0711_2esd_cond32_24-atomized-bb-True,run_M0711_2esd_cond32_24-atomized-bb-True.pdb,0,40,True,True,True
M0711_2esd,rfflow_fixed-ligand_run_M0711_2esd_cond32_25-atomized-bb-True,run_M0711_2esd_cond32_25-atomized-bb-True.pdb,0,40,True,False,False
M0711_2esd,rfflow_fixed-ligand_run_M0711_2esd_cond32_26-atomized-bb-True,run_M0711_2esd_cond32_26-atomized-bb-True.pdb,0,40,True,True,True
M0711_2esd,rfflow_fixed-ligand_run_M0711_2esd_cond32_27-atomized-bb-True,run_M0711_2esd_cond32_27-atomized-bb-True.pdb,0,40,True,True,True
M0711_2esd,rfflow_fixed-ligand_run_M0711_2esd_cond32_28-atomized-bb-True,run_M0711_2esd_cond32_28-atomized-bb-True.pdb,25,40,False,True,False
M0711_2esd,rfflow_fixed-ligand_run_M0711_2esd_cond32_29-atomized-bb-True,run_M0711_2esd_cond32_29-atomized-bb-True.pdb,1,40,False,True,False
M0711_2esd,rfflow_fixed-ligand_run_M0711_2esd_cond32_3-atomized-bb-True,run_M0711_2esd_cond32_3-atomized-bb-True.pdb,0,40,True,True,True
M0711_2esd,rfflow_fixed-ligand_run_M0711_2esd_cond32_30-atomized-bb-True,run_M0711_2esd_cond32_30-atomized-bb-True.pdb,0,40,True,True,True
M0711_2esd,rfflow_fixed-ligand_run_M0711_2esd_cond32_31-atomized-bb-True,run_M0711_2esd_cond32_31-atomized-bb-True.pdb,0,40,True,True,True
M0711_2esd,rfflow_fixed-ligand_run_M0711_2esd_cond32_32-atomized-bb-True,run_M0711_2esd_cond32_32-atomized-bb-True.pdb,0,40,True,True,True
M0711_2esd,rfflow_fixed-ligand_run_M0711_2esd_cond32_33-atomized-bb-True,run_M0711_2esd_cond32_33-atomized-bb-True.pdb,0,40,True,True,True
M0711_2esd,rfflow_fixed-ligand_run_M0711_2esd_cond32_34-atomized-bb-True,run_M0711_2esd_cond32_34-atomized-bb-True.pdb,6,40,False,True,False
M0711_2esd,rfflow_fixed-ligand_run_M0711_2esd_cond32_35-atomized-bb-True,run_M0711_2esd_cond32_35-atomized-bb-True.pdb,0,40,True,True,True
M0711_2esd,rfflow_fixed-ligand_run_M0711_2esd_cond32_36-atomized-bb-True,run_M0711_2esd_cond32_36-atomized-bb-True.pdb,3,40,False,True,False
M0711_2esd,rfflow_fixed-ligand_run_M0711_2esd_cond32_37-atomized-bb-True,run_M0711_2esd_cond32_37-atomized-bb-True.pdb,0,40,True,True,True
M0711_2esd,rfflow_fixed-ligand_run_M0711_2esd_cond32_38-atomized-bb-True,run_M0711_2esd_cond32_38-atomized-bb-True.pdb,20,40,False,True,False
M0711_2esd,rfflow_fixed-ligand_run_M0711_2esd_cond32_39-atomized-bb-True,run_M0711_2esd_cond32_39-atomized-bb-True.pdb,8,40,False,True,False
M0711_2esd,rfflow_fixed-ligand_run_M0711_2esd_cond32_4-atomized-bb-True,run_M0711_2esd_cond32_4-atomized-bb-True.pdb,0,40,True,True,True
M0711_2esd,rfflow_fixed-ligand_run_M0711_2esd_cond32_40-atomized-bb-True,run_M0711_2esd_cond32_40-atomized-bb-True.pdb,0,40,True,True,True
M0711_2esd,rfflow_fixed-ligand_run_M0711_2esd_cond32_41-atomized-bb-True,run_M0711_2esd_cond32_41-atomized-bb-True.pdb,0,40,True,True,True
M0711_2esd,rfflow_fixed-ligand_run_M0711_2esd_cond32_42-atomized-bb-True,run_M0711_2esd_cond32_42-atomized-bb-True.pdb,0,40,True,True,True
M0711_2esd,rfflow_fixed-ligand_run_M0711_2esd_cond32_43-atomized-bb-True,run_M0711_2esd_cond32_43-atomized-bb-True.pdb,0,40,True,True,True
M0711_2esd,rfflow_fixed-ligand_run_M0711_2esd_cond32_44-atomized-bb-True,run_M0711_2esd_cond32_44-atomized-bb-True.pdb,0,40,True,True,True
M0711_2esd,rfflow_fixed-ligand_run_M0711_2esd_cond32_45-atomized-bb-True,run_M0711_2esd_cond32_45-atomized-bb-True.pdb,0,40,True,True,True
M0711_2esd,rfflow_fixed-ligand_run_M0711_2esd_cond32_46-atomized-bb-True,run_M0711_2esd_cond32_46-atomized-bb-True.pdb,0,40,True,True,True
M0711_2esd,rfflow_fixed-ligand_run_M0711_2esd_cond32_47-atomized-bb-True,run_M0711_2esd_cond32_47-atomized-bb-True.pdb,0,40,True,True,True
M0711_2esd,rfflow_fixed-ligand_run_M0711_2esd_cond32_48-atomized-bb-True,run_M0711_2esd_cond32_48-atomized-bb-True.pdb,0,40,True,True,True
M0711_2esd,rfflow_fixed-ligand_run_M0711_2esd_cond32_49-atomized-bb-True,run_M0711_2esd_cond32_49-atomized-bb-True.pdb,12,40,False,True,False
M0711_2esd,rfflow_fixed-ligand_run_M0711_2esd_cond32_5-atomized-bb-True,run_M0711_2esd_cond32_5-atomized-bb-True.pdb,0,40,True,True,True
M0711_2esd,rfflow_fixed-ligand_run_M0711_2esd_cond32_50-atomized-bb-True,run_M0711_2esd_cond32_50-atomized-bb-True.pdb,0,40,True,True,True
M0711_2esd,rfflow_fixed-ligand_run_M0711_2esd_cond32_51-atomized-bb-True,run_M0711_2esd_cond32_51-atomized-bb-True.pdb,0,40,True,False,False
M0711_2esd,rfflow_fixed-ligand_run_M0711_2esd_cond32_52-atomized-bb-True,run_M0711_2esd_cond32_52-atomized-bb-True.pdb,0,40,True,True,True
M0711_2esd,rfflow_fixed-ligand_run_M0711_2esd_cond32_53-atomized-bb-True,run_M0711_2esd_cond32_53-atomized-bb-True.pdb,0,40,True,True,True
M0711_2esd,rfflow_fixed-ligand_run_M0711_2esd_cond32_54-atomized-bb-True,run_M0711_2esd_cond32_54-atomized-bb-True.pdb,0,40,True,True,True
M0711_2esd,rfflow_fixed-ligand_run_M0711_2esd_cond32_55-atomized-bb-True,run_M0711_2esd_cond32_55-atomized-bb-True.pdb,0,40,True,True,True
M0711_2esd,rfflow_fixed-ligand_run_M0711_2esd_cond32_56-atomized-bb-True,run_M0711_2esd_cond32_56-atomized-bb-True.pdb,1,40,False,True,False
M0711_2esd,rfflow_fixed-ligand_run_M0711_2esd_cond32_57-atomized-bb-True,run_M0711_2esd_cond32_57-atomized-bb-True.pdb,0,40,True,True,True
M0711_2esd,rfflow_fixed-ligand_run_M0711_2esd_cond32_58-atomized-bb-True,run_M0711_2esd_cond32_58-atomized-bb-True.pdb,0,40,True,False,False
M0711_2esd,rfflow_fixed-ligand_run_M0711_2esd_cond32_59-atomized-bb-True,run_M0711_2esd_cond32_59-atomized-bb-True.pdb,0,40,True,True,True
M0711_2esd,rfflow_fixed-ligand_run_M0711_2esd_cond32_6-atomized-bb-True,run_M0711_2esd_cond32_6-atomized-bb-True.pdb,7,40,False,True,False
M0711_2esd,rfflow_fixed-ligand_run_M0711_2esd_cond32_60-atomized-bb-True,run_M0711_2esd_cond32_60-atomized-bb-True.pdb,0,40,True,True,True
M0711_2esd,rfflow_fixed-ligand_run_M0711_2esd_cond32_61-atomized-bb-True,run_M0711_2esd_cond32_61-atomized-bb-True.pdb,15,40,False,True,False
M0711_2esd,rfflow_fixed-ligand_run_M0711_2esd_cond32_62-atomized-bb-True,run_M0711_2esd_cond32_62-atomized-bb-True.pdb,0,40,True,True,True
M0711_2esd,rfflow_fixed-ligand_run_M0711_2esd_cond32_63-atomized-bb-True,run_M0711_2esd_cond32_63-atomized-bb-True.pdb,0,40,True,True,True
M0711_2esd,rfflow_fixed-ligand_run_M0711_2esd_cond32_64-atomized-bb-True,run_M0711_2esd_cond32_64-atomized-bb-True.pdb,0,40,True,True,True
M0711_2esd,rfflow_fixed-ligand_run_M0711_2esd_cond32_65-atomized-bb-True,run_M0711_2esd_cond32_65-atomized-bb-True.pdb,1,40,False,True,False
M0711_2esd,rfflow_fixed-ligand_run_M0711_2esd_cond32_66-atomized-bb-True,run_M0711_2esd_cond32_66-atomized-bb-True.pdb,0,40,True,True,True
M0711_2esd,rfflow_fixed-ligand_run_M0711_2esd_cond32_67-atomized-bb-True,run_M0711_2esd_cond32_67-atomized-bb-True.pdb,0,40,True,False,False
M0711_2esd,rfflow_fixed-ligand_run_M0711_2esd_cond32_68-atomized-bb-True,run_M0711_2esd_cond32_68-atomized-bb-True.pdb,1,40,False,True,False
M0711_2esd,rfflow_fixed-ligand_run_M0711_2esd_cond32_69-atomized-bb-True,run_M0711_2esd_cond32_69-atomized-bb-True.pdb,0,40,True,True,True
M0711_2esd,rfflow_fixed-ligand_run_M0711_2esd_cond32_7-atomized-bb-True,run_M0711_2esd_cond32_7-atomized-bb-True.pdb,0,40,True,True,True
M0711_2esd,rfflow_fixed-ligand_run_M0711_2esd_cond32_70-atomized-bb-True,run_M0711_2esd_cond32_70-atomized-bb-True.pdb,0,40,True,False,False
M0711_2esd,rfflow_fixed-ligand_run_M0711_2esd_cond32_71-atomized-bb-True,run_M0711_2esd_cond32_71-atomized-bb-True.pdb,2,40,False,True,False
M0711_2esd,rfflow_fixed-ligand_run_M0711_2esd_cond32_72-atomized-bb-True,run_M0711_2esd_cond32_72-atomized-bb-True.pdb,0,40,True,True,True
M0711_2esd,rfflow_fixed-ligand_run_M0711_2esd_cond32_73-atomized-bb-True,run_M0711_2esd_cond32_73-atomized-bb-True.pdb,0,40,True,True,True
M0711_2esd,rfflow_fixed-ligand_run_M0711_2esd_cond32_74-atomized-bb-True,run_M0711_2esd_cond32_74-atomized-bb-True.pdb,0,40,True,True,True
M0711_2esd,rfflow_fixed-ligand_run_M0711_2esd_cond32_75-atomized-bb-True,run_M0711_2esd_cond32_75-atomized-bb-True.pdb,0,40,True,True,True
M0711_2esd,rfflow_fixed-ligand_run_M0711_2esd_cond32_76-atomized-bb-True,run_M0711_2esd_cond32_76-atomized-bb-True.pdb,0,40,True,True,True
M0711_2esd,rfflow_fixed-ligand_run_M0711_2esd_cond32_77-atomized-bb-True,run_M0711_2esd_cond32_77-atomized-bb-True.pdb,0,40,True,True,True
M0711_2esd,rfflow_fixed-ligand_run_M0711_2esd_cond32_78-atomized-bb-True,run_M0711_2esd_cond32_78-atomized-bb-True.pdb,0,40,True,True,True
M0711_2esd,rfflow_fixed-ligand_run_M0711_2esd_cond32_79-atomized-bb-True,run_M0711_2esd_cond32_79-atomized-bb-True.pdb,0,40,True,True,True
M0711_2esd,rfflow_fixed-ligand_run_M0711_2esd_cond32_8-atomized-bb-True,run_M0711_2esd_cond32_8-atomized-bb-True.pdb,9,40,False,True,False
M0711_2esd,rfflow_fixed-ligand_run_M0711_2esd_cond32_80-atomized-bb-True,run_M0711_2esd_cond32_80-atomized-bb-True.pdb,13,40,False,True,False
M0711_2esd,rfflow_fixed-ligand_run_M0711_2esd_cond32_81-atomized-bb-True,run_M0711_2esd_cond32_81-atomized-bb-True.pdb,13,40,False,True,False
M0711_2esd,rfflow_fixed-ligand_run_M0711_2esd_cond32_82-atomized-bb-True,run_M0711_2esd_cond32_82-atomized-bb-True.pdb,0,40,True,True,True
M0711_2esd,rfflow_fixed-ligand_run_M0711_2esd_cond32_83-atomized-bb-True,run_M0711_2esd_cond32_83-atomized-bb-True.pdb,0,40,True,True,True
M0711_2esd,rfflow_fixed-ligand_run_M0711_2esd_cond32_84-atomized-bb-True,run_M0711_2esd_cond32_84-atomized-bb-True.pdb,10,40,False,True,False
M0711_2esd,rfflow_fixed-ligand_run_M0711_2esd_cond32_85-atomized-bb-True,run_M0711_2esd_cond32_85-atomized-bb-True.pdb,4,40,False,True,False
M0711_2esd,rfflow_fixed-ligand_run_M0711_2esd_cond32_86-atomized-bb-True,run_M0711_2esd_cond32_86-atomized-bb-True.pdb,7,40,False,True,False
M0711_2esd,rfflow_fixed-ligand_run_M0711_2esd_cond32_87-atomized-bb-True,run_M0711_2esd_cond32_87-atomized-bb-True.pdb,0,40,True,True,True
M0711_2esd,rfflow_fixed-ligand_run_M0711_2esd_cond32_88-atomized-bb-True,run_M0711_2esd_cond32_88-atomized-bb-True.pdb,0,40,True,True,True
M0711_2esd,rfflow_fixed-ligand_run_M0711_2esd_cond32_89-atomized-bb-True,run_M0711_2esd_cond32_89-atomized-bb-True.pdb,0,40,True,True,True
M0711_2esd,rfflow_fixed-ligand_run_M0711_2esd_cond32_9-atomized-bb-True,run_M0711_2esd_cond32_9-atomized-bb-True.pdb,0,40,True,True,True
M0711_2esd,rfflow_fixed-ligand_run_M0711_2esd_cond32_90-atomized-bb-True,run_M0711_2esd_cond32_90-atomized-bb-True.pdb,1,40,False,True,False
M0711_2esd,rfflow_fixed-ligand_run_M0711_2esd_cond32_91-atomized-bb-True,run_M0711_2esd_cond32_91-atomized-bb-True.pdb,0,40,True,True,True
M0711_2esd,rfflow_fixed-ligand_run_M0711_2esd_cond32_92-atomized-bb-True,run_M0711_2esd_cond32_92-atomized-bb-True.pdb,0,40,True,True,True
M0711_2esd,rfflow_fixed-ligand_run_M0711_2esd_cond32_93-atomized-bb-True,run_M0711_2esd_cond32_93-atomized-bb-True.pdb,4,40,False,True,False
M0711_2esd,rfflow_fixed-ligand_run_M0711_2esd_cond32_94-atomized-bb-True,run_M0711_2esd_cond32_94-atomized-bb-True.pdb,0,40,True,True,True
M0711_2esd,rfflow_fixed-ligand_run_M0711_2esd_cond32_95-atomized-bb-True,run_M0711_2esd_cond32_95-atomized-bb-True.pdb,0,40,True,True,True
M0711_2esd,rfflow_fixed-ligand_run_M0711_2esd_cond32_96-atomized-bb-True,run_M0711_2esd_cond32_96-atomized-bb-True.pdb,6,40,False,True,False
M0711_2esd,rfflow_fixed-ligand_run_M0711_2esd_cond32_97-atomized-bb-True,run_M0711_2esd_cond32_97-atomized-bb-True.pdb,0,40,True,True,True
M0711_2esd,rfflow_fixed-ligand_run_M0711_2esd_cond32_98-atomized-bb-True,run_M0711_2esd_cond32_98-atomized-bb-True.pdb,0,40,True,True,True
M0711_2esd,rfflow_fixed-ligand_run_M0711_2esd_cond32_99-atomized-bb-True,run_M0711_2esd_cond32_99-atomized-bb-True.pdb,0,40,True,False,False
M0717_1x7d,rfflow_fixed-ligand_run_M0717_1x7d_cond33_0-atomized-bb-True,run_M0717_1x7d_cond33_0-atomized-bb-True.pdb,8,40,False,True,False
M0717_1x7d,rfflow_fixed-ligand_run_M0717_1x7d_cond33_1-atomized-bb-True,run_M0717_1x7d_cond33_1-atomized-bb-True.pdb,1,40,False,True,False
M0717_1x7d,rfflow_fixed-ligand_run_M0717_1x7d_cond33_10-atomized-bb-True,run_M0717_1x7d_cond33_10-atomized-bb-True.pdb,0,40,True,True,True
M0717_1x7d,rfflow_fixed-ligand_run_M0717_1x7d_cond33_11-atomized-bb-True,run_M0717_1x7d_cond33_11-atomized-bb-True.pdb,0,40,True,False,False
M0717_1x7d,rfflow_fixed-ligand_run_M0717_1x7d_cond33_12-atomized-bb-True,run_M0717_1x7d_cond33_12-atomized-bb-True.pdb,9,40,False,True,False
M0717_1x7d,rfflow_fixed-ligand_run_M0717_1x7d_cond33_13-atomized-bb-True,run_M0717_1x7d_cond33_13-atomized-bb-True.pdb,5,40,False,True,False
M0717_1x7d,rfflow_fixed-ligand_run_M0717_1x7d_cond33_14-atomized-bb-True,run_M0717_1x7d_cond33_14-atomized-bb-True.pdb,0,40,True,True,True
M0717_1x7d,rfflow_fixed-ligand_run_M0717_1x7d_cond33_15-atomized-bb-True,run_M0717_1x7d_cond33_15-atomized-bb-True.pdb,0,40,True,False,False
M0717_1x7d,rfflow_fixed-ligand_run_M0717_1x7d_cond33_16-atomized-bb-True,run_M0717_1x7d_cond33_16-atomized-bb-True.pdb,9,40,False,True,False
M0717_1x7d,rfflow_fixed-ligand_run_M0717_1x7d_cond33_17-atomized-bb-True,run_M0717_1x7d_cond33_17-atomized-bb-True.pdb,0,40,True,False,False
M0717_1x7d,rfflow_fixed-ligand_run_M0717_1x7d_cond33_18-atomized-bb-True,run_M0717_1x7d_cond33_18-atomized-bb-True.pdb,1,40,False,True,False
M0717_1x7d,rfflow_fixed-ligand_run_M0717_1x7d_cond33_19-atomized-bb-True,run_M0717_1x7d_cond33_19-atomized-bb-True.pdb,5,40,False,True,False
M0717_1x7d,rfflow_fixed-ligand_run_M0717_1x7d_cond33_2-atomized-bb-True,run_M0717_1x7d_cond33_2-atomized-bb-True.pdb,21,40,False,True,False
M0717_1x7d,rfflow_fixed-ligand_run_M0717_1x7d_cond33_20-atomized-bb-True,run_M0717_1x7d_cond33_20-atomized-bb-True.pdb,11,40,False,True,False
M0717_1x7d,rfflow_fixed-ligand_run_M0717_1x7d_cond33_21-atomized-bb-True,run_M0717_1x7d_cond33_21-atomized-bb-True.pdb,0,40,True,True,True
M0717_1x7d,rfflow_fixed-ligand_run_M0717_1x7d_cond33_22-atomized-bb-True,run_M0717_1x7d_cond33_22-atomized-bb-True.pdb,0,40,True,True,True
M0717_1x7d,rfflow_fixed-ligand_run_M0717_1x7d_cond33_23-atomized-bb-True,run_M0717_1x7d_cond33_23-atomized-bb-True.pdb,0,40,True,True,True
M0717_1x7d,rfflow_fixed-ligand_run_M0717_1x7d_cond33_24-atomized-bb-True,run_M0717_1x7d_cond33_24-atomized-bb-True.pdb,11,40,False,True,False
M0717_1x7d,rfflow_fixed-ligand_run_M0717_1x7d_cond33_25-atomized-bb-True,run_M0717_1x7d_cond33_25-atomized-bb-True.pdb,26,40,False,True,False
M0717_1x7d,rfflow_fixed-ligand_run_M0717_1x7d_cond33_26-atomized-bb-True,run_M0717_1x7d_cond33_26-atomized-bb-True.pdb,2,40,False,True,False
M0717_1x7d,rfflow_fixed-ligand_run_M0717_1x7d_cond33_27-atomized-bb-True,run_M0717_1x7d_cond33_27-atomized-bb-True.pdb,2,40,False,True,False
M0717_1x7d,rfflow_fixed-ligand_run_M0717_1x7d_cond33_28-atomized-bb-True,run_M0717_1x7d_cond33_28-atomized-bb-True.pdb,0,40,True,True,True
M0717_1x7d,rfflow_fixed-ligand_run_M0717_1x7d_cond33_29-atomized-bb-True,run_M0717_1x7d_cond33_29-atomized-bb-True.pdb,3,40,False,True,False
M0717_1x7d,rfflow_fixed-ligand_run_M0717_1x7d_cond33_3-atomized-bb-True,run_M0717_1x7d_cond33_3-atomized-bb-True.pdb,5,40,False,True,False
M0717_1x7d,rfflow_fixed-ligand_run_M0717_1x7d_cond33_30-atomized-bb-True,run_M0717_1x7d_cond33_30-atomized-bb-True.pdb,0,40,True,True,True
M0717_1x7d,rfflow_fixed-ligand_run_M0717_1x7d_cond33_31-atomized-bb-True,run_M0717_1x7d_cond33_31-atomized-bb-True.pdb,0,40,True,True,True
M0717_1x7d,rfflow_fixed-ligand_run_M0717_1x7d_cond33_32-atomized-bb-True,run_M0717_1x7d_cond33_32-atomized-bb-True.pdb,9,40,False,True,False
M0717_1x7d,rfflow_fixed-ligand_run_M0717_1x7d_cond33_33-atomized-bb-True,run_M0717_1x7d_cond33_33-atomized-bb-True.pdb,0,40,True,True,True
M0717_1x7d,rfflow_fixed-ligand_run_M0717_1x7d_cond33_34-atomized-bb-True,run_M0717_1x7d_cond33_34-atomized-bb-True.pdb,0,40,True,True,True
M0717_1x7d,rfflow_fixed-ligand_run_M0717_1x7d_cond33_35-atomized-bb-True,run_M0717_1x7d_cond33_35-atomized-bb-True.pdb,0,40,True,True,True
M0717_1x7d,rfflow_fixed-ligand_run_M0717_1x7d_cond33_36-atomized-bb-True,run_M0717_1x7d_cond33_36-atomized-bb-True.pdb,2,40,False,True,False
M0717_1x7d,rfflow_fixed-ligand_run_M0717_1x7d_cond33_37-atomized-bb-True,run_M0717_1x7d_cond33_37-atomized-bb-True.pdb,6,40,False,True,False
M0717_1x7d,rfflow_fixed-ligand_run_M0717_1x7d_cond33_38-atomized-bb-True,run_M0717_1x7d_cond33_38-atomized-bb-True.pdb,0,40,True,True,True
M0717_1x7d,rfflow_fixed-ligand_run_M0717_1x7d_cond33_39-atomized-bb-True,run_M0717_1x7d_cond33_39-atomized-bb-True.pdb,11,40,False,True,False
M0717_1x7d,rfflow_fixed-ligand_run_M0717_1x7d_cond33_4-atomized-bb-True,run_M0717_1x7d_cond33_4-atomized-bb-True.pdb,8,40,False,True,False
M0717_1x7d,rfflow_fixed-ligand_run_M0717_1x7d_cond33_40-atomized-bb-True,run_M0717_1x7d_cond33_40-atomized-bb-True.pdb,0,40,True,True,True
M0717_1x7d,rfflow_fixed-ligand_run_M0717_1x7d_cond33_41-atomized-bb-True,run_M0717_1x7d_cond33_41-atomized-bb-True.pdb,1,40,False,True,False
M0717_1x7d,rfflow_fixed-ligand_run_M0717_1x7d_cond33_42-atomized-bb-True,run_M0717_1x7d_cond33_42-atomized-bb-True.pdb,3,40,False,True,False
M0717_1x7d,rfflow_fixed-ligand_run_M0717_1x7d_cond33_43-atomized-bb-True,run_M0717_1x7d_cond33_43-atomized-bb-True.pdb,11,40,False,True,False
M0717_1x7d,rfflow_fixed-ligand_run_M0717_1x7d_cond33_44-atomized-bb-True,run_M0717_1x7d_cond33_44-atomized-bb-True.pdb,3,40,False,True,False
M0717_1x7d,rfflow_fixed-ligand_run_M0717_1x7d_cond33_45-atomized-bb-True,run_M0717_1x7d_cond33_45-atomized-bb-True.pdb,3,40,False,True,False
M0717_1x7d,rfflow_fixed-ligand_run_M0717_1x7d_cond33_46-atomized-bb-True,run_M0717_1x7d_cond33_46-atomized-bb-True.pdb,0,40,True,True,True
M0717_1x7d,rfflow_fixed-ligand_run_M0717_1x7d_cond33_47-atomized-bb-True,run_M0717_1x7d_cond33_47-atomized-bb-True.pdb,0,40,True,True,True
M0717_1x7d,rfflow_fixed-ligand_run_M0717_1x7d_cond33_48-atomized-bb-True,run_M0717_1x7d_cond33_48-atomized-bb-True.pdb,0,40,True,True,True
M0717_1x7d,rfflow_fixed-ligand_run_M0717_1x7d_cond33_49-atomized-bb-True,run_M0717_1x7d_cond33_49-atomized-bb-True.pdb,0,40,True,True,True
M0717_1x7d,rfflow_fixed-ligand_run_M0717_1x7d_cond33_5-atomized-bb-True,run_M0717_1x7d_cond33_5-atomized-bb-True.pdb,0,40,True,True,True
M0717_1x7d,rfflow_fixed-ligand_run_M0717_1x7d_cond33_50-atomized-bb-True,run_M0717_1x7d_cond33_50-atomized-bb-True.pdb,25,40,False,True,False
M0717_1x7d,rfflow_fixed-ligand_run_M0717_1x7d_cond33_51-atomized-bb-True,run_M0717_1x7d_cond33_51-atomized-bb-True.pdb,31,40,False,True,False
M0717_1x7d,rfflow_fixed-ligand_run_M0717_1x7d_cond33_52-atomized-bb-True,run_M0717_1x7d_cond33_52-atomized-bb-True.pdb,6,40,False,True,False
M0717_1x7d,rfflow_fixed-ligand_run_M0717_1x7d_cond33_53-atomized-bb-True,run_M0717_1x7d_cond33_53-atomized-bb-True.pdb,0,40,True,True,True
M0717_1x7d,rfflow_fixed-ligand_run_M0717_1x7d_cond33_54-atomized-bb-True,run_M0717_1x7d_cond33_54-atomized-bb-True.pdb,5,40,False,True,False
M0717_1x7d,rfflow_fixed-ligand_run_M0717_1x7d_cond33_55-atomized-bb-True,run_M0717_1x7d_cond33_55-atomized-bb-True.pdb,10,40,False,True,False
M0717_1x7d,rfflow_fixed-ligand_run_M0717_1x7d_cond33_56-atomized-bb-True,run_M0717_1x7d_cond33_56-atomized-bb-True.pdb,1,40,False,True,False
M0717_1x7d,rfflow_fixed-ligand_run_M0717_1x7d_cond33_57-atomized-bb-True,run_M0717_1x7d_cond33_57-atomized-bb-True.pdb,0,40,True,False,False
M0717_1x7d,rfflow_fixed-ligand_run_M0717_1x7d_cond33_58-atomized-bb-True,run_M0717_1x7d_cond33_58-atomized-bb-True.pdb,1,40,False,True,False
M0717_1x7d,rfflow_fixed-ligand_run_M0717_1x7d_cond33_59-atomized-bb-True,run_M0717_1x7d_cond33_59-atomized-bb-True.pdb,13,40,False,True,False
M0717_1x7d,rfflow_fixed-ligand_run_M0717_1x7d_cond33_6-atomized-bb-True,run_M0717_1x7d_cond33_6-atomized-bb-True.pdb,2,40,False,True,False
M0717_1x7d,rfflow_fixed-ligand_run_M0717_1x7d_cond33_60-atomized-bb-True,run_M0717_1x7d_cond33_60-atomized-bb-True.pdb,7,40,False,True,False
M0717_1x7d,rfflow_fixed-ligand_run_M0717_1x7d_cond33_61-atomized-bb-True,run_M0717_1x7d_cond33_61-atomized-bb-True.pdb,0,40,True,False,False
M0717_1x7d,rfflow_fixed-ligand_run_M0717_1x7d_cond33_62-atomized-bb-True,run_M0717_1x7d_cond33_62-atomized-bb-True.pdb,7,40,False,True,False
M0717_1x7d,rfflow_fixed-ligand_run_M0717_1x7d_cond33_63-atomized-bb-True,run_M0717_1x7d_cond33_63-atomized-bb-True.pdb,1,40,False,True,False
M0717_1x7d,rfflow_fixed-ligand_run_M0717_1x7d_cond33_64-atomized-bb-True,run_M0717_1x7d_cond33_64-atomized-bb-True.pdb,5,40,False,True,False
M0717_1x7d,rfflow_fixed-ligand_run_M0717_1x7d_cond33_65-atomized-bb-True,run_M0717_1x7d_cond33_65-atomized-bb-True.pdb,10,40,False,True,False
M0717_1x7d,rfflow_fixed-ligand_run_M0717_1x7d_cond33_66-atomized-bb-True,run_M0717_1x7d_cond33_66-atomized-bb-True.pdb,10,40,False,True,False
M0717_1x7d,rfflow_fixed-ligand_run_M0717_1x7d_cond33_67-atomized-bb-True,run_M0717_1x7d_cond33_67-atomized-bb-True.pdb,14,40,False,True,False
M0717_1x7d,rfflow_fixed-ligand_run_M0717_1x7d_cond33_68-atomized-bb-True,run_M0717_1x7d_cond33_68-atomized-bb-True.pdb,0,40,True,False,False
M0717_1x7d,rfflow_fixed-ligand_run_M0717_1x7d_cond33_69-atomized-bb-True,run_M0717_1x7d_cond33_69-atomized-bb-True.pdb,5,40,False,True,False
M0717_1x7d,rfflow_fixed-ligand_run_M0717_1x7d_cond33_7-atomized-bb-True,run_M0717_1x7d_cond33_7-atomized-bb-True.pdb,0,40,True,True,True
M0717_1x7d,rfflow_fixed-ligand_run_M0717_1x7d_cond33_70-atomized-bb-True,run_M0717_1x7d_cond33_70-atomized-bb-True.pdb,2,40,False,True,False
M0717_1x7d,rfflow_fixed-ligand_run_M0717_1x7d_cond33_71-atomized-bb-True,run_M0717_1x7d_cond33_71-atomized-bb-True.pdb,13,40,False,True,False
M0717_1x7d,rfflow_fixed-ligand_run_M0717_1x7d_cond33_72-atomized-bb-True,run_M0717_1x7d_cond33_72-atomized-bb-True.pdb,11,40,False,True,False
M0717_1x7d,rfflow_fixed-ligand_run_M0717_1x7d_cond33_73-atomized-bb-True,run_M0717_1x7d_cond33_73-atomized-bb-True.pdb,1,40,False,True,False
M0717_1x7d,rfflow_fixed-ligand_run_M0717_1x7d_cond33_74-atomized-bb-True,run_M0717_1x7d_cond33_74-atomized-bb-True.pdb,0,40,True,True,True
M0717_1x7d,rfflow_fixed-ligand_run_M0717_1x7d_cond33_75-atomized-bb-True,run_M0717_1x7d_cond33_75-atomized-bb-True.pdb,0,40,True,True,True
M0717_1x7d,rfflow_fixed-ligand_run_M0717_1x7d_cond33_76-atomized-bb-True,run_M0717_1x7d_cond33_76-atomized-bb-True.pdb,12,40,False,True,False
M0717_1x7d,rfflow_fixed-ligand_run_M0717_1x7d_cond33_77-atomized-bb-True,run_M0717_1x7d_cond33_77-atomized-bb-True.pdb,15,40,False,True,False
M0717_1x7d,rfflow_fixed-ligand_run_M0717_1x7d_cond33_78-atomized-bb-True,run_M0717_1x7d_cond33_78-atomized-bb-True.pdb,0,40,True,False,False
M0717_1x7d,rfflow_fixed-ligand_run_M0717_1x7d_cond33_79-atomized-bb-True,run_M0717_1x7d_cond33_79-atomized-bb-True.pdb,0,40,True,True,True
M0717_1x7d,rfflow_fixed-ligand_run_M0717_1x7d_cond33_8-atomized-bb-True,run_M0717_1x7d_cond33_8-atomized-bb-True.pdb,0,40,True,True,True
M0717_1x7d,rfflow_fixed-ligand_run_M0717_1x7d_cond33_80-atomized-bb-True,run_M0717_1x7d_cond33_80-atomized-bb-True.pdb,11,40,False,True,False
M0717_1x7d,rfflow_fixed-ligand_run_M0717_1x7d_cond33_81-atomized-bb-True,run_M0717_1x7d_cond33_81-atomized-bb-True.pdb,1,40,False,True,False
M0717_1x7d,rfflow_fixed-ligand_run_M0717_1x7d_cond33_82-atomized-bb-True,run_M0717_1x7d_cond33_82-atomized-bb-True.pdb,10,40,False,True,False
M0717_1x7d,rfflow_fixed-ligand_run_M0717_1x7d_cond33_83-atomized-bb-True,run_M0717_1x7d_cond33_83-atomized-bb-True.pdb,5,40,False,True,False
M0717_1x7d,rfflow_fixed-ligand_run_M0717_1x7d_cond33_84-atomized-bb-True,run_M0717_1x7d_cond33_84-atomized-bb-True.pdb,0,40,True,True,True
M0717_1x7d,rfflow_fixed-ligand_run_M0717_1x7d_cond33_85-atomized-bb-True,run_M0717_1x7d_cond33_85-atomized-bb-True.pdb,1,40,False,True,False
M0717_1x7d,rfflow_fixed-ligand_run_M0717_1x7d_cond33_86-atomized-bb-True,run_M0717_1x7d_cond33_86-atomized-bb-True.pdb,1,40,False,True,False
M0717_1x7d,rfflow_fixed-ligand_run_M0717_1x7d_cond33_87-atomized-bb-True,run_M0717_1x7d_cond33_87-atomized-bb-True.pdb,0,40,True,False,False
M0717_1x7d,rfflow_fixed-ligand_run_M0717_1x7d_cond33_88-atomized-bb-True,run_M0717_1x7d_cond33_88-atomized-bb-True.pdb,1,40,False,True,False
M0717_1x7d,rfflow_fixed-ligand_run_M0717_1x7d_cond33_89-atomized-bb-True,run_M0717_1x7d_cond33_89-atomized-bb-True.pdb,0,40,True,True,True
M0717_1x7d,rfflow_fixed-ligand_run_M0717_1x7d_cond33_9-atomized-bb-True,run_M0717_1x7d_cond33_9-atomized-bb-True.pdb,36,40,False,True,False
M0717_1x7d,rfflow_fixed-ligand_run_M0717_1x7d_cond33_90-atomized-bb-True,run_M0717_1x7d_cond33_90-atomized-bb-True.pdb,0,40,True,True,True
M0717_1x7d,rfflow_fixed-ligand_run_M0717_1x7d_cond33_91-atomized-bb-True,run_M0717_1x7d_cond33_91-atomized-bb-True.pdb,0,40,True,True,True
M0717_1x7d,rfflow_fixed-ligand_run_M0717_1x7d_cond33_92-atomized-bb-True,run_M0717_1x7d_cond33_92-atomized-bb-True.pdb,0,40,True,True,True
M0717_1x7d,rfflow_fixed-ligand_run_M0717_1x7d_cond33_93-atomized-bb-True,run_M0717_1x7d_cond33_93-atomized-bb-True.pdb,1,40,False,True,False
M0717_1x7d,rfflow_fixed-ligand_run_M0717_1x7d_cond33_94-atomized-bb-True,run_M0717_1x7d_cond33_94-atomized-bb-True.pdb,15,40,False,True,False
M0717_1x7d,rfflow_fixed-ligand_run_M0717_1x7d_cond33_95-atomized-bb-True,run_M0717_1x7d_cond33_95-atomized-bb-True.pdb,0,40,True,True,True
M0717_1x7d,rfflow_fixed-ligand_run_M0717_1x7d_cond33_96-atomized-bb-True,run_M0717_1x7d_cond33_96-atomized-bb-True.pdb,0,40,True,True,True
M0717_1x7d,rfflow_fixed-ligand_run_M0717_1x7d_cond33_97-atomized-bb-True,run_M0717_1x7d_cond33_97-atomized-bb-True.pdb,0,40,True,False,False
M0717_1x7d,rfflow_fixed-ligand_run_M0717_1x7d_cond33_98-atomized-bb-True,run_M0717_1x7d_cond33_98-atomized-bb-True.pdb,3,40,False,True,False
M0717_1x7d,rfflow_fixed-ligand_run_M0717_1x7d_cond33_99-atomized-bb-True,run_M0717_1x7d_cond33_99-atomized-bb-True.pdb,13,40,False,True,False
M0731_1mt5,rfflow_fixed-ligand_run_M0731_1mt5_cond34_0-atomized-bb-True,run_M0731_1mt5_cond34_0-atomized-bb-True.pdb,0,40,True,False,False
M0731_1mt5,rfflow_fixed-ligand_run_M0731_1mt5_cond34_1-atomized-bb-True,run_M0731_1mt5_cond34_1-atomized-bb-True.pdb,0,40,True,True,True
M0731_1mt5,rfflow_fixed-ligand_run_M0731_1mt5_cond34_10-atomized-bb-True,run_M0731_1mt5_cond34_10-atomized-bb-True.pdb,0,40,True,True,True
M0731_1mt5,rfflow_fixed-ligand_run_M0731_1mt5_cond34_11-atomized-bb-True,run_M0731_1mt5_cond34_11-atomized-bb-True.pdb,0,40,True,True,True
M0731_1mt5,rfflow_fixed-ligand_run_M0731_1mt5_cond34_12-atomized-bb-True,run_M0731_1mt5_cond34_12-atomized-bb-True.pdb,0,40,True,True,True
M0731_1mt5,rfflow_fixed-ligand_run_M0731_1mt5_cond34_13-atomized-bb-True,run_M0731_1mt5_cond34_13-atomized-bb-True.pdb,0,40,True,True,True
M0731_1mt5,rfflow_fixed-ligand_run_M0731_1mt5_cond34_14-atomized-bb-True,run_M0731_1mt5_cond34_14-atomized-bb-True.pdb,0,40,True,True,True
M0731_1mt5,rfflow_fixed-ligand_run_M0731_1mt5_cond34_15-atomized-bb-True,run_M0731_1mt5_cond34_15-atomized-bb-True.pdb,2,40,False,True,False
M0731_1mt5,rfflow_fixed-ligand_run_M0731_1mt5_cond34_16-atomized-bb-True,run_M0731_1mt5_cond34_16-atomized-bb-True.pdb,0,40,True,True,True
M0731_1mt5,rfflow_fixed-ligand_run_M0731_1mt5_cond34_17-atomized-bb-True,run_M0731_1mt5_cond34_17-atomized-bb-True.pdb,0,40,True,False,False
M0731_1mt5,rfflow_fixed-ligand_run_M0731_1mt5_cond34_18-atomized-bb-True,run_M0731_1mt5_cond34_18-atomized-bb-True.pdb,0,40,True,True,True
M0731_1mt5,rfflow_fixed-ligand_run_M0731_1mt5_cond34_19-atomized-bb-True,run_M0731_1mt5_cond34_19-atomized-bb-True.pdb,0,40,True,True,True
M0731_1mt5,rfflow_fixed-ligand_run_M0731_1mt5_cond34_2-atomized-bb-True,run_M0731_1mt5_cond34_2-atomized-bb-True.pdb,0,40,True,True,True
M0731_1mt5,rfflow_fixed-ligand_run_M0731_1mt5_cond34_20-atomized-bb-True,run_M0731_1mt5_cond34_20-atomized-bb-True.pdb,0,40,True,True,True
M0731_1mt5,rfflow_fixed-ligand_run_M0731_1mt5_cond34_21-atomized-bb-True,run_M0731_1mt5_cond34_21-atomized-bb-True.pdb,0,40,True,True,True
M0731_1mt5,rfflow_fixed-ligand_run_M0731_1mt5_cond34_22-atomized-bb-True,run_M0731_1mt5_cond34_22-atomized-bb-True.pdb,0,40,True,True,True
M0731_1mt5,rfflow_fixed-ligand_run_M0731_1mt5_cond34_23-atomized-bb-True,run_M0731_1mt5_cond34_23-atomized-bb-True.pdb,0,40,True,True,True
M0731_1mt5,rfflow_fixed-ligand_run_M0731_1mt5_cond34_24-atomized-bb-True,run_M0731_1mt5_cond34_24-atomized-bb-True.pdb,0,40,True,True,True
M0731_1mt5,rfflow_fixed-ligand_run_M0731_1mt5_cond34_25-atomized-bb-True,run_M0731_1mt5_cond34_25-atomized-bb-True.pdb,0,40,True,True,True
M0731_1mt5,rfflow_fixed-ligand_run_M0731_1mt5_cond34_26-atomized-bb-True,run_M0731_1mt5_cond34_26-atomized-bb-True.pdb,0,40,True,True,True
M0731_1mt5,rfflow_fixed-ligand_run_M0731_1mt5_cond34_27-atomized-bb-True,run_M0731_1mt5_cond34_27-atomized-bb-True.pdb,0,40,True,True,True
M0731_1mt5,rfflow_fixed-ligand_run_M0731_1mt5_cond34_28-atomized-bb-True,run_M0731_1mt5_cond34_28-atomized-bb-True.pdb,0,40,True,True,True
M0731_1mt5,rfflow_fixed-ligand_run_M0731_1mt5_cond34_29-atomized-bb-True,run_M0731_1mt5_cond34_29-atomized-bb-True.pdb,0,40,True,False,False
M0731_1mt5,rfflow_fixed-ligand_run_M0731_1mt5_cond34_3-atomized-bb-True,run_M0731_1mt5_cond34_3-atomized-bb-True.pdb,0,40,True,True,True
M0731_1mt5,rfflow_fixed-ligand_run_M0731_1mt5_cond34_30-atomized-bb-True,run_M0731_1mt5_cond34_30-atomized-bb-True.pdb,0,40,True,True,True
M0731_1mt5,rfflow_fixed-ligand_run_M0731_1mt5_cond34_31-atomized-bb-True,run_M0731_1mt5_cond34_31-atomized-bb-True.pdb,0,40,True,True,True
M0731_1mt5,rfflow_fixed-ligand_run_M0731_1mt5_cond34_32-atomized-bb-True,run_M0731_1mt5_cond34_32-atomized-bb-True.pdb,0,40,True,True,True
M0731_1mt5,rfflow_fixed-ligand_run_M0731_1mt5_cond34_33-atomized-bb-True,run_M0731_1mt5_cond34_33-atomized-bb-True.pdb,0,40,True,True,True
M0731_1mt5,rfflow_fixed-ligand_run_M0731_1mt5_cond34_34-atomized-bb-True,run_M0731_1mt5_cond34_34-atomized-bb-True.pdb,0,40,True,True,True
M0731_1mt5,rfflow_fixed-ligand_run_M0731_1mt5_cond34_35-atomized-bb-True,run_M0731_1mt5_cond34_35-atomized-bb-True.pdb,0,40,True,True,True
M0731_1mt5,rfflow_fixed-ligand_run_M0731_1mt5_cond34_36-atomized-bb-True,run_M0731_1mt5_cond34_36-atomized-bb-True.pdb,0,40,True,True,True
M0731_1mt5,rfflow_fixed-ligand_run_M0731_1mt5_cond34_37-atomized-bb-True,run_M0731_1mt5_cond34_37-atomized-bb-True.pdb,0,40,True,True,True
M0731_1mt5,rfflow_fixed-ligand_run_M0731_1mt5_cond34_38-atomized-bb-True,run_M0731_1mt5_cond34_38-atomized-bb-True.pdb,0,40,True,True,True
M0731_1mt5,rfflow_fixed-ligand_run_M0731_1mt5_cond34_39-atomized-bb-True,run_M0731_1mt5_cond34_39-atomized-bb-True.pdb,0,40,True,True,True
M0731_1mt5,rfflow_fixed-ligand_run_M0731_1mt5_cond34_4-atomized-bb-True,run_M0731_1mt5_cond34_4-atomized-bb-True.pdb,0,40,True,True,True
M0731_1mt5,rfflow_fixed-ligand_run_M0731_1mt5_cond34_40-atomized-bb-True,run_M0731_1mt5_cond34_40-atomized-bb-True.pdb,0,40,True,True,True
M0731_1mt5,rfflow_fixed-ligand_run_M0731_1mt5_cond34_41-atomized-bb-True,run_M0731_1mt5_cond34_41-atomized-bb-True.pdb,0,40,True,True,True
M0731_1mt5,rfflow_fixed-ligand_run_M0731_1mt5_cond34_42-atomized-bb-True,run_M0731_1mt5_cond34_42-atomized-bb-True.pdb,0,40,True,True,True
M0731_1mt5,rfflow_fixed-ligand_run_M0731_1mt5_cond34_43-atomized-bb-True,run_M0731_1mt5_cond34_43-atomized-bb-True.pdb,0,40,True,True,True
M0731_1mt5,rfflow_fixed-ligand_run_M0731_1mt5_cond34_44-atomized-bb-True,run_M0731_1mt5_cond34_44-atomized-bb-True.pdb,0,40,True,False,False
M0731_1mt5,rfflow_fixed-ligand_run_M0731_1mt5_cond34_45-atomized-bb-True,run_M0731_1mt5_cond34_45-atomized-bb-True.pdb,0,40,True,True,True
M0731_1mt5,rfflow_fixed-ligand_run_M0731_1mt5_cond34_46-atomized-bb-True,run_M0731_1mt5_cond34_46-atomized-bb-True.pdb,0,40,True,True,True
M0731_1mt5,rfflow_fixed-ligand_run_M0731_1mt5_cond34_47-atomized-bb-True,run_M0731_1mt5_cond34_47-atomized-bb-True.pdb,0,40,True,True,True
M0731_1mt5,rfflow_fixed-ligand_run_M0731_1mt5_cond34_48-atomized-bb-True,run_M0731_1mt5_cond34_48-atomized-bb-True.pdb,0,40,True,True,True
M0731_1mt5,rfflow_fixed-ligand_run_M0731_1mt5_cond34_49-atomized-bb-True,run_M0731_1mt5_cond34_49-atomized-bb-True.pdb,0,40,True,True,True
M0731_1mt5,rfflow_fixed-ligand_run_M0731_1mt5_cond34_5-atomized-bb-True,run_M0731_1mt5_cond34_5-atomized-bb-True.pdb,1,40,False,True,False
M0731_1mt5,rfflow_fixed-ligand_run_M0731_1mt5_cond34_50-atomized-bb-True,run_M0731_1mt5_cond34_50-atomized-bb-True.pdb,0,40,True,False,False
M0731_1mt5,rfflow_fixed-ligand_run_M0731_1mt5_cond34_51-atomized-bb-True,run_M0731_1mt5_cond34_51-atomized-bb-True.pdb,0,40,True,False,False
M0731_1mt5,rfflow_fixed-ligand_run_M0731_1mt5_cond34_52-atomized-bb-True,run_M0731_1mt5_cond34_52-atomized-bb-True.pdb,0,40,True,True,True
M0731_1mt5,rfflow_fixed-ligand_run_M0731_1mt5_cond34_53-atomized-bb-True,run_M0731_1mt5_cond34_53-atomized-bb-True.pdb,0,40,True,True,True
M0731_1mt5,rfflow_fixed-ligand_run_M0731_1mt5_cond34_54-atomized-bb-True,run_M0731_1mt5_cond34_54-atomized-bb-True.pdb,0,40,True,True,True
M0731_1mt5,rfflow_fixed-ligand_run_M0731_1mt5_cond34_55-atomized-bb-True,run_M0731_1mt5_cond34_55-atomized-bb-True.pdb,0,40,True,True,True
M0731_1mt5,rfflow_fixed-ligand_run_M0731_1mt5_cond34_56-atomized-bb-True,run_M0731_1mt5_cond34_56-atomized-bb-True.pdb,0,40,True,True,True
M0731_1mt5,rfflow_fixed-ligand_run_M0731_1mt5_cond34_57-atomized-bb-True,run_M0731_1mt5_cond34_57-atomized-bb-True.pdb,0,40,True,True,True
M0731_1mt5,rfflow_fixed-ligand_run_M0731_1mt5_cond34_58-atomized-bb-True,run_M0731_1mt5_cond34_58-atomized-bb-True.pdb,0,40,True,False,False
M0731_1mt5,rfflow_fixed-ligand_run_M0731_1mt5_cond34_59-atomized-bb-True,run_M0731_1mt5_cond34_59-atomized-bb-True.pdb,0,40,True,True,True
M0731_1mt5,rfflow_fixed-ligand_run_M0731_1mt5_cond34_6-atomized-bb-True,run_M0731_1mt5_cond34_6-atomized-bb-True.pdb,0,40,True,True,True
M0731_1mt5,rfflow_fixed-ligand_run_M0731_1mt5_cond34_60-atomized-bb-True,run_M0731_1mt5_cond34_60-atomized-bb-True.pdb,0,40,True,False,False
M0731_1mt5,rfflow_fixed-ligand_run_M0731_1mt5_cond34_61-atomized-bb-True,run_M0731_1mt5_cond34_61-atomized-bb-True.pdb,0,40,True,False,False
M0731_1mt5,rfflow_fixed-ligand_run_M0731_1mt5_cond34_62-atomized-bb-True,run_M0731_1mt5_cond34_62-atomized-bb-True.pdb,0,40,True,True,True
M0731_1mt5,rfflow_fixed-ligand_run_M0731_1mt5_cond34_63-atomized-bb-True,run_M0731_1mt5_cond34_63-atomized-bb-True.pdb,2,40,False,True,False
M0731_1mt5,rfflow_fixed-ligand_run_M0731_1mt5_cond34_64-atomized-bb-True,run_M0731_1mt5_cond34_64-atomized-bb-True.pdb,0,40,True,True,True
M0731_1mt5,rfflow_fixed-ligand_run_M0731_1mt5_cond34_65-atomized-bb-True,run_M0731_1mt5_cond34_65-atomized-bb-True.pdb,0,40,True,True,True
M0731_1mt5,rfflow_fixed-ligand_run_M0731_1mt5_cond34_66-atomized-bb-True,run_M0731_1mt5_cond34_66-atomized-bb-True.pdb,0,40,True,True,True
M0731_1mt5,rfflow_fixed-ligand_run_M0731_1mt5_cond34_67-atomized-bb-True,run_M0731_1mt5_cond34_67-atomized-bb-True.pdb,0,40,True,True,True
M0731_1mt5,rfflow_fixed-ligand_run_M0731_1mt5_cond34_68-atomized-bb-True,run_M0731_1mt5_cond34_68-atomized-bb-True.pdb,0,40,True,True,True
M0731_1mt5,rfflow_fixed-ligand_run_M0731_1mt5_cond34_69-atomized-bb-True,run_M0731_1mt5_cond34_69-atomized-bb-True.pdb,0,40,True,True,True
M0731_1mt5,rfflow_fixed-ligand_run_M0731_1mt5_cond34_7-atomized-bb-True,run_M0731_1mt5_cond34_7-atomized-bb-True.pdb,0,40,True,True,True
M0731_1mt5,rfflow_fixed-ligand_run_M0731_1mt5_cond34_70-atomized-bb-True,run_M0731_1mt5_cond34_70-atomized-bb-True.pdb,0,40,True,True,True
M0731_1mt5,rfflow_fixed-ligand_run_M0731_1mt5_cond34_71-atomized-bb-True,run_M0731_1mt5_cond34_71-atomized-bb-True.pdb,0,40,True,True,True
M0731_1mt5,rfflow_fixed-ligand_run_M0731_1mt5_cond34_72-atomized-bb-True,run_M0731_1mt5_cond34_72-atomized-bb-True.pdb,0,40,True,True,True
M0731_1mt5,rfflow_fixed-ligand_run_M0731_1mt5_cond34_73-atomized-bb-True,run_M0731_1mt5_cond34_73-atomized-bb-True.pdb,0,40,True,True,True
M0731_1mt5,rfflow_fixed-ligand_run_M0731_1mt5_cond34_74-atomized-bb-True,run_M0731_1mt5_cond34_74-atomized-bb-True.pdb,0,40,True,True,True
M0731_1mt5,rfflow_fixed-ligand_run_M0731_1mt5_cond34_75-atomized-bb-True,run_M0731_1mt5_cond34_75-atomized-bb-True.pdb,0,40,True,True,True
M0731_1mt5,rfflow_fixed-ligand_run_M0731_1mt5_cond34_76-atomized-bb-True,run_M0731_1mt5_cond34_76-atomized-bb-True.pdb,0,40,True,True,True
M0731_1mt5,rfflow_fixed-ligand_run_M0731_1mt5_cond34_77-atomized-bb-True,run_M0731_1mt5_cond34_77-atomized-bb-True.pdb,0,40,True,True,True
M0731_1mt5,rfflow_fixed-ligand_run_M0731_1mt5_cond34_78-atomized-bb-True,run_M0731_1mt5_cond34_78-atomized-bb-True.pdb,0,40,True,True,True
M0731_1mt5,rfflow_fixed-ligand_run_M0731_1mt5_cond34_79-atomized-bb-True,run_M0731_1mt5_cond34_79-atomized-bb-True.pdb,0,40,True,True,True
M0731_1mt5,rfflow_fixed-ligand_run_M0731_1mt5_cond34_8-atomized-bb-True,run_M0731_1mt5_cond34_8-atomized-bb-True.pdb,0,40,True,True,True
M0731_1mt5,rfflow_fixed-ligand_run_M0731_1mt5_cond34_80-atomized-bb-True,run_M0731_1mt5_cond34_80-atomized-bb-True.pdb,0,40,True,True,True
M0731_1mt5,rfflow_fixed-ligand_run_M0731_1mt5_cond34_81-atomized-bb-True,run_M0731_1mt5_cond34_81-atomized-bb-True.pdb,0,40,True,True,True
M0731_1mt5,rfflow_fixed-ligand_run_M0731_1mt5_cond34_82-atomized-bb-True,run_M0731_1mt5_cond34_82-atomized-bb-True.pdb,0,40,True,True,True
M0731_1mt5,rfflow_fixed-ligand_run_M0731_1mt5_cond34_83-atomized-bb-True,run_M0731_1mt5_cond34_83-atomized-bb-True.pdb,0,40,True,True,True
M0731_1mt5,rfflow_fixed-ligand_run_M0731_1mt5_cond34_84-atomized-bb-True,run_M0731_1mt5_cond34_84-atomized-bb-True.pdb,0,40,True,True,True
M0731_1mt5,rfflow_fixed-ligand_run_M0731_1mt5_cond34_85-atomized-bb-True,run_M0731_1mt5_cond34_85-atomized-bb-True.pdb,0,40,True,True,True
M0731_1mt5,rfflow_fixed-ligand_run_M0731_1mt5_cond34_86-atomized-bb-True,run_M0731_1mt5_cond34_86-atomized-bb-True.pdb,0,40,True,False,False
M0731_1mt5,rfflow_fixed-ligand_run_M0731_1mt5_cond34_87-atomized-bb-True,run_M0731_1mt5_cond34_87-atomized-bb-True.pdb,0,40,True,True,True
M0731_1mt5,rfflow_fixed-ligand_run_M0731_1mt5_cond34_88-atomized-bb-True,run_M0731_1mt5_cond34_88-atomized-bb-True.pdb,0,40,True,True,True
M0731_1mt5,rfflow_fixed-ligand_run_M0731_1mt5_cond34_89-atomized-bb-True,run_M0731_1mt5_cond34_89-atomized-bb-True.pdb,0,40,True,False,False
M0731_1mt5,rfflow_fixed-ligand_run_M0731_1mt5_cond34_9-atomized-bb-True,run_M0731_1mt5_cond34_9-atomized-bb-True.pdb,0,40,True,True,True
M0731_1mt5,rfflow_fixed-ligand_run_M0731_1mt5_cond34_90-atomized-bb-True,run_M0731_1mt5_cond34_90-atomized-bb-True.pdb,0,40,True,True,True
M0731_1mt5,rfflow_fixed-ligand_run_M0731_1mt5_cond34_91-atomized-bb-True,run_M0731_1mt5_cond34_91-atomized-bb-True.pdb,0,40,True,False,False
M0731_1mt5,rfflow_fixed-ligand_run_M0731_1mt5_cond34_92-atomized-bb-True,run_M0731_1mt5_cond34_92-atomized-bb-True.pdb,0,40,True,True,True
M0731_1mt5,rfflow_fixed-ligand_run_M0731_1mt5_cond34_93-atomized-bb-True,run_M0731_1mt5_cond34_93-atomized-bb-True.pdb,0,40,True,True,True
M0731_1mt5,rfflow_fixed-ligand_run_M0731_1mt5_cond34_94-atomized-bb-True,run_M0731_1mt5_cond34_94-atomized-bb-True.pdb,0,40,True,True,True
M0731_1mt5,rfflow_fixed-ligand_run_M0731_1mt5_cond34_95-atomized-bb-True,run_M0731_1mt5_cond34_95-atomized-bb-True.pdb,0,40,True,True,True
M0731_1mt5,rfflow_fixed-ligand_run_M0731_1mt5_cond34_96-atomized-bb-True,run_M0731_1mt5_cond34_96-atomized-bb-True.pdb,5,40,False,True,False
M0731_1mt5,rfflow_fixed-ligand_run_M0731_1mt5_cond34_97-atomized-bb-True,run_M0731_1mt5_cond34_97-atomized-bb-True.pdb,0,40,True,True,True
M0731_1mt5,rfflow_fixed-ligand_run_M0731_1mt5_cond34_98-atomized-bb-True,run_M0731_1mt5_cond34_98-atomized-bb-True.pdb,0,40,True,True,True
M0731_1mt5,rfflow_fixed-ligand_run_M0731_1mt5_cond34_99-atomized-bb-True,run_M0731_1mt5_cond34_99-atomized-bb-True.pdb,0,40,True,False,False
M0732_1xs1,rfflow_fixed-ligand_run_M0732_1xs1_cond35_0-atomized-bb-True,run_M0732_1xs1_cond35_0-atomized-bb-True.pdb,0,40,True,False,False
M0732_1xs1,rfflow_fixed-ligand_run_M0732_1xs1_cond35_1-atomized-bb-True,run_M0732_1xs1_cond35_1-atomized-bb-True.pdb,0,40,True,True,True
M0732_1xs1,rfflow_fixed-ligand_run_M0732_1xs1_cond35_10-atomized-bb-True,run_M0732_1xs1_cond35_10-atomized-bb-True.pdb,0,40,True,True,True
M0732_1xs1,rfflow_fixed-ligand_run_M0732_1xs1_cond35_11-atomized-bb-True,run_M0732_1xs1_cond35_11-atomized-bb-True.pdb,0,40,True,True,True
M0732_1xs1,rfflow_fixed-ligand_run_M0732_1xs1_cond35_12-atomized-bb-True,run_M0732_1xs1_cond35_12-atomized-bb-True.pdb,0,40,True,True,True
M0732_1xs1,rfflow_fixed-ligand_run_M0732_1xs1_cond35_13-atomized-bb-True,run_M0732_1xs1_cond35_13-atomized-bb-True.pdb,0,40,True,True,True
M0732_1xs1,rfflow_fixed-ligand_run_M0732_1xs1_cond35_14-atomized-bb-True,run_M0732_1xs1_cond35_14-atomized-bb-True.pdb,0,40,True,True,True
M0732_1xs1,rfflow_fixed-ligand_run_M0732_1xs1_cond35_15-atomized-bb-True,run_M0732_1xs1_cond35_15-atomized-bb-True.pdb,0,40,True,True,True
M0732_1xs1,rfflow_fixed-ligand_run_M0732_1xs1_cond35_16-atomized-bb-True,run_M0732_1xs1_cond35_16-atomized-bb-True.pdb,0,40,True,True,True
M0732_1xs1,rfflow_fixed-ligand_run_M0732_1xs1_cond35_17-atomized-bb-True,run_M0732_1xs1_cond35_17-atomized-bb-True.pdb,0,40,True,True,True
M0732_1xs1,rfflow_fixed-ligand_run_M0732_1xs1_cond35_18-atomized-bb-True,run_M0732_1xs1_cond35_18-atomized-bb-True.pdb,0,40,True,True,True
M0732_1xs1,rfflow_fixed-ligand_run_M0732_1xs1_cond35_19-atomized-bb-True,run_M0732_1xs1_cond35_19-atomized-bb-True.pdb,0,40,True,True,True
M0732_1xs1,rfflow_fixed-ligand_run_M0732_1xs1_cond35_2-atomized-bb-True,run_M0732_1xs1_cond35_2-atomized-bb-True.pdb,0,40,True,False,False
M0732_1xs1,rfflow_fixed-ligand_run_M0732_1xs1_cond35_20-atomized-bb-True,run_M0732_1xs1_cond35_20-atomized-bb-True.pdb,0,40,True,True,True
M0732_1xs1,rfflow_fixed-ligand_run_M0732_1xs1_cond35_21-atomized-bb-True,run_M0732_1xs1_cond35_21-atomized-bb-True.pdb,0,40,True,True,True
M0732_1xs1,rfflow_fixed-ligand_run_M0732_1xs1_cond35_22-atomized-bb-True,run_M0732_1xs1_cond35_22-atomized-bb-True.pdb,0,40,True,True,True
M0732_1xs1,rfflow_fixed-ligand_run_M0732_1xs1_cond35_23-atomized-bb-True,run_M0732_1xs1_cond35_23-atomized-bb-True.pdb,1,40,False,True,False
M0732_1xs1,rfflow_fixed-ligand_run_M0732_1xs1_cond35_24-atomized-bb-True,run_M0732_1xs1_cond35_24-atomized-bb-True.pdb,9,40,False,True,False
M0732_1xs1,rfflow_fixed-ligand_run_M0732_1xs1_cond35_25-atomized-bb-True,run_M0732_1xs1_cond35_25-atomized-bb-True.pdb,0,40,True,True,True
M0732_1xs1,rfflow_fixed-ligand_run_M0732_1xs1_cond35_26-atomized-bb-True,run_M0732_1xs1_cond35_26-atomized-bb-True.pdb,0,40,True,True,True
M0732_1xs1,rfflow_fixed-ligand_run_M0732_1xs1_cond35_27-atomized-bb-True,run_M0732_1xs1_cond35_27-atomized-bb-True.pdb,0,40,True,True,True
M0732_1xs1,rfflow_fixed-ligand_run_M0732_1xs1_cond35_28-atomized-bb-True,run_M0732_1xs1_cond35_28-atomized-bb-True.pdb,0,40,True,True,True
M0732_1xs1,rfflow_fixed-ligand_run_M0732_1xs1_cond35_29-atomized-bb-True,run_M0732_1xs1_cond35_29-atomized-bb-True.pdb,0,40,True,True,True
M0732_1xs1,rfflow_fixed-ligand_run_M0732_1xs1_cond35_3-atomized-bb-True,run_M0732_1xs1_cond35_3-atomized-bb-True.pdb,0,40,True,True,True
M0732_1xs1,rfflow_fixed-ligand_run_M0732_1xs1_cond35_30-atomized-bb-True,run_M0732_1xs1_cond35_30-atomized-bb-True.pdb,0,40,True,True,True
M0732_1xs1,rfflow_fixed-ligand_run_M0732_1xs1_cond35_31-atomized-bb-True,run_M0732_1xs1_cond35_31-atomized-bb-True.pdb,0,40,True,True,True
M0732_1xs1,rfflow_fixed-ligand_run_M0732_1xs1_cond35_32-atomized-bb-True,run_M0732_1xs1_cond35_32-atomized-bb-True.pdb,0,40,True,True,True
M0732_1xs1,rfflow_fixed-ligand_run_M0732_1xs1_cond35_33-atomized-bb-True,run_M0732_1xs1_cond35_33-atomized-bb-True.pdb,0,40,True,True,True
M0732_1xs1,rfflow_fixed-ligand_run_M0732_1xs1_cond35_34-atomized-bb-True,run_M0732_1xs1_cond35_34-atomized-bb-True.pdb,0,40,True,True,True
M0732_1xs1,rfflow_fixed-ligand_run_M0732_1xs1_cond35_35-atomized-bb-True,run_M0732_1xs1_cond35_35-atomized-bb-True.pdb,1,40,False,True,False
M0732_1xs1,rfflow_fixed-ligand_run_M0732_1xs1_cond35_36-atomized-bb-True,run_M0732_1xs1_cond35_36-atomized-bb-True.pdb,0,40,True,True,True
M0732_1xs1,rfflow_fixed-ligand_run_M0732_1xs1_cond35_37-atomized-bb-True,run_M0732_1xs1_cond35_37-atomized-bb-True.pdb,0,40,True,True,True
M0732_1xs1,rfflow_fixed-ligand_run_M0732_1xs1_cond35_38-atomized-bb-True,run_M0732_1xs1_cond35_38-atomized-bb-True.pdb,0,40,True,True,True
M0732_1xs1,rfflow_fixed-ligand_run_M0732_1xs1_cond35_39-atomized-bb-True,run_M0732_1xs1_cond35_39-atomized-bb-True.pdb,0,40,True,True,True
M0732_1xs1,rfflow_fixed-ligand_run_M0732_1xs1_cond35_4-atomized-bb-True,run_M0732_1xs1_cond35_4-atomized-bb-True.pdb,0,40,True,True,True
M0732_1xs1,rfflow_fixed-ligand_run_M0732_1xs1_cond35_40-atomized-bb-True,run_M0732_1xs1_cond35_40-atomized-bb-True.pdb,0,40,True,True,True
M0732_1xs1,rfflow_fixed-ligand_run_M0732_1xs1_cond35_41-atomized-bb-True,run_M0732_1xs1_cond35_41-atomized-bb-True.pdb,0,40,True,True,True
M0732_1xs1,rfflow_fixed-ligand_run_M0732_1xs1_cond35_42-atomized-bb-True,run_M0732_1xs1_cond35_42-atomized-bb-True.pdb,0,40,True,True,True
M0732_1xs1,rfflow_fixed-ligand_run_M0732_1xs1_cond35_43-atomized-bb-True,run_M0732_1xs1_cond35_43-atomized-bb-True.pdb,0,40,True,True,True
M0732_1xs1,rfflow_fixed-ligand_run_M0732_1xs1_cond35_44-atomized-bb-True,run_M0732_1xs1_cond35_44-atomized-bb-True.pdb,0,40,True,True,True
M0732_1xs1,rfflow_fixed-ligand_run_M0732_1xs1_cond35_45-atomized-bb-True,run_M0732_1xs1_cond35_45-atomized-bb-True.pdb,0,40,True,False,False
M0732_1xs1,rfflow_fixed-ligand_run_M0732_1xs1_cond35_46-atomized-bb-True,run_M0732_1xs1_cond35_46-atomized-bb-True.pdb,0,40,True,True,True
M0732_1xs1,rfflow_fixed-ligand_run_M0732_1xs1_cond35_47-atomized-bb-True,run_M0732_1xs1_cond35_47-atomized-bb-True.pdb,0,40,True,False,False
M0732_1xs1,rfflow_fixed-ligand_run_M0732_1xs1_cond35_48-atomized-bb-True,run_M0732_1xs1_cond35_48-atomized-bb-True.pdb,0,40,True,True,True
M0732_1xs1,rfflow_fixed-ligand_run_M0732_1xs1_cond35_49-atomized-bb-True,run_M0732_1xs1_cond35_49-atomized-bb-True.pdb,0,40,True,False,False
M0732_1xs1,rfflow_fixed-ligand_run_M0732_1xs1_cond35_5-atomized-bb-True,run_M0732_1xs1_cond35_5-atomized-bb-True.pdb,0,40,True,True,True
M0732_1xs1,rfflow_fixed-ligand_run_M0732_1xs1_cond35_50-atomized-bb-True,run_M0732_1xs1_cond35_50-atomized-bb-True.pdb,0,40,True,True,True
M0732_1xs1,rfflow_fixed-ligand_run_M0732_1xs1_cond35_51-atomized-bb-True,run_M0732_1xs1_cond35_51-atomized-bb-True.pdb,0,40,True,True,True
M0732_1xs1,rfflow_fixed-ligand_run_M0732_1xs1_cond35_52-atomized-bb-True,run_M0732_1xs1_cond35_52-atomized-bb-True.pdb,18,40,False,True,False
M0732_1xs1,rfflow_fixed-ligand_run_M0732_1xs1_cond35_53-atomized-bb-True,run_M0732_1xs1_cond35_53-atomized-bb-True.pdb,0,40,True,True,True
M0732_1xs1,rfflow_fixed-ligand_run_M0732_1xs1_cond35_54-atomized-bb-True,run_M0732_1xs1_cond35_54-atomized-bb-True.pdb,0,40,True,True,True
M0732_1xs1,rfflow_fixed-ligand_run_M0732_1xs1_cond35_55-atomized-bb-True,run_M0732_1xs1_cond35_55-atomized-bb-True.pdb,0,40,True,True,True
M0732_1xs1,rfflow_fixed-ligand_run_M0732_1xs1_cond35_56-atomized-bb-True,run_M0732_1xs1_cond35_56-atomized-bb-True.pdb,0,40,True,True,True
M0732_1xs1,rfflow_fixed-ligand_run_M0732_1xs1_cond35_57-atomized-bb-True,run_M0732_1xs1_cond35_57-atomized-bb-True.pdb,0,40,True,True,True
M0732_1xs1,rfflow_fixed-ligand_run_M0732_1xs1_cond35_58-atomized-bb-True,run_M0732_1xs1_cond35_58-atomized-bb-True.pdb,0,40,True,True,True
M0732_1xs1,rfflow_fixed-ligand_run_M0732_1xs1_cond35_59-atomized-bb-True,run_M0732_1xs1_cond35_59-atomized-bb-True.pdb,0,40,True,True,True
M0732_1xs1,rfflow_fixed-ligand_run_M0732_1xs1_cond35_6-atomized-bb-True,run_M0732_1xs1_cond35_6-atomized-bb-True.pdb,0,40,True,True,True
M0732_1xs1,rfflow_fixed-ligand_run_M0732_1xs1_cond35_60-atomized-bb-True,run_M0732_1xs1_cond35_60-atomized-bb-True.pdb,0,40,True,True,True
M0732_1xs1,rfflow_fixed-ligand_run_M0732_1xs1_cond35_61-atomized-bb-True,run_M0732_1xs1_cond35_61-atomized-bb-True.pdb,0,40,True,True,True
M0732_1xs1,rfflow_fixed-ligand_run_M0732_1xs1_cond35_62-atomized-bb-True,run_M0732_1xs1_cond35_62-atomized-bb-True.pdb,0,40,True,True,True
M0732_1xs1,rfflow_fixed-ligand_run_M0732_1xs1_cond35_63-atomized-bb-True,run_M0732_1xs1_cond35_63-atomized-bb-True.pdb,0,40,True,True,True
M0732_1xs1,rfflow_fixed-ligand_run_M0732_1xs1_cond35_64-atomized-bb-True,run_M0732_1xs1_cond35_64-atomized-bb-True.pdb,0,40,True,True,True
M0732_1xs1,rfflow_fixed-ligand_run_M0732_1xs1_cond35_65-atomized-bb-True,run_M0732_1xs1_cond35_65-atomized-bb-True.pdb,0,40,True,True,True
M0732_1xs1,rfflow_fixed-ligand_run_M0732_1xs1_cond35_66-atomized-bb-True,run_M0732_1xs1_cond35_66-atomized-bb-True.pdb,0,40,True,True,True
M0732_1xs1,rfflow_fixed-ligand_run_M0732_1xs1_cond35_67-atomized-bb-True,run_M0732_1xs1_cond35_67-atomized-bb-True.pdb,0,40,True,True,True
M0732_1xs1,rfflow_fixed-ligand_run_M0732_1xs1_cond35_68-atomized-bb-True,run_M0732_1xs1_cond35_68-atomized-bb-True.pdb,0,40,True,True,True
M0732_1xs1,rfflow_fixed-ligand_run_M0732_1xs1_cond35_69-atomized-bb-True,run_M0732_1xs1_cond35_69-atomized-bb-True.pdb,0,40,True,True,True
M0732_1xs1,rfflow_fixed-ligand_run_M0732_1xs1_cond35_7-atomized-bb-True,run_M0732_1xs1_cond35_7-atomized-bb-True.pdb,0,40,True,True,True
M0732_1xs1,rfflow_fixed-ligand_run_M0732_1xs1_cond35_70-atomized-bb-True,run_M0732_1xs1_cond35_70-atomized-bb-True.pdb,0,40,True,True,True
M0732_1xs1,rfflow_fixed-ligand_run_M0732_1xs1_cond35_71-atomized-bb-True,run_M0732_1xs1_cond35_71-atomized-bb-True.pdb,0,40,True,True,True
M0732_1xs1,rfflow_fixed-ligand_run_M0732_1xs1_cond35_72-atomized-bb-True,run_M0732_1xs1_cond35_72-atomized-bb-True.pdb,0,40,True,True,True
M0732_1xs1,rfflow_fixed-ligand_run_M0732_1xs1_cond35_73-atomized-bb-True,run_M0732_1xs1_cond35_73-atomized-bb-True.pdb,0,40,True,True,True
M0732_1xs1,rfflow_fixed-ligand_run_M0732_1xs1_cond35_74-atomized-bb-True,run_M0732_1xs1_cond35_74-atomized-bb-True.pdb,0,40,True,True,True
M0732_1xs1,rfflow_fixed-ligand_run_M0732_1xs1_cond35_75-atomized-bb-True,run_M0732_1xs1_cond35_75-atomized-bb-True.pdb,0,40,True,True,True
M0732_1xs1,rfflow_fixed-ligand_run_M0732_1xs1_cond35_76-atomized-bb-True,run_M0732_1xs1_cond35_76-atomized-bb-True.pdb,1,40,False,True,False
M0732_1xs1,rfflow_fixed-ligand_run_M0732_1xs1_cond35_77-atomized-bb-True,run_M0732_1xs1_cond35_77-atomized-bb-True.pdb,0,40,True,True,True
M0732_1xs1,rfflow_fixed-ligand_run_M0732_1xs1_cond35_78-atomized-bb-True,run_M0732_1xs1_cond35_78-atomized-bb-True.pdb,0,40,True,True,True
M0732_1xs1,rfflow_fixed-ligand_run_M0732_1xs1_cond35_79-atomized-bb-True,run_M0732_1xs1_cond35_79-atomized-bb-True.pdb,0,40,True,True,True
M0732_1xs1,rfflow_fixed-ligand_run_M0732_1xs1_cond35_8-atomized-bb-True,run_M0732_1xs1_cond35_8-atomized-bb-True.pdb,0,40,True,True,True
M0732_1xs1,rfflow_fixed-ligand_run_M0732_1xs1_cond35_80-atomized-bb-True,run_M0732_1xs1_cond35_80-atomized-bb-True.pdb,0,40,True,True,True
M0732_1xs1,rfflow_fixed-ligand_run_M0732_1xs1_cond35_81-atomized-bb-True,run_M0732_1xs1_cond35_81-atomized-bb-True.pdb,0,40,True,True,True
M0732_1xs1,rfflow_fixed-ligand_run_M0732_1xs1_cond35_82-atomized-bb-True,run_M0732_1xs1_cond35_82-atomized-bb-True.pdb,0,40,True,True,True
M0732_1xs1,rfflow_fixed-ligand_run_M0732_1xs1_cond35_83-atomized-bb-True,run_M0732_1xs1_cond35_83-atomized-bb-True.pdb,0,40,True,True,True
M0732_1xs1,rfflow_fixed-ligand_run_M0732_1xs1_cond35_84-atomized-bb-True,run_M0732_1xs1_cond35_84-atomized-bb-True.pdb,0,40,True,False,False
M0732_1xs1,rfflow_fixed-ligand_run_M0732_1xs1_cond35_85-atomized-bb-True,run_M0732_1xs1_cond35_85-atomized-bb-True.pdb,0,40,True,True,True
M0732_1xs1,rfflow_fixed-ligand_run_M0732_1xs1_cond35_86-atomized-bb-True,run_M0732_1xs1_cond35_86-atomized-bb-True.pdb,0,40,True,False,False
M0732_1xs1,rfflow_fixed-ligand_run_M0732_1xs1_cond35_87-atomized-bb-True,run_M0732_1xs1_cond35_87-atomized-bb-True.pdb,0,40,True,False,False
M0732_1xs1,rfflow_fixed-ligand_run_M0732_1xs1_cond35_88-atomized-bb-True,run_M0732_1xs1_cond35_88-atomized-bb-True.pdb,0,40,True,True,True
M0732_1xs1,rfflow_fixed-ligand_run_M0732_1xs1_cond35_89-atomized-bb-True,run_M0732_1xs1_cond35_89-atomized-bb-True.pdb,0,40,True,True,True
M0732_1xs1,rfflow_fixed-ligand_run_M0732_1xs1_cond35_9-atomized-bb-True,run_M0732_1xs1_cond35_9-atomized-bb-True.pdb,0,40,True,True,True
M0732_1xs1,rfflow_fixed-ligand_run_M0732_1xs1_cond35_90-atomized-bb-True,run_M0732_1xs1_cond35_90-atomized-bb-True.pdb,0,40,True,True,True
M0732_1xs1,rfflow_fixed-ligand_run_M0732_1xs1_cond35_91-atomized-bb-True,run_M0732_1xs1_cond35_91-atomized-bb-True.pdb,0,40,True,True,True
M0732_1xs1,rfflow_fixed-ligand_run_M0732_1xs1_cond35_92-atomized-bb-True,run_M0732_1xs1_cond35_92-atomized-bb-True.pdb,0,40,True,True,True
M0732_1xs1,rfflow_fixed-ligand_run_M0732_1xs1_cond35_93-atomized-bb-True,run_M0732_1xs1_cond35_93-atomized-bb-True.pdb,0,40,True,False,False
M0732_1xs1,rfflow_fixed-ligand_run_M0732_1xs1_cond35_94-atomized-bb-True,run_M0732_1xs1_cond35_94-atomized-bb-True.pdb,0,40,True,True,True
M0732_1xs1,rfflow_fixed-ligand_run_M0732_1xs1_cond35_95-atomized-bb-True,run_M0732_1xs1_cond35_95-atomized-bb-True.pdb,0,40,True,True,True
M0732_1xs1,rfflow_fixed-ligand_run_M0732_1xs1_cond35_96-atomized-bb-True,run_M0732_1xs1_cond35_96-atomized-bb-True.pdb,0,40,True,True,True
M0732_1xs1,rfflow_fixed-ligand_run_M0732_1xs1_cond35_97-atomized-bb-True,run_M0732_1xs1_cond35_97-atomized-bb-True.pdb,0,40,True,True,True
M0732_1xs1,rfflow_fixed-ligand_run_M0732_1xs1_cond35_98-atomized-bb-True,run_M0732_1xs1_cond35_98-atomized-bb-True.pdb,0,40,True,True,True
M0732_1xs1,rfflow_fixed-ligand_run_M0732_1xs1_cond35_99-atomized-bb-True,run_M0732_1xs1_cond35_99-atomized-bb-True.pdb,0,40,True,True,True
M0738_1o98,rfflow_fixed-ligand_run_M0738_1o98_cond36_0-atomized-bb-True,run_M0738_1o98_cond36_0-atomized-bb-True.pdb,8,40,False,True,False
M0738_1o98,rfflow_fixed-ligand_run_M0738_1o98_cond36_1-atomized-bb-True,run_M0738_1o98_cond36_1-atomized-bb-True.pdb,0,40,True,True,True
M0738_1o98,rfflow_fixed-ligand_run_M0738_1o98_cond36_10-atomized-bb-True,run_M0738_1o98_cond36_10-atomized-bb-True.pdb,0,40,True,True,True
M0738_1o98,rfflow_fixed-ligand_run_M0738_1o98_cond36_11-atomized-bb-True,run_M0738_1o98_cond36_11-atomized-bb-True.pdb,0,40,True,True,True
M0738_1o98,rfflow_fixed-ligand_run_M0738_1o98_cond36_12-atomized-bb-True,run_M0738_1o98_cond36_12-atomized-bb-True.pdb,0,40,True,True,True
M0738_1o98,rfflow_fixed-ligand_run_M0738_1o98_cond36_13-atomized-bb-True,run_M0738_1o98_cond36_13-atomized-bb-True.pdb,10,40,False,True,False
M0738_1o98,rfflow_fixed-ligand_run_M0738_1o98_cond36_14-atomized-bb-True,run_M0738_1o98_cond36_14-atomized-bb-True.pdb,0,40,True,True,True
M0738_1o98,rfflow_fixed-ligand_run_M0738_1o98_cond36_15-atomized-bb-True,run_M0738_1o98_cond36_15-atomized-bb-True.pdb,3,40,False,True,False
M0738_1o98,rfflow_fixed-ligand_run_M0738_1o98_cond36_16-atomized-bb-True,run_M0738_1o98_cond36_16-atomized-bb-True.pdb,0,40,True,True,True
M0738_1o98,rfflow_fixed-ligand_run_M0738_1o98_cond36_17-atomized-bb-True,run_M0738_1o98_cond36_17-atomized-bb-True.pdb,0,40,True,True,True
M0738_1o98,rfflow_fixed-ligand_run_M0738_1o98_cond36_18-atomized-bb-True,run_M0738_1o98_cond36_18-atomized-bb-True.pdb,0,40,True,True,True
M0738_1o98,rfflow_fixed-ligand_run_M0738_1o98_cond36_19-atomized-bb-True,run_M0738_1o98_cond36_19-atomized-bb-True.pdb,1,40,False,True,False
M0738_1o98,rfflow_fixed-ligand_run_M0738_1o98_cond36_2-atomized-bb-True,run_M0738_1o98_cond36_2-atomized-bb-True.pdb,0,40,True,True,True
M0738_1o98,rfflow_fixed-ligand_run_M0738_1o98_cond36_20-atomized-bb-True,run_M0738_1o98_cond36_20-atomized-bb-True.pdb,0,40,True,True,True
M0738_1o98,rfflow_fixed-ligand_run_M0738_1o98_cond36_21-atomized-bb-True,run_M0738_1o98_cond36_21-atomized-bb-True.pdb,12,40,False,True,False
M0738_1o98,rfflow_fixed-ligand_run_M0738_1o98_cond36_22-atomized-bb-True,run_M0738_1o98_cond36_22-atomized-bb-True.pdb,0,40,True,True,True
M0738_1o98,rfflow_fixed-ligand_run_M0738_1o98_cond36_23-atomized-bb-True,run_M0738_1o98_cond36_23-atomized-bb-True.pdb,0,40,True,True,True
M0738_1o98,rfflow_fixed-ligand_run_M0738_1o98_cond36_24-atomized-bb-True,run_M0738_1o98_cond36_24-atomized-bb-True.pdb,6,40,False,True,False
M0738_1o98,rfflow_fixed-ligand_run_M0738_1o98_cond36_25-atomized-bb-True,run_M0738_1o98_cond36_25-atomized-bb-True.pdb,0,40,True,True,True
M0738_1o98,rfflow_fixed-ligand_run_M0738_1o98_cond36_26-atomized-bb-True,run_M0738_1o98_cond36_26-atomized-bb-True.pdb,0,40,True,True,True
M0738_1o98,rfflow_fixed-ligand_run_M0738_1o98_cond36_27-atomized-bb-True,run_M0738_1o98_cond36_27-atomized-bb-True.pdb,20,40,False,True,False
M0738_1o98,rfflow_fixed-ligand_run_M0738_1o98_cond36_28-atomized-bb-True,run_M0738_1o98_cond36_28-atomized-bb-True.pdb,0,40,True,True,True
M0738_1o98,rfflow_fixed-ligand_run_M0738_1o98_cond36_29-atomized-bb-True,run_M0738_1o98_cond36_29-atomized-bb-True.pdb,1,40,False,True,False
M0738_1o98,rfflow_fixed-ligand_run_M0738_1o98_cond36_3-atomized-bb-True,run_M0738_1o98_cond36_3-atomized-bb-True.pdb,3,40,False,True,False
M0738_1o98,rfflow_fixed-ligand_run_M0738_1o98_cond36_30-atomized-bb-True,run_M0738_1o98_cond36_30-atomized-bb-True.pdb,1,40,False,True,False
M0738_1o98,rfflow_fixed-ligand_run_M0738_1o98_cond36_31-atomized-bb-True,run_M0738_1o98_cond36_31-atomized-bb-True.pdb,9,40,False,True,False
M0738_1o98,rfflow_fixed-ligand_run_M0738_1o98_cond36_32-atomized-bb-True,run_M0738_1o98_cond36_32-atomized-bb-True.pdb,0,40,True,True,True
M0738_1o98,rfflow_fixed-ligand_run_M0738_1o98_cond36_33-atomized-bb-True,run_M0738_1o98_cond36_33-atomized-bb-True.pdb,0,40,True,True,True
M0738_1o98,rfflow_fixed-ligand_run_M0738_1o98_cond36_34-atomized-bb-True,run_M0738_1o98_cond36_34-atomized-bb-True.pdb,9,40,False,True,False
M0738_1o98,rfflow_fixed-ligand_run_M0738_1o98_cond36_35-atomized-bb-True,run_M0738_1o98_cond36_35-atomized-bb-True.pdb,0,40,True,True,True
M0738_1o98,rfflow_fixed-ligand_run_M0738_1o98_cond36_36-atomized-bb-True,run_M0738_1o98_cond36_36-atomized-bb-True.pdb,0,40,True,True,True
M0738_1o98,rfflow_fixed-ligand_run_M0738_1o98_cond36_37-atomized-bb-True,run_M0738_1o98_cond36_37-atomized-bb-True.pdb,0,40,True,True,True
M0738_1o98,rfflow_fixed-ligand_run_M0738_1o98_cond36_38-atomized-bb-True,run_M0738_1o98_cond36_38-atomized-bb-True.pdb,0,40,True,True,True
M0738_1o98,rfflow_fixed-ligand_run_M0738_1o98_cond36_39-atomized-bb-True,run_M0738_1o98_cond36_39-atomized-bb-True.pdb,8,40,False,True,False
M0738_1o98,rfflow_fixed-ligand_run_M0738_1o98_cond36_4-atomized-bb-True,run_M0738_1o98_cond36_4-atomized-bb-True.pdb,5,40,False,True,False
M0738_1o98,rfflow_fixed-ligand_run_M0738_1o98_cond36_40-atomized-bb-True,run_M0738_1o98_cond36_40-atomized-bb-True.pdb,0,40,True,True,True
M0738_1o98,rfflow_fixed-ligand_run_M0738_1o98_cond36_41-atomized-bb-True,run_M0738_1o98_cond36_41-atomized-bb-True.pdb,0,40,True,True,True
M0738_1o98,rfflow_fixed-ligand_run_M0738_1o98_cond36_42-atomized-bb-True,run_M0738_1o98_cond36_42-atomized-bb-True.pdb,0,40,True,True,True
M0738_1o98,rfflow_fixed-ligand_run_M0738_1o98_cond36_43-atomized-bb-True,run_M0738_1o98_cond36_43-atomized-bb-True.pdb,0,40,True,True,True
M0738_1o98,rfflow_fixed-ligand_run_M0738_1o98_cond36_44-atomized-bb-True,run_M0738_1o98_cond36_44-atomized-bb-True.pdb,0,40,True,True,True
M0738_1o98,rfflow_fixed-ligand_run_M0738_1o98_cond36_45-atomized-bb-True,run_M0738_1o98_cond36_45-atomized-bb-True.pdb,1,40,False,True,False
M0738_1o98,rfflow_fixed-ligand_run_M0738_1o98_cond36_46-atomized-bb-True,run_M0738_1o98_cond36_46-atomized-bb-True.pdb,4,40,False,True,False
M0738_1o98,rfflow_fixed-ligand_run_M0738_1o98_cond36_47-atomized-bb-True,run_M0738_1o98_cond36_47-atomized-bb-True.pdb,0,40,True,True,True
M0738_1o98,rfflow_fixed-ligand_run_M0738_1o98_cond36_48-atomized-bb-True,run_M0738_1o98_cond36_48-atomized-bb-True.pdb,1,40,False,True,False
M0738_1o98,rfflow_fixed-ligand_run_M0738_1o98_cond36_49-atomized-bb-True,run_M0738_1o98_cond36_49-atomized-bb-True.pdb,1,40,False,True,False
M0738_1o98,rfflow_fixed-ligand_run_M0738_1o98_cond36_5-atomized-bb-True,run_M0738_1o98_cond36_5-atomized-bb-True.pdb,0,40,True,True,True
M0738_1o98,rfflow_fixed-ligand_run_M0738_1o98_cond36_50-atomized-bb-True,run_M0738_1o98_cond36_50-atomized-bb-True.pdb,0,40,True,True,True
M0738_1o98,rfflow_fixed-ligand_run_M0738_1o98_cond36_51-atomized-bb-True,run_M0738_1o98_cond36_51-atomized-bb-True.pdb,0,40,True,True,True
M0738_1o98,rfflow_fixed-ligand_run_M0738_1o98_cond36_52-atomized-bb-True,run_M0738_1o98_cond36_52-atomized-bb-True.pdb,0,40,True,True,True
M0738_1o98,rfflow_fixed-ligand_run_M0738_1o98_cond36_53-atomized-bb-True,run_M0738_1o98_cond36_53-atomized-bb-True.pdb,2,40,False,True,False
M0738_1o98,rfflow_fixed-ligand_run_M0738_1o98_cond36_54-atomized-bb-True,run_M0738_1o98_cond36_54-atomized-bb-True.pdb,0,40,True,True,True
M0738_1o98,rfflow_fixed-ligand_run_M0738_1o98_cond36_55-atomized-bb-True,run_M0738_1o98_cond36_55-atomized-bb-True.pdb,0,40,True,True,True
M0738_1o98,rfflow_fixed-ligand_run_M0738_1o98_cond36_56-atomized-bb-True,run_M0738_1o98_cond36_56-atomized-bb-True.pdb,0,40,True,True,True
M0738_1o98,rfflow_fixed-ligand_run_M0738_1o98_cond36_57-atomized-bb-True,run_M0738_1o98_cond36_57-atomized-bb-True.pdb,0,40,True,False,False
M0738_1o98,rfflow_fixed-ligand_run_M0738_1o98_cond36_58-atomized-bb-True,run_M0738_1o98_cond36_58-atomized-bb-True.pdb,0,40,True,True,True
M0738_1o98,rfflow_fixed-ligand_run_M0738_1o98_cond36_59-atomized-bb-True,run_M0738_1o98_cond36_59-atomized-bb-True.pdb,0,40,True,True,True
M0738_1o98,rfflow_fixed-ligand_run_M0738_1o98_cond36_6-atomized-bb-True,run_M0738_1o98_cond36_6-atomized-bb-True.pdb,12,40,False,True,False
M0738_1o98,rfflow_fixed-ligand_run_M0738_1o98_cond36_60-atomized-bb-True,run_M0738_1o98_cond36_60-atomized-bb-True.pdb,0,40,True,True,True
M0738_1o98,rfflow_fixed-ligand_run_M0738_1o98_cond36_61-atomized-bb-True,run_M0738_1o98_cond36_61-atomized-bb-True.pdb,0,40,True,True,True
M0738_1o98,rfflow_fixed-ligand_run_M0738_1o98_cond36_62-atomized-bb-True,run_M0738_1o98_cond36_62-atomized-bb-True.pdb,0,40,True,True,True
M0738_1o98,rfflow_fixed-ligand_run_M0738_1o98_cond36_63-atomized-bb-True,run_M0738_1o98_cond36_63-atomized-bb-True.pdb,0,40,True,True,True
M0738_1o98,rfflow_fixed-ligand_run_M0738_1o98_cond36_64-atomized-bb-True,run_M0738_1o98_cond36_64-atomized-bb-True.pdb,2,40,False,True,False
M0738_1o98,rfflow_fixed-ligand_run_M0738_1o98_cond36_65-atomized-bb-True,run_M0738_1o98_cond36_65-atomized-bb-True.pdb,0,40,True,True,True
M0738_1o98,rfflow_fixed-ligand_run_M0738_1o98_cond36_66-atomized-bb-True,run_M0738_1o98_cond36_66-atomized-bb-True.pdb,0,40,True,True,True
M0738_1o98,rfflow_fixed-ligand_run_M0738_1o98_cond36_67-atomized-bb-True,run_M0738_1o98_cond36_67-atomized-bb-True.pdb,1,40,False,True,False
M0738_1o98,rfflow_fixed-ligand_run_M0738_1o98_cond36_68-atomized-bb-True,run_M0738_1o98_cond36_68-atomized-bb-True.pdb,0,40,True,True,True
M0738_1o98,rfflow_fixed-ligand_run_M0738_1o98_cond36_69-atomized-bb-True,run_M0738_1o98_cond36_69-atomized-bb-True.pdb,0,40,True,True,True
M0738_1o98,rfflow_fixed-ligand_run_M0738_1o98_cond36_7-atomized-bb-True,run_M0738_1o98_cond36_7-atomized-bb-True.pdb,0,40,True,True,True
M0738_1o98,rfflow_fixed-ligand_run_M0738_1o98_cond36_70-atomized-bb-True,run_M0738_1o98_cond36_70-atomized-bb-True.pdb,0,40,True,True,True
M0738_1o98,rfflow_fixed-ligand_run_M0738_1o98_cond36_71-atomized-bb-True,run_M0738_1o98_cond36_71-atomized-bb-True.pdb,0,40,True,True,True
M0738_1o98,rfflow_fixed-ligand_run_M0738_1o98_cond36_72-atomized-bb-True,run_M0738_1o98_cond36_72-atomized-bb-True.pdb,0,40,True,True,True
M0738_1o98,rfflow_fixed-ligand_run_M0738_1o98_cond36_73-atomized-bb-True,run_M0738_1o98_cond36_73-atomized-bb-True.pdb,7,40,False,True,False
M0738_1o98,rfflow_fixed-ligand_run_M0738_1o98_cond36_74-atomized-bb-True,run_M0738_1o98_cond36_74-atomized-bb-True.pdb,0,40,True,True,True
M0738_1o98,rfflow_fixed-ligand_run_M0738_1o98_cond36_75-atomized-bb-True,run_M0738_1o98_cond36_75-atomized-bb-True.pdb,2,40,False,True,False
M0738_1o98,rfflow_fixed-ligand_run_M0738_1o98_cond36_76-atomized-bb-True,run_M0738_1o98_cond36_76-atomized-bb-True.pdb,0,40,True,True,True
M0738_1o98,rfflow_fixed-ligand_run_M0738_1o98_cond36_77-atomized-bb-True,run_M0738_1o98_cond36_77-atomized-bb-True.pdb,10,40,False,True,False
M0738_1o98,rfflow_fixed-ligand_run_M0738_1o98_cond36_78-atomized-bb-True,run_M0738_1o98_cond36_78-atomized-bb-True.pdb,0,40,True,True,True
M0738_1o98,rfflow_fixed-ligand_run_M0738_1o98_cond36_79-atomized-bb-True,run_M0738_1o98_cond36_79-atomized-bb-True.pdb,5,40,False,True,False
M0738_1o98,rfflow_fixed-ligand_run_M0738_1o98_cond36_8-atomized-bb-True,run_M0738_1o98_cond36_8-atomized-bb-True.pdb,0,40,True,True,True
M0738_1o98,rfflow_fixed-ligand_run_M0738_1o98_cond36_80-atomized-bb-True,run_M0738_1o98_cond36_80-atomized-bb-True.pdb,0,40,True,True,True
M0738_1o98,rfflow_fixed-ligand_run_M0738_1o98_cond36_81-atomized-bb-True,run_M0738_1o98_cond36_81-atomized-bb-True.pdb,2,40,False,True,False
M0738_1o98,rfflow_fixed-ligand_run_M0738_1o98_cond36_82-atomized-bb-True,run_M0738_1o98_cond36_82-atomized-bb-True.pdb,0,40,True,True,True
M0738_1o98,rfflow_fixed-ligand_run_M0738_1o98_cond36_83-atomized-bb-True,run_M0738_1o98_cond36_83-atomized-bb-True.pdb,0,40,True,True,True
M0738_1o98,rfflow_fixed-ligand_run_M0738_1o98_cond36_84-atomized-bb-True,run_M0738_1o98_cond36_84-atomized-bb-True.pdb,0,40,True,True,True
M0738_1o98,rfflow_fixed-ligand_run_M0738_1o98_cond36_85-atomized-bb-True,run_M0738_1o98_cond36_85-atomized-bb-True.pdb,0,40,True,True,True
M0738_1o98,rfflow_fixed-ligand_run_M0738_1o98_cond36_86-atomized-bb-True,run_M0738_1o98_cond36_86-atomized-bb-True.pdb,0,40,True,True,True
M0738_1o98,rfflow_fixed-ligand_run_M0738_1o98_cond36_87-atomized-bb-True,run_M0738_1o98_cond36_87-atomized-bb-True.pdb,11,40,False,True,False
M0738_1o98,rfflow_fixed-ligand_run_M0738_1o98_cond36_88-atomized-bb-True,run_M0738_1o98_cond36_88-atomized-bb-True.pdb,6,40,False,True,False
M0738_1o98,rfflow_fixed-ligand_run_M0738_1o98_cond36_89-atomized-bb-True,run_M0738_1o98_cond36_89-atomized-bb-True.pdb,0,40,True,True,True
M0738_1o98,rfflow_fixed-ligand_run_M0738_1o98_cond36_9-atomized-bb-True,run_M0738_1o98_cond36_9-atomized-bb-True.pdb,0,40,True,True,True
M0738_1o98,rfflow_fixed-ligand_run_M0738_1o98_cond36_90-atomized-bb-True,run_M0738_1o98_cond36_90-atomized-bb-True.pdb,0,40,True,True,True
M0738_1o98,rfflow_fixed-ligand_run_M0738_1o98_cond36_91-atomized-bb-True,run_M0738_1o98_cond36_91-atomized-bb-True.pdb,0,40,True,True,True
M0738_1o98,rfflow_fixed-ligand_run_M0738_1o98_cond36_92-atomized-bb-True,run_M0738_1o98_cond36_92-atomized-bb-True.pdb,21,40,False,True,False
M0738_1o98,rfflow_fixed-ligand_run_M0738_1o98_cond36_93-atomized-bb-True,run_M0738_1o98_cond36_93-atomized-bb-True.pdb,0,40,True,True,True
M0738_1o98,rfflow_fixed-ligand_run_M0738_1o98_cond36_94-atomized-bb-True,run_M0738_1o98_cond36_94-atomized-bb-True.pdb,0,40,True,True,True
M0738_1o98,rfflow_fixed-ligand_run_M0738_1o98_cond36_95-atomized-bb-True,run_M0738_1o98_cond36_95-atomized-bb-True.pdb,0,40,True,True,True
M0738_1o98,rfflow_fixed-ligand_run_M0738_1o98_cond36_96-atomized-bb-True,run_M0738_1o98_cond36_96-atomized-bb-True.pdb,0,40,True,True,True
M0738_1o98,rfflow_fixed-ligand_run_M0738_1o98_cond36_97-atomized-bb-True,run_M0738_1o98_cond36_97-atomized-bb-True.pdb,1,40,False,True,False
M0738_1o98,rfflow_fixed-ligand_run_M0738_1o98_cond36_98-atomized-bb-True,run_M0738_1o98_cond36_98-atomized-bb-True.pdb,0,40,True,False,False
M0738_1o98,rfflow_fixed-ligand_run_M0738_1o98_cond36_99-atomized-bb-True,run_M0738_1o98_cond36_99-atomized-bb-True.pdb,0,40,True,True,True
M0739_1knp,rfflow_fixed-ligand_run_M0739_1knp_cond37_0-atomized-bb-True,run_M0739_1knp_cond37_0-atomized-bb-True.pdb,6,40,False,True,False
M0739_1knp,rfflow_fixed-ligand_run_M0739_1knp_cond37_1-atomized-bb-True,run_M0739_1knp_cond37_1-atomized-bb-True.pdb,1,40,False,True,False
M0739_1knp,rfflow_fixed-ligand_run_M0739_1knp_cond37_10-atomized-bb-True,run_M0739_1knp_cond37_10-atomized-bb-True.pdb,10,40,False,True,False
M0739_1knp,rfflow_fixed-ligand_run_M0739_1knp_cond37_11-atomized-bb-True,run_M0739_1knp_cond37_11-atomized-bb-True.pdb,0,40,True,True,True
M0739_1knp,rfflow_fixed-ligand_run_M0739_1knp_cond37_12-atomized-bb-True,run_M0739_1knp_cond37_12-atomized-bb-True.pdb,0,40,True,True,True
M0739_1knp,rfflow_fixed-ligand_run_M0739_1knp_cond37_13-atomized-bb-True,run_M0739_1knp_cond37_13-atomized-bb-True.pdb,0,40,True,True,True
M0739_1knp,rfflow_fixed-ligand_run_M0739_1knp_cond37_14-atomized-bb-True,run_M0739_1knp_cond37_14-atomized-bb-True.pdb,0,40,True,True,True
M0739_1knp,rfflow_fixed-ligand_run_M0739_1knp_cond37_15-atomized-bb-True,run_M0739_1knp_cond37_15-atomized-bb-True.pdb,11,40,False,True,False
M0739_1knp,rfflow_fixed-ligand_run_M0739_1knp_cond37_16-atomized-bb-True,run_M0739_1knp_cond37_16-atomized-bb-True.pdb,0,40,True,True,True
M0739_1knp,rfflow_fixed-ligand_run_M0739_1knp_cond37_17-atomized-bb-True,run_M0739_1knp_cond37_17-atomized-bb-True.pdb,0,40,True,True,True
M0739_1knp,rfflow_fixed-ligand_run_M0739_1knp_cond37_18-atomized-bb-True,run_M0739_1knp_cond37_18-atomized-bb-True.pdb,0,40,True,True,True
M0739_1knp,rfflow_fixed-ligand_run_M0739_1knp_cond37_19-atomized-bb-True,run_M0739_1knp_cond37_19-atomized-bb-True.pdb,0,40,True,True,True
M0739_1knp,rfflow_fixed-ligand_run_M0739_1knp_cond37_2-atomized-bb-True,run_M0739_1knp_cond37_2-atomized-bb-True.pdb,0,40,True,True,True
M0739_1knp,rfflow_fixed-ligand_run_M0739_1knp_cond37_20-atomized-bb-True,run_M0739_1knp_cond37_20-atomized-bb-True.pdb,1,40,False,True,False
M0739_1knp,rfflow_fixed-ligand_run_M0739_1knp_cond37_21-atomized-bb-True,run_M0739_1knp_cond37_21-atomized-bb-True.pdb,0,40,True,True,True
M0739_1knp,rfflow_fixed-ligand_run_M0739_1knp_cond37_22-atomized-bb-True,run_M0739_1knp_cond37_22-atomized-bb-True.pdb,1,40,False,True,False
M0739_1knp,rfflow_fixed-ligand_run_M0739_1knp_cond37_23-atomized-bb-True,run_M0739_1knp_cond37_23-atomized-bb-True.pdb,0,40,True,True,True
M0739_1knp,rfflow_fixed-ligand_run_M0739_1knp_cond37_24-atomized-bb-True,run_M0739_1knp_cond37_24-atomized-bb-True.pdb,2,40,False,True,False
M0739_1knp,rfflow_fixed-ligand_run_M0739_1knp_cond37_25-atomized-bb-True,run_M0739_1knp_cond37_25-atomized-bb-True.pdb,0,40,True,True,True
M0739_1knp,rfflow_fixed-ligand_run_M0739_1knp_cond37_26-atomized-bb-True,run_M0739_1knp_cond37_26-atomized-bb-True.pdb,0,40,True,True,True
M0739_1knp,rfflow_fixed-ligand_run_M0739_1knp_cond37_27-atomized-bb-True,run_M0739_1knp_cond37_27-atomized-bb-True.pdb,0,40,True,False,False
M0739_1knp,rfflow_fixed-ligand_run_M0739_1knp_cond37_28-atomized-bb-True,run_M0739_1knp_cond37_28-atomized-bb-True.pdb,0,40,True,True,True
M0739_1knp,rfflow_fixed-ligand_run_M0739_1knp_cond37_29-atomized-bb-True,run_M0739_1knp_cond37_29-atomized-bb-True.pdb,0,40,True,True,True
M0739_1knp,rfflow_fixed-ligand_run_M0739_1knp_cond37_3-atomized-bb-True,run_M0739_1knp_cond37_3-atomized-bb-True.pdb,0,40,True,True,True
M0739_1knp,rfflow_fixed-ligand_run_M0739_1knp_cond37_30-atomized-bb-True,run_M0739_1knp_cond37_30-atomized-bb-True.pdb,0,40,True,True,True
M0739_1knp,rfflow_fixed-ligand_run_M0739_1knp_cond37_31-atomized-bb-True,run_M0739_1knp_cond37_31-atomized-bb-True.pdb,1,40,False,True,False
M0739_1knp,rfflow_fixed-ligand_run_M0739_1knp_cond37_32-atomized-bb-True,run_M0739_1knp_cond37_32-atomized-bb-True.pdb,0,40,True,True,True
M0739_1knp,rfflow_fixed-ligand_run_M0739_1knp_cond37_33-atomized-bb-True,run_M0739_1knp_cond37_33-atomized-bb-True.pdb,0,40,True,True,True
M0739_1knp,rfflow_fixed-ligand_run_M0739_1knp_cond37_34-atomized-bb-True,run_M0739_1knp_cond37_34-atomized-bb-True.pdb,0,40,True,True,True
M0739_1knp,rfflow_fixed-ligand_run_M0739_1knp_cond37_35-atomized-bb-True,run_M0739_1knp_cond37_35-atomized-bb-True.pdb,0,40,True,True,True
M0739_1knp,rfflow_fixed-ligand_run_M0739_1knp_cond37_36-atomized-bb-True,run_M0739_1knp_cond37_36-atomized-bb-True.pdb,0,40,True,True,True
M0739_1knp,rfflow_fixed-ligand_run_M0739_1knp_cond37_37-atomized-bb-True,run_M0739_1knp_cond37_37-atomized-bb-True.pdb,0,40,True,True,True
M0739_1knp,rfflow_fixed-ligand_run_M0739_1knp_cond37_38-atomized-bb-True,run_M0739_1knp_cond37_38-atomized-bb-True.pdb,8,40,False,True,False
M0739_1knp,rfflow_fixed-ligand_run_M0739_1knp_cond37_39-atomized-bb-True,run_M0739_1knp_cond37_39-atomized-bb-True.pdb,10,40,False,True,False
M0739_1knp,rfflow_fixed-ligand_run_M0739_1knp_cond37_4-atomized-bb-True,run_M0739_1knp_cond37_4-atomized-bb-True.pdb,0,40,True,True,True
M0739_1knp,rfflow_fixed-ligand_run_M0739_1knp_cond37_40-atomized-bb-True,run_M0739_1knp_cond37_40-atomized-bb-True.pdb,0,40,True,True,True
M0739_1knp,rfflow_fixed-ligand_run_M0739_1knp_cond37_41-atomized-bb-True,run_M0739_1knp_cond37_41-atomized-bb-True.pdb,0,40,True,True,True
M0739_1knp,rfflow_fixed-ligand_run_M0739_1knp_cond37_42-atomized-bb-True,run_M0739_1knp_cond37_42-atomized-bb-True.pdb,0,40,True,True,True
M0739_1knp,rfflow_fixed-ligand_run_M0739_1knp_cond37_43-atomized-bb-True,run_M0739_1knp_cond37_43-atomized-bb-True.pdb,0,40,True,True,True
M0739_1knp,rfflow_fixed-ligand_run_M0739_1knp_cond37_44-atomized-bb-True,run_M0739_1knp_cond37_44-atomized-bb-True.pdb,0,40,True,True,True
M0739_1knp,rfflow_fixed-ligand_run_M0739_1knp_cond37_45-atomized-bb-True,run_M0739_1knp_cond37_45-atomized-bb-True.pdb,1,40,False,True,False
M0739_1knp,rfflow_fixed-ligand_run_M0739_1knp_cond37_46-atomized-bb-True,run_M0739_1knp_cond37_46-atomized-bb-True.pdb,0,40,True,True,True
M0739_1knp,rfflow_fixed-ligand_run_M0739_1knp_cond37_47-atomized-bb-True,run_M0739_1knp_cond37_47-atomized-bb-True.pdb,21,40,False,True,False
M0739_1knp,rfflow_fixed-ligand_run_M0739_1knp_cond37_48-atomized-bb-True,run_M0739_1knp_cond37_48-atomized-bb-True.pdb,4,40,False,True,False
M0739_1knp,rfflow_fixed-ligand_run_M0739_1knp_cond37_49-atomized-bb-True,run_M0739_1knp_cond37_49-atomized-bb-True.pdb,8,40,False,True,False
M0739_1knp,rfflow_fixed-ligand_run_M0739_1knp_cond37_5-atomized-bb-True,run_M0739_1knp_cond37_5-atomized-bb-True.pdb,3,40,False,True,False
M0739_1knp,rfflow_fixed-ligand_run_M0739_1knp_cond37_50-atomized-bb-True,run_M0739_1knp_cond37_50-atomized-bb-True.pdb,0,40,True,True,True
M0739_1knp,rfflow_fixed-ligand_run_M0739_1knp_cond37_51-atomized-bb-True,run_M0739_1knp_cond37_51-atomized-bb-True.pdb,0,40,True,True,True
M0739_1knp,rfflow_fixed-ligand_run_M0739_1knp_cond37_52-atomized-bb-True,run_M0739_1knp_cond37_52-atomized-bb-True.pdb,1,40,False,True,False
M0739_1knp,rfflow_fixed-ligand_run_M0739_1knp_cond37_53-atomized-bb-True,run_M0739_1knp_cond37_53-atomized-bb-True.pdb,0,40,True,True,True
M0739_1knp,rfflow_fixed-ligand_run_M0739_1knp_cond37_54-atomized-bb-True,run_M0739_1knp_cond37_54-atomized-bb-True.pdb,0,40,True,True,True
M0739_1knp,rfflow_fixed-ligand_run_M0739_1knp_cond37_55-atomized-bb-True,run_M0739_1knp_cond37_55-atomized-bb-True.pdb,0,40,True,True,True
M0739_1knp,rfflow_fixed-ligand_run_M0739_1knp_cond37_56-atomized-bb-True,run_M0739_1knp_cond37_56-atomized-bb-True.pdb,0,40,True,True,True
M0739_1knp,rfflow_fixed-ligand_run_M0739_1knp_cond37_57-atomized-bb-True,run_M0739_1knp_cond37_57-atomized-bb-True.pdb,12,40,False,True,False
M0739_1knp,rfflow_fixed-ligand_run_M0739_1knp_cond37_58-atomized-bb-True,run_M0739_1knp_cond37_58-atomized-bb-True.pdb,0,40,True,True,True
M0739_1knp,rfflow_fixed-ligand_run_M0739_1knp_cond37_59-atomized-bb-True,run_M0739_1knp_cond37_59-atomized-bb-True.pdb,0,40,True,True,True
M0739_1knp,rfflow_fixed-ligand_run_M0739_1knp_cond37_6-atomized-bb-True,run_M0739_1knp_cond37_6-atomized-bb-True.pdb,0,40,True,True,True
M0739_1knp,rfflow_fixed-ligand_run_M0739_1knp_cond37_60-atomized-bb-True,run_M0739_1knp_cond37_60-atomized-bb-True.pdb,0,40,True,True,True
M0739_1knp,rfflow_fixed-ligand_run_M0739_1knp_cond37_61-atomized-bb-True,run_M0739_1knp_cond37_61-atomized-bb-True.pdb,4,40,False,True,False
M0739_1knp,rfflow_fixed-ligand_run_M0739_1knp_cond37_62-atomized-bb-True,run_M0739_1knp_cond37_62-atomized-bb-True.pdb,0,40,True,True,True
M0739_1knp,rfflow_fixed-ligand_run_M0739_1knp_cond37_63-atomized-bb-True,run_M0739_1knp_cond37_63-atomized-bb-True.pdb,3,40,False,True,False
M0739_1knp,rfflow_fixed-ligand_run_M0739_1knp_cond37_64-atomized-bb-True,run_M0739_1knp_cond37_64-atomized-bb-True.pdb,0,40,True,False,False
M0739_1knp,rfflow_fixed-ligand_run_M0739_1knp_cond37_65-atomized-bb-True,run_M0739_1knp_cond37_65-atomized-bb-True.pdb,3,40,False,True,False
M0739_1knp,rfflow_fixed-ligand_run_M0739_1knp_cond37_66-atomized-bb-True,run_M0739_1knp_cond37_66-atomized-bb-True.pdb,0,40,True,True,True
M0739_1knp,rfflow_fixed-ligand_run_M0739_1knp_cond37_67-atomized-bb-True,run_M0739_1knp_cond37_67-atomized-bb-True.pdb,0,40,True,True,True
M0739_1knp,rfflow_fixed-ligand_run_M0739_1knp_cond37_68-atomized-bb-True,run_M0739_1knp_cond37_68-atomized-bb-True.pdb,0,40,True,True,True
M0739_1knp,rfflow_fixed-ligand_run_M0739_1knp_cond37_69-atomized-bb-True,run_M0739_1knp_cond37_69-atomized-bb-True.pdb,11,40,False,True,False
M0739_1knp,rfflow_fixed-ligand_run_M0739_1knp_cond37_7-atomized-bb-True,run_M0739_1knp_cond37_7-atomized-bb-True.pdb,23,40,False,True,False
M0739_1knp,rfflow_fixed-ligand_run_M0739_1knp_cond37_70-atomized-bb-True,run_M0739_1knp_cond37_70-atomized-bb-True.pdb,0,40,True,True,True
M0739_1knp,rfflow_fixed-ligand_run_M0739_1knp_cond37_71-atomized-bb-True,run_M0739_1knp_cond37_71-atomized-bb-True.pdb,0,40,True,True,True
M0739_1knp,rfflow_fixed-ligand_run_M0739_1knp_cond37_72-atomized-bb-True,run_M0739_1knp_cond37_72-atomized-bb-True.pdb,9,40,False,True,False
M0739_1knp,rfflow_fixed-ligand_run_M0739_1knp_cond37_73-atomized-bb-True,run_M0739_1knp_cond37_73-atomized-bb-True.pdb,0,40,True,True,True
M0739_1knp,rfflow_fixed-ligand_run_M0739_1knp_cond37_74-atomized-bb-True,run_M0739_1knp_cond37_74-atomized-bb-True.pdb,0,40,True,True,True
M0739_1knp,rfflow_fixed-ligand_run_M0739_1knp_cond37_75-atomized-bb-True,run_M0739_1knp_cond37_75-atomized-bb-True.pdb,1,40,False,True,False
M0739_1knp,rfflow_fixed-ligand_run_M0739_1knp_cond37_76-atomized-bb-True,run_M0739_1knp_cond37_76-atomized-bb-True.pdb,0,40,True,True,True
M0739_1knp,rfflow_fixed-ligand_run_M0739_1knp_cond37_77-atomized-bb-True,run_M0739_1knp_cond37_77-atomized-bb-True.pdb,0,40,True,True,True
M0739_1knp,rfflow_fixed-ligand_run_M0739_1knp_cond37_78-atomized-bb-True,run_M0739_1knp_cond37_78-atomized-bb-True.pdb,0,40,True,True,True
M0739_1knp,rfflow_fixed-ligand_run_M0739_1knp_cond37_79-atomized-bb-True,run_M0739_1knp_cond37_79-atomized-bb-True.pdb,17,40,False,True,False
M0739_1knp,rfflow_fixed-ligand_run_M0739_1knp_cond37_8-atomized-bb-True,run_M0739_1knp_cond37_8-atomized-bb-True.pdb,0,40,True,True,True
M0739_1knp,rfflow_fixed-ligand_run_M0739_1knp_cond37_80-atomized-bb-True,run_M0739_1knp_cond37_80-atomized-bb-True.pdb,0,40,True,True,True
M0739_1knp,rfflow_fixed-ligand_run_M0739_1knp_cond37_81-atomized-bb-True,run_M0739_1knp_cond37_81-atomized-bb-True.pdb,0,40,True,True,True
M0739_1knp,rfflow_fixed-ligand_run_M0739_1knp_cond37_82-atomized-bb-True,run_M0739_1knp_cond37_82-atomized-bb-True.pdb,0,40,True,True,True
M0739_1knp,rfflow_fixed-ligand_run_M0739_1knp_cond37_83-atomized-bb-True,run_M0739_1knp_cond37_83-atomized-bb-True.pdb,0,40,True,True,True
M0739_1knp,rfflow_fixed-ligand_run_M0739_1knp_cond37_84-atomized-bb-True,run_M0739_1knp_cond37_84-atomized-bb-True.pdb,10,40,False,True,False
M0739_1knp,rfflow_fixed-ligand_run_M0739_1knp_cond37_85-atomized-bb-True,run_M0739_1knp_cond37_85-atomized-bb-True.pdb,0,40,True,True,True
M0739_1knp,rfflow_fixed-ligand_run_M0739_1knp_cond37_86-atomized-bb-True,run_M0739_1knp_cond37_86-atomized-bb-True.pdb,0,40,True,True,True
M0739_1knp,rfflow_fixed-ligand_run_M0739_1knp_cond37_87-atomized-bb-True,run_M0739_1knp_cond37_87-atomized-bb-True.pdb,0,40,True,True,True
M0739_1knp,rfflow_fixed-ligand_run_M0739_1knp_cond37_88-atomized-bb-True,run_M0739_1knp_cond37_88-atomized-bb-True.pdb,0,40,True,True,True
M0739_1knp,rfflow_fixed-ligand_run_M0739_1knp_cond37_89-atomized-bb-True,run_M0739_1knp_cond37_89-atomized-bb-True.pdb,0,40,True,True,True
M0739_1knp,rfflow_fixed-ligand_run_M0739_1knp_cond37_9-atomized-bb-True,run_M0739_1knp_cond37_9-atomized-bb-True.pdb,0,40,True,True,True
M0739_1knp,rfflow_fixed-ligand_run_M0739_1knp_cond37_90-atomized-bb-True,run_M0739_1knp_cond37_90-atomized-bb-True.pdb,0,40,True,True,True
M0739_1knp,rfflow_fixed-ligand_run_M0739_1knp_cond37_91-atomized-bb-True,run_M0739_1knp_cond37_91-atomized-bb-True.pdb,22,40,False,True,False
M0739_1knp,rfflow_fixed-ligand_run_M0739_1knp_cond37_92-atomized-bb-True,run_M0739_1knp_cond37_92-atomized-bb-True.pdb,0,40,True,True,True
M0739_1knp,rfflow_fixed-ligand_run_M0739_1knp_cond37_93-atomized-bb-True,run_M0739_1knp_cond37_93-atomized-bb-True.pdb,2,40,False,True,False
M0739_1knp,rfflow_fixed-ligand_run_M0739_1knp_cond37_94-atomized-bb-True,run_M0739_1knp_cond37_94-atomized-bb-True.pdb,27,40,False,True,False
M0739_1knp,rfflow_fixed-ligand_run_M0739_1knp_cond37_95-atomized-bb-True,run_M0739_1knp_cond37_95-atomized-bb-True.pdb,0,40,True,True,True
M0739_1knp,rfflow_fixed-ligand_run_M0739_1knp_cond37_96-atomized-bb-True,run_M0739_1knp_cond37_96-atomized-bb-True.pdb,0,40,True,True,True
M0739_1knp,rfflow_fixed-ligand_run_M0739_1knp_cond37_97-atomized-bb-True,run_M0739_1knp_cond37_97-atomized-bb-True.pdb,0,40,True,True,True
M0739_1knp,rfflow_fixed-ligand_run_M0739_1knp_cond37_98-atomized-bb-True,run_M0739_1knp_cond37_98-atomized-bb-True.pdb,0,40,True,True,True
M0739_1knp,rfflow_fixed-ligand_run_M0739_1knp_cond37_99-atomized-bb-True,run_M0739_1knp_cond37_99-atomized-bb-True.pdb,0,40,True,True,True
M0870_1oh9,rfflow_fixed-ligand_run_M0870_1oh9_cond38_0-atomized-bb-True,run_M0870_1oh9_cond38_0-atomized-bb-True.pdb,0,40,True,True,True
M0870_1oh9,rfflow_fixed-ligand_run_M0870_1oh9_cond38_1-atomized-bb-True,run_M0870_1oh9_cond38_1-atomized-bb-True.pdb,4,40,False,True,False
M0870_1oh9,rfflow_fixed-ligand_run_M0870_1oh9_cond38_10-atomized-bb-True,run_M0870_1oh9_cond38_10-atomized-bb-True.pdb,0,40,True,True,True
M0870_1oh9,rfflow_fixed-ligand_run_M0870_1oh9_cond38_11-atomized-bb-True,run_M0870_1oh9_cond38_11-atomized-bb-True.pdb,0,40,True,True,True
M0870_1oh9,rfflow_fixed-ligand_run_M0870_1oh9_cond38_12-atomized-bb-True,run_M0870_1oh9_cond38_12-atomized-bb-True.pdb,0,40,True,True,True
M0870_1oh9,rfflow_fixed-ligand_run_M0870_1oh9_cond38_13-atomized-bb-True,run_M0870_1oh9_cond38_13-atomized-bb-True.pdb,0,40,True,True,True
M0870_1oh9,rfflow_fixed-ligand_run_M0870_1oh9_cond38_14-atomized-bb-True,run_M0870_1oh9_cond38_14-atomized-bb-True.pdb,0,40,True,True,True
M0870_1oh9,rfflow_fixed-ligand_run_M0870_1oh9_cond38_15-atomized-bb-True,run_M0870_1oh9_cond38_15-atomized-bb-True.pdb,0,40,True,True,True
M0870_1oh9,rfflow_fixed-ligand_run_M0870_1oh9_cond38_16-atomized-bb-True,run_M0870_1oh9_cond38_16-atomized-bb-True.pdb,0,40,True,True,True
M0870_1oh9,rfflow_fixed-ligand_run_M0870_1oh9_cond38_17-atomized-bb-True,run_M0870_1oh9_cond38_17-atomized-bb-True.pdb,0,40,True,True,True
M0870_1oh9,rfflow_fixed-ligand_run_M0870_1oh9_cond38_18-atomized-bb-True,run_M0870_1oh9_cond38_18-atomized-bb-True.pdb,0,40,True,True,True
M0870_1oh9,rfflow_fixed-ligand_run_M0870_1oh9_cond38_19-atomized-bb-True,run_M0870_1oh9_cond38_19-atomized-bb-True.pdb,0,40,True,True,True
M0870_1oh9,rfflow_fixed-ligand_run_M0870_1oh9_cond38_2-atomized-bb-True,run_M0870_1oh9_cond38_2-atomized-bb-True.pdb,18,40,False,True,False
M0870_1oh9,rfflow_fixed-ligand_run_M0870_1oh9_cond38_20-atomized-bb-True,run_M0870_1oh9_cond38_20-atomized-bb-True.pdb,0,40,True,True,True
M0870_1oh9,rfflow_fixed-ligand_run_M0870_1oh9_cond38_21-atomized-bb-True,run_M0870_1oh9_cond38_21-atomized-bb-True.pdb,0,40,True,True,True
M0870_1oh9,rfflow_fixed-ligand_run_M0870_1oh9_cond38_22-atomized-bb-True,run_M0870_1oh9_cond38_22-atomized-bb-True.pdb,0,40,True,False,False
M0870_1oh9,rfflow_fixed-ligand_run_M0870_1oh9_cond38_23-atomized-bb-True,run_M0870_1oh9_cond38_23-atomized-bb-True.pdb,0,40,True,True,True
M0870_1oh9,rfflow_fixed-ligand_run_M0870_1oh9_cond38_24-atomized-bb-True,run_M0870_1oh9_cond38_24-atomized-bb-True.pdb,0,40,True,True,True
M0870_1oh9,rfflow_fixed-ligand_run_M0870_1oh9_cond38_25-atomized-bb-True,run_M0870_1oh9_cond38_25-atomized-bb-True.pdb,0,40,True,True,True
M0870_1oh9,rfflow_fixed-ligand_run_M0870_1oh9_cond38_26-atomized-bb-True,run_M0870_1oh9_cond38_26-atomized-bb-True.pdb,5,40,False,True,False
M0870_1oh9,rfflow_fixed-ligand_run_M0870_1oh9_cond38_27-atomized-bb-True,run_M0870_1oh9_cond38_27-atomized-bb-True.pdb,0,40,True,True,True
M0870_1oh9,rfflow_fixed-ligand_run_M0870_1oh9_cond38_28-atomized-bb-True,run_M0870_1oh9_cond38_28-atomized-bb-True.pdb,0,40,True,True,True
M0870_1oh9,rfflow_fixed-ligand_run_M0870_1oh9_cond38_29-atomized-bb-True,run_M0870_1oh9_cond38_29-atomized-bb-True.pdb,0,40,True,True,True
M0870_1oh9,rfflow_fixed-ligand_run_M0870_1oh9_cond38_3-atomized-bb-True,run_M0870_1oh9_cond38_3-atomized-bb-True.pdb,0,40,True,False,False
M0870_1oh9,rfflow_fixed-ligand_run_M0870_1oh9_cond38_30-atomized-bb-True,run_M0870_1oh9_cond38_30-atomized-bb-True.pdb,0,40,True,True,True
M0870_1oh9,rfflow_fixed-ligand_run_M0870_1oh9_cond38_31-atomized-bb-True,run_M0870_1oh9_cond38_31-atomized-bb-True.pdb,0,40,True,True,True
M0870_1oh9,rfflow_fixed-ligand_run_M0870_1oh9_cond38_32-atomized-bb-True,run_M0870_1oh9_cond38_32-atomized-bb-True.pdb,0,40,True,True,True
M0870_1oh9,rfflow_fixed-ligand_run_M0870_1oh9_cond38_33-atomized-bb-True,run_M0870_1oh9_cond38_33-atomized-bb-True.pdb,0,40,True,True,True
M0870_1oh9,rfflow_fixed-ligand_run_M0870_1oh9_cond38_34-atomized-bb-True,run_M0870_1oh9_cond38_34-atomized-bb-True.pdb,0,40,True,True,True
M0870_1oh9,rfflow_fixed-ligand_run_M0870_1oh9_cond38_35-atomized-bb-True,run_M0870_1oh9_cond38_35-atomized-bb-True.pdb,0,40,True,True,True
M0870_1oh9,rfflow_fixed-ligand_run_M0870_1oh9_cond38_36-atomized-bb-True,run_M0870_1oh9_cond38_36-atomized-bb-True.pdb,0,40,True,True,True
M0870_1oh9,rfflow_fixed-ligand_run_M0870_1oh9_cond38_37-atomized-bb-True,run_M0870_1oh9_cond38_37-atomized-bb-True.pdb,0,40,True,True,True
M0870_1oh9,rfflow_fixed-ligand_run_M0870_1oh9_cond38_38-atomized-bb-True,run_M0870_1oh9_cond38_38-atomized-bb-True.pdb,0,40,True,False,False
M0870_1oh9,rfflow_fixed-ligand_run_M0870_1oh9_cond38_39-atomized-bb-True,run_M0870_1oh9_cond38_39-atomized-bb-True.pdb,0,40,True,True,True
M0870_1oh9,rfflow_fixed-ligand_run_M0870_1oh9_cond38_4-atomized-bb-True,run_M0870_1oh9_cond38_4-atomized-bb-True.pdb,0,40,True,True,True
M0870_1oh9,rfflow_fixed-ligand_run_M0870_1oh9_cond38_40-atomized-bb-True,run_M0870_1oh9_cond38_40-atomized-bb-True.pdb,0,40,True,False,False
M0870_1oh9,rfflow_fixed-ligand_run_M0870_1oh9_cond38_41-atomized-bb-True,run_M0870_1oh9_cond38_41-atomized-bb-True.pdb,0,40,True,True,True
M0870_1oh9,rfflow_fixed-ligand_run_M0870_1oh9_cond38_42-atomized-bb-True,run_M0870_1oh9_cond38_42-atomized-bb-True.pdb,0,40,True,True,True
M0870_1oh9,rfflow_fixed-ligand_run_M0870_1oh9_cond38_43-atomized-bb-True,run_M0870_1oh9_cond38_43-atomized-bb-True.pdb,0,40,True,True,True
M0870_1oh9,rfflow_fixed-ligand_run_M0870_1oh9_cond38_44-atomized-bb-True,run_M0870_1oh9_cond38_44-atomized-bb-True.pdb,0,40,True,True,True
M0870_1oh9,rfflow_fixed-ligand_run_M0870_1oh9_cond38_45-atomized-bb-True,run_M0870_1oh9_cond38_45-atomized-bb-True.pdb,0,40,True,True,True
M0870_1oh9,rfflow_fixed-ligand_run_M0870_1oh9_cond38_46-atomized-bb-True,run_M0870_1oh9_cond38_46-atomized-bb-True.pdb,4,40,False,True,False
M0870_1oh9,rfflow_fixed-ligand_run_M0870_1oh9_cond38_47-atomized-bb-True,run_M0870_1oh9_cond38_47-atomized-bb-True.pdb,0,40,True,True,True
M0870_1oh9,rfflow_fixed-ligand_run_M0870_1oh9_cond38_48-atomized-bb-True,run_M0870_1oh9_cond38_48-atomized-bb-True.pdb,0,40,True,True,True
M0870_1oh9,rfflow_fixed-ligand_run_M0870_1oh9_cond38_49-atomized-bb-True,run_M0870_1oh9_cond38_49-atomized-bb-True.pdb,0,40,True,True,True
M0870_1oh9,rfflow_fixed-ligand_run_M0870_1oh9_cond38_5-atomized-bb-True,run_M0870_1oh9_cond38_5-atomized-bb-True.pdb,0,40,True,True,True
M0870_1oh9,rfflow_fixed-ligand_run_M0870_1oh9_cond38_50-atomized-bb-True,run_M0870_1oh9_cond38_50-atomized-bb-True.pdb,0,40,True,False,False
M0870_1oh9,rfflow_fixed-ligand_run_M0870_1oh9_cond38_51-atomized-bb-True,run_M0870_1oh9_cond38_51-atomized-bb-True.pdb,0,40,True,True,True
M0870_1oh9,rfflow_fixed-ligand_run_M0870_1oh9_cond38_52-atomized-bb-True,run_M0870_1oh9_cond38_52-atomized-bb-True.pdb,0,40,True,True,True
M0870_1oh9,rfflow_fixed-ligand_run_M0870_1oh9_cond38_53-atomized-bb-True,run_M0870_1oh9_cond38_53-atomized-bb-True.pdb,0,40,True,False,False
M0870_1oh9,rfflow_fixed-ligand_run_M0870_1oh9_cond38_54-atomized-bb-True,run_M0870_1oh9_cond38_54-atomized-bb-True.pdb,0,40,True,True,True
M0870_1oh9,rfflow_fixed-ligand_run_M0870_1oh9_cond38_55-atomized-bb-True,run_M0870_1oh9_cond38_55-atomized-bb-True.pdb,0,40,True,True,True
M0870_1oh9,rfflow_fixed-ligand_run_M0870_1oh9_cond38_56-atomized-bb-True,run_M0870_1oh9_cond38_56-atomized-bb-True.pdb,0,40,True,True,True
M0870_1oh9,rfflow_fixed-ligand_run_M0870_1oh9_cond38_57-atomized-bb-True,run_M0870_1oh9_cond38_57-atomized-bb-True.pdb,0,40,True,False,False
M0870_1oh9,rfflow_fixed-ligand_run_M0870_1oh9_cond38_58-atomized-bb-True,run_M0870_1oh9_cond38_58-atomized-bb-True.pdb,0,40,True,True,True
M0870_1oh9,rfflow_fixed-ligand_run_M0870_1oh9_cond38_59-atomized-bb-True,run_M0870_1oh9_cond38_59-atomized-bb-True.pdb,0,40,True,True,True
M0870_1oh9,rfflow_fixed-ligand_run_M0870_1oh9_cond38_6-atomized-bb-True,run_M0870_1oh9_cond38_6-atomized-bb-True.pdb,2,40,False,True,False
M0870_1oh9,rfflow_fixed-ligand_run_M0870_1oh9_cond38_60-atomized-bb-True,run_M0870_1oh9_cond38_60-atomized-bb-True.pdb,0,40,True,True,True
M0870_1oh9,rfflow_fixed-ligand_run_M0870_1oh9_cond38_61-atomized-bb-True,run_M0870_1oh9_cond38_61-atomized-bb-True.pdb,0,40,True,False,False
M0870_1oh9,rfflow_fixed-ligand_run_M0870_1oh9_cond38_62-atomized-bb-True,run_M0870_1oh9_cond38_62-atomized-bb-True.pdb,0,40,True,True,True
M0870_1oh9,rfflow_fixed-ligand_run_M0870_1oh9_cond38_63-atomized-bb-True,run_M0870_1oh9_cond38_63-atomized-bb-True.pdb,0,40,True,True,True
M0870_1oh9,rfflow_fixed-ligand_run_M0870_1oh9_cond38_64-atomized-bb-True,run_M0870_1oh9_cond38_64-atomized-bb-True.pdb,0,40,True,False,False
M0870_1oh9,rfflow_fixed-ligand_run_M0870_1oh9_cond38_65-atomized-bb-True,run_M0870_1oh9_cond38_65-atomized-bb-True.pdb,0,40,True,True,True
M0870_1oh9,rfflow_fixed-ligand_run_M0870_1oh9_cond38_66-atomized-bb-True,run_M0870_1oh9_cond38_66-atomized-bb-True.pdb,0,40,True,True,True
M0870_1oh9,rfflow_fixed-ligand_run_M0870_1oh9_cond38_67-atomized-bb-True,run_M0870_1oh9_cond38_67-atomized-bb-True.pdb,0,40,True,True,True
M0870_1oh9,rfflow_fixed-ligand_run_M0870_1oh9_cond38_68-atomized-bb-True,run_M0870_1oh9_cond38_68-atomized-bb-True.pdb,0,40,True,True,True
M0870_1oh9,rfflow_fixed-ligand_run_M0870_1oh9_cond38_69-atomized-bb-True,run_M0870_1oh9_cond38_69-atomized-bb-True.pdb,4,40,False,True,False
M0870_1oh9,rfflow_fixed-ligand_run_M0870_1oh9_cond38_7-atomized-bb-True,run_M0870_1oh9_cond38_7-atomized-bb-True.pdb,0,40,True,True,True
M0870_1oh9,rfflow_fixed-ligand_run_M0870_1oh9_cond38_70-atomized-bb-True,run_M0870_1oh9_cond38_70-atomized-bb-True.pdb,0,40,True,True,True
M0870_1oh9,rfflow_fixed-ligand_run_M0870_1oh9_cond38_71-atomized-bb-True,run_M0870_1oh9_cond38_71-atomized-bb-True.pdb,0,40,True,True,True
M0870_1oh9,rfflow_fixed-ligand_run_M0870_1oh9_cond38_72-atomized-bb-True,run_M0870_1oh9_cond38_72-atomized-bb-True.pdb,0,40,True,True,True
M0870_1oh9,rfflow_fixed-ligand_run_M0870_1oh9_cond38_73-atomized-bb-True,run_M0870_1oh9_cond38_73-atomized-bb-True.pdb,0,40,True,True,True
M0870_1oh9,rfflow_fixed-ligand_run_M0870_1oh9_cond38_74-atomized-bb-True,run_M0870_1oh9_cond38_74-atomized-bb-True.pdb,0,40,True,True,True
M0870_1oh9,rfflow_fixed-ligand_run_M0870_1oh9_cond38_75-atomized-bb-True,run_M0870_1oh9_cond38_75-atomized-bb-True.pdb,0,40,True,True,True
M0870_1oh9,rfflow_fixed-ligand_run_M0870_1oh9_cond38_76-atomized-bb-True,run_M0870_1oh9_cond38_76-atomized-bb-True.pdb,0,40,True,True,True
M0870_1oh9,rfflow_fixed-ligand_run_M0870_1oh9_cond38_77-atomized-bb-True,run_M0870_1oh9_cond38_77-atomized-bb-True.pdb,0,40,True,True,True
M0870_1oh9,rfflow_fixed-ligand_run_M0870_1oh9_cond38_78-atomized-bb-True,run_M0870_1oh9_cond38_78-atomized-bb-True.pdb,0,40,True,True,True
M0870_1oh9,rfflow_fixed-ligand_run_M0870_1oh9_cond38_79-atomized-bb-True,run_M0870_1oh9_cond38_79-atomized-bb-True.pdb,0,40,True,True,True
M0870_1oh9,rfflow_fixed-ligand_run_M0870_1oh9_cond38_8-atomized-bb-True,run_M0870_1oh9_cond38_8-atomized-bb-True.pdb,0,40,True,True,True
M0870_1oh9,rfflow_fixed-ligand_run_M0870_1oh9_cond38_80-atomized-bb-True,run_M0870_1oh9_cond38_80-atomized-bb-True.pdb,0,40,True,True,True
M0870_1oh9,rfflow_fixed-ligand_run_M0870_1oh9_cond38_81-atomized-bb-True,run_M0870_1oh9_cond38_81-atomized-bb-True.pdb,0,40,True,True,True
M0870_1oh9,rfflow_fixed-ligand_run_M0870_1oh9_cond38_82-atomized-bb-True,run_M0870_1oh9_cond38_82-atomized-bb-True.pdb,0,40,True,True,True
M0870_1oh9,rfflow_fixed-ligand_run_M0870_1oh9_cond38_83-atomized-bb-True,run_M0870_1oh9_cond38_83-atomized-bb-True.pdb,0,40,True,True,True
M0870_1oh9,rfflow_fixed-ligand_run_M0870_1oh9_cond38_84-atomized-bb-True,run_M0870_1oh9_cond38_84-atomized-bb-True.pdb,0,40,True,True,True
M0870_1oh9,rfflow_fixed-ligand_run_M0870_1oh9_cond38_85-atomized-bb-True,run_M0870_1oh9_cond38_85-atomized-bb-True.pdb,0,40,True,True,True
M0870_1oh9,rfflow_fixed-ligand_run_M0870_1oh9_cond38_86-atomized-bb-True,run_M0870_1oh9_cond38_86-atomized-bb-True.pdb,0,40,True,True,True
M0870_1oh9,rfflow_fixed-ligand_run_M0870_1oh9_cond38_87-atomized-bb-True,run_M0870_1oh9_cond38_87-atomized-bb-True.pdb,0,40,True,True,True
M0870_1oh9,rfflow_fixed-ligand_run_M0870_1oh9_cond38_88-atomized-bb-True,run_M0870_1oh9_cond38_88-atomized-bb-True.pdb,0,40,True,True,True
M0870_1oh9,rfflow_fixed-ligand_run_M0870_1oh9_cond38_89-atomized-bb-True,run_M0870_1oh9_cond38_89-atomized-bb-True.pdb,0,40,True,True,True
M0870_1oh9,rfflow_fixed-ligand_run_M0870_1oh9_cond38_9-atomized-bb-True,run_M0870_1oh9_cond38_9-atomized-bb-True.pdb,0,40,True,True,True
M0870_1oh9,rfflow_fixed-ligand_run_M0870_1oh9_cond38_90-atomized-bb-True,run_M0870_1oh9_cond38_90-atomized-bb-True.pdb,4,40,False,True,False
M0870_1oh9,rfflow_fixed-ligand_run_M0870_1oh9_cond38_91-atomized-bb-True,run_M0870_1oh9_cond38_91-atomized-bb-True.pdb,0,40,True,False,False
M0870_1oh9,rfflow_fixed-ligand_run_M0870_1oh9_cond38_92-atomized-bb-True,run_M0870_1oh9_cond38_92-atomized-bb-True.pdb,0,40,True,True,True
M0870_1oh9,rfflow_fixed-ligand_run_M0870_1oh9_cond38_93-atomized-bb-True,run_M0870_1oh9_cond38_93-atomized-bb-True.pdb,0,40,True,True,True
M0870_1oh9,rfflow_fixed-ligand_run_M0870_1oh9_cond38_94-atomized-bb-True,run_M0870_1oh9_cond38_94-atomized-bb-True.pdb,0,40,True,True,True
M0870_1oh9,rfflow_fixed-ligand_run_M0870_1oh9_cond38_95-atomized-bb-True,run_M0870_1oh9_cond38_95-atomized-bb-True.pdb,0,40,True,True,True
M0870_1oh9,rfflow_fixed-ligand_run_M0870_1oh9_cond38_96-atomized-bb-True,run_M0870_1oh9_cond38_96-atomized-bb-True.pdb,0,40,True,True,True
M0870_1oh9,rfflow_fixed-ligand_run_M0870_1oh9_cond38_97-atomized-bb-True,run_M0870_1oh9_cond38_97-atomized-bb-True.pdb,2,40,False,True,False
M0870_1oh9,rfflow_fixed-ligand_run_M0870_1oh9_cond38_98-atomized-bb-True,run_M0870_1oh9_cond38_98-atomized-bb-True.pdb,0,40,True,True,True
M0870_1oh9,rfflow_fixed-ligand_run_M0870_1oh9_cond38_99-atomized-bb-True,run_M0870_1oh9_cond38_99-atomized-bb-True.pdb,0,40,True,True,True
M0904_1qgx,rfflow_fixed-ligand_run_M0904_1qgx_cond39_0-atomized-bb-True,run_M0904_1qgx_cond39_0-atomized-bb-True.pdb,0,40,True,True,True
M0904_1qgx,rfflow_fixed-ligand_run_M0904_1qgx_cond39_1-atomized-bb-True,run_M0904_1qgx_cond39_1-atomized-bb-True.pdb,0,40,True,True,True
M0904_1qgx,rfflow_fixed-ligand_run_M0904_1qgx_cond39_10-atomized-bb-True,run_M0904_1qgx_cond39_10-atomized-bb-True.pdb,0,40,True,True,True
M0904_1qgx,rfflow_fixed-ligand_run_M0904_1qgx_cond39_11-atomized-bb-True,run_M0904_1qgx_cond39_11-atomized-bb-True.pdb,0,40,True,True,True
M0904_1qgx,rfflow_fixed-ligand_run_M0904_1qgx_cond39_12-atomized-bb-True,run_M0904_1qgx_cond39_12-atomized-bb-True.pdb,0,40,True,True,True
M0904_1qgx,rfflow_fixed-ligand_run_M0904_1qgx_cond39_13-atomized-bb-True,run_M0904_1qgx_cond39_13-atomized-bb-True.pdb,0,40,True,True,True
M0904_1qgx,rfflow_fixed-ligand_run_M0904_1qgx_cond39_14-atomized-bb-True,run_M0904_1qgx_cond39_14-atomized-bb-True.pdb,0,40,True,True,True
M0904_1qgx,rfflow_fixed-ligand_run_M0904_1qgx_cond39_15-atomized-bb-True,run_M0904_1qgx_cond39_15-atomized-bb-True.pdb,0,40,True,True,True
M0904_1qgx,rfflow_fixed-ligand_run_M0904_1qgx_cond39_16-atomized-bb-True,run_M0904_1qgx_cond39_16-atomized-bb-True.pdb,0,40,True,True,True
M0904_1qgx,rfflow_fixed-ligand_run_M0904_1qgx_cond39_17-atomized-bb-True,run_M0904_1qgx_cond39_17-atomized-bb-True.pdb,0,40,True,True,True
M0904_1qgx,rfflow_fixed-ligand_run_M0904_1qgx_cond39_18-atomized-bb-True,run_M0904_1qgx_cond39_18-atomized-bb-True.pdb,0,40,True,True,True
M0904_1qgx,rfflow_fixed-ligand_run_M0904_1qgx_cond39_19-atomized-bb-True,run_M0904_1qgx_cond39_19-atomized-bb-True.pdb,0,40,True,True,True
M0904_1qgx,rfflow_fixed-ligand_run_M0904_1qgx_cond39_2-atomized-bb-True,run_M0904_1qgx_cond39_2-atomized-bb-True.pdb,0,40,True,True,True
M0904_1qgx,rfflow_fixed-ligand_run_M0904_1qgx_cond39_20-atomized-bb-True,run_M0904_1qgx_cond39_20-atomized-bb-True.pdb,0,40,True,True,True
M0904_1qgx,rfflow_fixed-ligand_run_M0904_1qgx_cond39_21-atomized-bb-True,run_M0904_1qgx_cond39_21-atomized-bb-True.pdb,0,40,True,True,True
M0904_1qgx,rfflow_fixed-ligand_run_M0904_1qgx_cond39_22-atomized-bb-True,run_M0904_1qgx_cond39_22-atomized-bb-True.pdb,0,40,True,True,True
M0904_1qgx,rfflow_fixed-ligand_run_M0904_1qgx_cond39_23-atomized-bb-True,run_M0904_1qgx_cond39_23-atomized-bb-True.pdb,0,40,True,True,True
M0904_1qgx,rfflow_fixed-ligand_run_M0904_1qgx_cond39_24-atomized-bb-True,run_M0904_1qgx_cond39_24-atomized-bb-True.pdb,0,40,True,True,True
M0904_1qgx,rfflow_fixed-ligand_run_M0904_1qgx_cond39_25-atomized-bb-True,run_M0904_1qgx_cond39_25-atomized-bb-True.pdb,0,40,True,True,True
M0904_1qgx,rfflow_fixed-ligand_run_M0904_1qgx_cond39_26-atomized-bb-True,run_M0904_1qgx_cond39_26-atomized-bb-True.pdb,0,40,True,True,True
M0904_1qgx,rfflow_fixed-ligand_run_M0904_1qgx_cond39_27-atomized-bb-True,run_M0904_1qgx_cond39_27-atomized-bb-True.pdb,0,40,True,True,True
M0904_1qgx,rfflow_fixed-ligand_run_M0904_1qgx_cond39_28-atomized-bb-True,run_M0904_1qgx_cond39_28-atomized-bb-True.pdb,0,40,True,True,True
M0904_1qgx,rfflow_fixed-ligand_run_M0904_1qgx_cond39_29-atomized-bb-True,run_M0904_1qgx_cond39_29-atomized-bb-True.pdb,0,40,True,True,True
M0904_1qgx,rfflow_fixed-ligand_run_M0904_1qgx_cond39_3-atomized-bb-True,run_M0904_1qgx_cond39_3-atomized-bb-True.pdb,0,40,True,True,True
M0904_1qgx,rfflow_fixed-ligand_run_M0904_1qgx_cond39_30-atomized-bb-True,run_M0904_1qgx_cond39_30-atomized-bb-True.pdb,0,40,True,True,True
M0904_1qgx,rfflow_fixed-ligand_run_M0904_1qgx_cond39_31-atomized-bb-True,run_M0904_1qgx_cond39_31-atomized-bb-True.pdb,0,40,True,True,True
M0904_1qgx,rfflow_fixed-ligand_run_M0904_1qgx_cond39_32-atomized-bb-True,run_M0904_1qgx_cond39_32-atomized-bb-True.pdb,0,40,True,True,True
M0904_1qgx,rfflow_fixed-ligand_run_M0904_1qgx_cond39_33-atomized-bb-True,run_M0904_1qgx_cond39_33-atomized-bb-True.pdb,0,40,True,True,True
M0904_1qgx,rfflow_fixed-ligand_run_M0904_1qgx_cond39_34-atomized-bb-True,run_M0904_1qgx_cond39_34-atomized-bb-True.pdb,1,40,False,True,False
M0904_1qgx,rfflow_fixed-ligand_run_M0904_1qgx_cond39_35-atomized-bb-True,run_M0904_1qgx_cond39_35-atomized-bb-True.pdb,0,40,True,False,False
M0904_1qgx,rfflow_fixed-ligand_run_M0904_1qgx_cond39_36-atomized-bb-True,run_M0904_1qgx_cond39_36-atomized-bb-True.pdb,0,40,True,True,True
M0904_1qgx,rfflow_fixed-ligand_run_M0904_1qgx_cond39_37-atomized-bb-True,run_M0904_1qgx_cond39_37-atomized-bb-True.pdb,0,40,True,True,True
M0904_1qgx,rfflow_fixed-ligand_run_M0904_1qgx_cond39_38-atomized-bb-True,run_M0904_1qgx_cond39_38-atomized-bb-True.pdb,0,40,True,True,True
M0904_1qgx,rfflow_fixed-ligand_run_M0904_1qgx_cond39_39-atomized-bb-True,run_M0904_1qgx_cond39_39-atomized-bb-True.pdb,0,40,True,True,True
M0904_1qgx,rfflow_fixed-ligand_run_M0904_1qgx_cond39_4-atomized-bb-True,run_M0904_1qgx_cond39_4-atomized-bb-True.pdb,0,40,True,True,True
M0904_1qgx,rfflow_fixed-ligand_run_M0904_1qgx_cond39_40-atomized-bb-True,run_M0904_1qgx_cond39_40-atomized-bb-True.pdb,0,40,True,True,True
M0904_1qgx,rfflow_fixed-ligand_run_M0904_1qgx_cond39_41-atomized-bb-True,run_M0904_1qgx_cond39_41-atomized-bb-True.pdb,0,40,True,True,True
M0904_1qgx,rfflow_fixed-ligand_run_M0904_1qgx_cond39_42-atomized-bb-True,run_M0904_1qgx_cond39_42-atomized-bb-True.pdb,0,40,True,True,True
M0904_1qgx,rfflow_fixed-ligand_run_M0904_1qgx_cond39_43-atomized-bb-True,run_M0904_1qgx_cond39_43-atomized-bb-True.pdb,0,40,True,True,True
M0904_1qgx,rfflow_fixed-ligand_run_M0904_1qgx_cond39_44-atomized-bb-True,run_M0904_1qgx_cond39_44-atomized-bb-True.pdb,0,40,True,False,False
M0904_1qgx,rfflow_fixed-ligand_run_M0904_1qgx_cond39_45-atomized-bb-True,run_M0904_1qgx_cond39_45-atomized-bb-True.pdb,0,40,True,True,True
M0904_1qgx,rfflow_fixed-ligand_run_M0904_1qgx_cond39_46-atomized-bb-True,run_M0904_1qgx_cond39_46-atomized-bb-True.pdb,0,40,True,True,True
M0904_1qgx,rfflow_fixed-ligand_run_M0904_1qgx_cond39_47-atomized-bb-True,run_M0904_1qgx_cond39_47-atomized-bb-True.pdb,0,40,True,True,True
M0904_1qgx,rfflow_fixed-ligand_run_M0904_1qgx_cond39_48-atomized-bb-True,run_M0904_1qgx_cond39_48-atomized-bb-True.pdb,0,40,True,True,True
M0904_1qgx,rfflow_fixed-ligand_run_M0904_1qgx_cond39_49-atomized-bb-True,run_M0904_1qgx_cond39_49-atomized-bb-True.pdb,0,40,True,True,True
M0904_1qgx,rfflow_fixed-ligand_run_M0904_1qgx_cond39_5-atomized-bb-True,run_M0904_1qgx_cond39_5-atomized-bb-True.pdb,0,40,True,True,True
M0904_1qgx,rfflow_fixed-ligand_run_M0904_1qgx_cond39_50-atomized-bb-True,run_M0904_1qgx_cond39_50-atomized-bb-True.pdb,0,40,True,True,True
M0904_1qgx,rfflow_fixed-ligand_run_M0904_1qgx_cond39_51-atomized-bb-True,run_M0904_1qgx_cond39_51-atomized-bb-True.pdb,0,40,True,True,True
M0904_1qgx,rfflow_fixed-ligand_run_M0904_1qgx_cond39_52-atomized-bb-True,run_M0904_1qgx_cond39_52-atomized-bb-True.pdb,0,40,True,True,True
M0904_1qgx,rfflow_fixed-ligand_run_M0904_1qgx_cond39_53-atomized-bb-True,run_M0904_1qgx_cond39_53-atomized-bb-True.pdb,0,40,True,True,True
M0904_1qgx,rfflow_fixed-ligand_run_M0904_1qgx_cond39_54-atomized-bb-True,run_M0904_1qgx_cond39_54-atomized-bb-True.pdb,0,40,True,True,True
M0904_1qgx,rfflow_fixed-ligand_run_M0904_1qgx_cond39_55-atomized-bb-True,run_M0904_1qgx_cond39_55-atomized-bb-True.pdb,0,40,True,True,True
M0904_1qgx,rfflow_fixed-ligand_run_M0904_1qgx_cond39_56-atomized-bb-True,run_M0904_1qgx_cond39_56-atomized-bb-True.pdb,0,40,True,True,True
M0904_1qgx,rfflow_fixed-ligand_run_M0904_1qgx_cond39_57-atomized-bb-True,run_M0904_1qgx_cond39_57-atomized-bb-True.pdb,0,40,True,True,True
M0904_1qgx,rfflow_fixed-ligand_run_M0904_1qgx_cond39_58-atomized-bb-True,run_M0904_1qgx_cond39_58-atomized-bb-True.pdb,0,40,True,True,True
M0904_1qgx,rfflow_fixed-ligand_run_M0904_1qgx_cond39_59-atomized-bb-True,run_M0904_1qgx_cond39_59-atomized-bb-True.pdb,0,40,True,True,True
M0904_1qgx,rfflow_fixed-ligand_run_M0904_1qgx_cond39_6-atomized-bb-True,run_M0904_1qgx_cond39_6-atomized-bb-True.pdb,0,40,True,True,True
M0904_1qgx,rfflow_fixed-ligand_run_M0904_1qgx_cond39_60-atomized-bb-True,run_M0904_1qgx_cond39_60-atomized-bb-True.pdb,0,40,True,True,True
M0904_1qgx,rfflow_fixed-ligand_run_M0904_1qgx_cond39_61-atomized-bb-True,run_M0904_1qgx_cond39_61-atomized-bb-True.pdb,0,40,True,True,True
M0904_1qgx,rfflow_fixed-ligand_run_M0904_1qgx_cond39_62-atomized-bb-True,run_M0904_1qgx_cond39_62-atomized-bb-True.pdb,0,40,True,True,True
M0904_1qgx,rfflow_fixed-ligand_run_M0904_1qgx_cond39_63-atomized-bb-True,run_M0904_1qgx_cond39_63-atomized-bb-True.pdb,0,40,True,True,True
M0904_1qgx,rfflow_fixed-ligand_run_M0904_1qgx_cond39_64-atomized-bb-True,run_M0904_1qgx_cond39_64-atomized-bb-True.pdb,0,40,True,True,True
M0904_1qgx,rfflow_fixed-ligand_run_M0904_1qgx_cond39_65-atomized-bb-True,run_M0904_1qgx_cond39_65-atomized-bb-True.pdb,0,40,True,True,True
M0904_1qgx,rfflow_fixed-ligand_run_M0904_1qgx_cond39_66-atomized-bb-True,run_M0904_1qgx_cond39_66-atomized-bb-True.pdb,0,40,True,True,True
M0904_1qgx,rfflow_fixed-ligand_run_M0904_1qgx_cond39_67-atomized-bb-True,run_M0904_1qgx_cond39_67-atomized-bb-True.pdb,0,40,True,True,True
M0904_1qgx,rfflow_fixed-ligand_run_M0904_1qgx_cond39_68-atomized-bb-True,run_M0904_1qgx_cond39_68-atomized-bb-True.pdb,0,40,True,True,True
M0904_1qgx,rfflow_fixed-ligand_run_M0904_1qgx_cond39_69-atomized-bb-True,run_M0904_1qgx_cond39_69-atomized-bb-True.pdb,0,40,True,True,True
M0904_1qgx,rfflow_fixed-ligand_run_M0904_1qgx_cond39_7-atomized-bb-True,run_M0904_1qgx_cond39_7-atomized-bb-True.pdb,0,40,True,True,True
M0904_1qgx,rfflow_fixed-ligand_run_M0904_1qgx_cond39_70-atomized-bb-True,run_M0904_1qgx_cond39_70-atomized-bb-True.pdb,0,40,True,True,True
M0904_1qgx,rfflow_fixed-ligand_run_M0904_1qgx_cond39_71-atomized-bb-True,run_M0904_1qgx_cond39_71-atomized-bb-True.pdb,0,40,True,False,False
M0904_1qgx,rfflow_fixed-ligand_run_M0904_1qgx_cond39_72-atomized-bb-True,run_M0904_1qgx_cond39_72-atomized-bb-True.pdb,0,40,True,True,True
M0904_1qgx,rfflow_fixed-ligand_run_M0904_1qgx_cond39_73-atomized-bb-True,run_M0904_1qgx_cond39_73-atomized-bb-True.pdb,0,40,True,True,True
M0904_1qgx,rfflow_fixed-ligand_run_M0904_1qgx_cond39_74-atomized-bb-True,run_M0904_1qgx_cond39_74-atomized-bb-True.pdb,1,40,False,True,False
M0904_1qgx,rfflow_fixed-ligand_run_M0904_1qgx_cond39_75-atomized-bb-True,run_M0904_1qgx_cond39_75-atomized-bb-True.pdb,0,40,True,True,True
M0904_1qgx,rfflow_fixed-ligand_run_M0904_1qgx_cond39_76-atomized-bb-True,run_M0904_1qgx_cond39_76-atomized-bb-True.pdb,0,40,True,True,True
M0904_1qgx,rfflow_fixed-ligand_run_M0904_1qgx_cond39_77-atomized-bb-True,run_M0904_1qgx_cond39_77-atomized-bb-True.pdb,0,40,True,False,False
M0904_1qgx,rfflow_fixed-ligand_run_M0904_1qgx_cond39_78-atomized-bb-True,run_M0904_1qgx_cond39_78-atomized-bb-True.pdb,0,40,True,True,True
M0904_1qgx,rfflow_fixed-ligand_run_M0904_1qgx_cond39_79-atomized-bb-True,run_M0904_1qgx_cond39_79-atomized-bb-True.pdb,0,40,True,True,True
M0904_1qgx,rfflow_fixed-ligand_run_M0904_1qgx_cond39_8-atomized-bb-True,run_M0904_1qgx_cond39_8-atomized-bb-True.pdb,0,40,True,True,True
M0904_1qgx,rfflow_fixed-ligand_run_M0904_1qgx_cond39_80-atomized-bb-True,run_M0904_1qgx_cond39_80-atomized-bb-True.pdb,0,40,True,True,True
M0904_1qgx,rfflow_fixed-ligand_run_M0904_1qgx_cond39_81-atomized-bb-True,run_M0904_1qgx_cond39_81-atomized-bb-True.pdb,0,40,True,True,True
M0904_1qgx,rfflow_fixed-ligand_run_M0904_1qgx_cond39_82-atomized-bb-True,run_M0904_1qgx_cond39_82-atomized-bb-True.pdb,0,40,True,True,True
M0904_1qgx,rfflow_fixed-ligand_run_M0904_1qgx_cond39_83-atomized-bb-True,run_M0904_1qgx_cond39_83-atomized-bb-True.pdb,0,40,True,True,True
M0904_1qgx,rfflow_fixed-ligand_run_M0904_1qgx_cond39_84-atomized-bb-True,run_M0904_1qgx_cond39_84-atomized-bb-True.pdb,0,40,True,True,True
M0904_1qgx,rfflow_fixed-ligand_run_M0904_1qgx_cond39_85-atomized-bb-True,run_M0904_1qgx_cond39_85-atomized-bb-True.pdb,0,40,True,True,True
M0904_1qgx,rfflow_fixed-ligand_run_M0904_1qgx_cond39_86-atomized-bb-True,run_M0904_1qgx_cond39_86-atomized-bb-True.pdb,0,40,True,True,True
M0904_1qgx,rfflow_fixed-ligand_run_M0904_1qgx_cond39_87-atomized-bb-True,run_M0904_1qgx_cond39_87-atomized-bb-True.pdb,0,40,True,True,True
M0904_1qgx,rfflow_fixed-ligand_run_M0904_1qgx_cond39_88-atomized-bb-True,run_M0904_1qgx_cond39_88-atomized-bb-True.pdb,0,40,True,False,False
M0904_1qgx,rfflow_fixed-ligand_run_M0904_1qgx_cond39_89-atomized-bb-True,run_M0904_1qgx_cond39_89-atomized-bb-True.pdb,0,40,True,True,True
M0904_1qgx,rfflow_fixed-ligand_run_M0904_1qgx_cond39_9-atomized-bb-True,run_M0904_1qgx_cond39_9-atomized-bb-True.pdb,0,40,True,True,True
M0904_1qgx,rfflow_fixed-ligand_run_M0904_1qgx_cond39_90-atomized-bb-True,run_M0904_1qgx_cond39_90-atomized-bb-True.pdb,0,40,True,False,False
M0904_1qgx,rfflow_fixed-ligand_run_M0904_1qgx_cond39_91-atomized-bb-True,run_M0904_1qgx_cond39_91-atomized-bb-True.pdb,0,40,True,True,True
M0904_1qgx,rfflow_fixed-ligand_run_M0904_1qgx_cond39_92-atomized-bb-True,run_M0904_1qgx_cond39_92-atomized-bb-True.pdb,0,40,True,False,False
M0904_1qgx,rfflow_fixed-ligand_run_M0904_1qgx_cond39_93-atomized-bb-True,run_M0904_1qgx_cond39_93-atomized-bb-True.pdb,0,40,True,True,True
M0904_1qgx,rfflow_fixed-ligand_run_M0904_1qgx_cond39_94-atomized-bb-True,run_M0904_1qgx_cond39_94-atomized-bb-True.pdb,0,40,True,False,False
M0904_1qgx,rfflow_fixed-ligand_run_M0904_1qgx_cond39_95-atomized-bb-True,run_M0904_1qgx_cond39_95-atomized-bb-True.pdb,10,40,False,True,False
M0904_1qgx,rfflow_fixed-ligand_run_M0904_1qgx_cond39_96-atomized-bb-True,run_M0904_1qgx_cond39_96-atomized-bb-True.pdb,0,40,True,True,True
M0904_1qgx,rfflow_fixed-ligand_run_M0904_1qgx_cond39_97-atomized-bb-True,run_M0904_1qgx_cond39_97-atomized-bb-True.pdb,0,40,True,True,True
M0904_1qgx,rfflow_fixed-ligand_run_M0904_1qgx_cond39_98-atomized-bb-True,run_M0904_1qgx_cond39_98-atomized-bb-True.pdb,0,40,True,True,True
M0904_1qgx,rfflow_fixed-ligand_run_M0904_1qgx_cond39_99-atomized-bb-True,run_M0904_1qgx_cond39_99-atomized-bb-True.pdb,0,40,True,True,True
M0907_1rbl,rfflow_fixed-ligand_run_M0907_1rbl_cond40_0-atomized-bb-True,run_M0907_1rbl_cond40_0-atomized-bb-True.pdb,0,40,True,True,True
M0907_1rbl,rfflow_fixed-ligand_run_M0907_1rbl_cond40_1-atomized-bb-True,run_M0907_1rbl_cond40_1-atomized-bb-True.pdb,0,40,True,True,True
M0907_1rbl,rfflow_fixed-ligand_run_M0907_1rbl_cond40_10-atomized-bb-True,run_M0907_1rbl_cond40_10-atomized-bb-True.pdb,0,40,True,True,True
M0907_1rbl,rfflow_fixed-ligand_run_M0907_1rbl_cond40_11-atomized-bb-True,run_M0907_1rbl_cond40_11-atomized-bb-True.pdb,0,40,True,True,True
M0907_1rbl,rfflow_fixed-ligand_run_M0907_1rbl_cond40_12-atomized-bb-True,run_M0907_1rbl_cond40_12-atomized-bb-True.pdb,0,40,True,True,True
M0907_1rbl,rfflow_fixed-ligand_run_M0907_1rbl_cond40_13-atomized-bb-True,run_M0907_1rbl_cond40_13-atomized-bb-True.pdb,0,40,True,True,True
M0907_1rbl,rfflow_fixed-ligand_run_M0907_1rbl_cond40_14-atomized-bb-True,run_M0907_1rbl_cond40_14-atomized-bb-True.pdb,0,40,True,True,True
M0907_1rbl,rfflow_fixed-ligand_run_M0907_1rbl_cond40_15-atomized-bb-True,run_M0907_1rbl_cond40_15-atomized-bb-True.pdb,4,40,False,True,False
M0907_1rbl,rfflow_fixed-ligand_run_M0907_1rbl_cond40_16-atomized-bb-True,run_M0907_1rbl_cond40_16-atomized-bb-True.pdb,0,40,True,True,True
M0907_1rbl,rfflow_fixed-ligand_run_M0907_1rbl_cond40_17-atomized-bb-True,run_M0907_1rbl_cond40_17-atomized-bb-True.pdb,0,40,True,True,True
M0907_1rbl,rfflow_fixed-ligand_run_M0907_1rbl_cond40_18-atomized-bb-True,run_M0907_1rbl_cond40_18-atomized-bb-True.pdb,0,40,True,True,True
M0907_1rbl,rfflow_fixed-ligand_run_M0907_1rbl_cond40_19-atomized-bb-True,run_M0907_1rbl_cond40_19-atomized-bb-True.pdb,0,40,True,True,True
M0907_1rbl,rfflow_fixed-ligand_run_M0907_1rbl_cond40_2-atomized-bb-True,run_M0907_1rbl_cond40_2-atomized-bb-True.pdb,0,40,True,True,True
M0907_1rbl,rfflow_fixed-ligand_run_M0907_1rbl_cond40_20-atomized-bb-True,run_M0907_1rbl_cond40_20-atomized-bb-True.pdb,0,40,True,True,True
M0907_1rbl,rfflow_fixed-ligand_run_M0907_1rbl_cond40_21-atomized-bb-True,run_M0907_1rbl_cond40_21-atomized-bb-True.pdb,0,40,True,True,True
M0907_1rbl,rfflow_fixed-ligand_run_M0907_1rbl_cond40_22-atomized-bb-True,run_M0907_1rbl_cond40_22-atomized-bb-True.pdb,0,40,True,True,True
M0907_1rbl,rfflow_fixed-ligand_run_M0907_1rbl_cond40_23-atomized-bb-True,run_M0907_1rbl_cond40_23-atomized-bb-True.pdb,0,40,True,True,True
M0907_1rbl,rfflow_fixed-ligand_run_M0907_1rbl_cond40_24-atomized-bb-True,run_M0907_1rbl_cond40_24-atomized-bb-True.pdb,0,40,True,True,True
M0907_1rbl,rfflow_fixed-ligand_run_M0907_1rbl_cond40_25-atomized-bb-True,run_M0907_1rbl_cond40_25-atomized-bb-True.pdb,1,40,False,True,False
M0907_1rbl,rfflow_fixed-ligand_run_M0907_1rbl_cond40_26-atomized-bb-True,run_M0907_1rbl_cond40_26-atomized-bb-True.pdb,0,40,True,True,True
M0907_1rbl,rfflow_fixed-ligand_run_M0907_1rbl_cond40_27-atomized-bb-True,run_M0907_1rbl_cond40_27-atomized-bb-True.pdb,0,40,True,True,True
M0907_1rbl,rfflow_fixed-ligand_run_M0907_1rbl_cond40_28-atomized-bb-True,run_M0907_1rbl_cond40_28-atomized-bb-True.pdb,0,40,True,True,True
M0907_1rbl,rfflow_fixed-ligand_run_M0907_1rbl_cond40_29-atomized-bb-True,run_M0907_1rbl_cond40_29-atomized-bb-True.pdb,0,40,True,True,True
M0907_1rbl,rfflow_fixed-ligand_run_M0907_1rbl_cond40_3-atomized-bb-True,run_M0907_1rbl_cond40_3-atomized-bb-True.pdb,0,40,True,True,True
M0907_1rbl,rfflow_fixed-ligand_run_M0907_1rbl_cond40_30-atomized-bb-True,run_M0907_1rbl_cond40_30-atomized-bb-True.pdb,0,40,True,True,True
M0907_1rbl,rfflow_fixed-ligand_run_M0907_1rbl_cond40_31-atomized-bb-True,run_M0907_1rbl_cond40_31-atomized-bb-True.pdb,0,40,True,True,True
M0907_1rbl,rfflow_fixed-ligand_run_M0907_1rbl_cond40_32-atomized-bb-True,run_M0907_1rbl_cond40_32-atomized-bb-True.pdb,0,40,True,True,True
M0907_1rbl,rfflow_fixed-ligand_run_M0907_1rbl_cond40_33-atomized-bb-True,run_M0907_1rbl_cond40_33-atomized-bb-True.pdb,0,40,True,True,True
M0907_1rbl,rfflow_fixed-ligand_run_M0907_1rbl_cond40_34-atomized-bb-True,run_M0907_1rbl_cond40_34-atomized-bb-True.pdb,0,40,True,True,True
M0907_1rbl,rfflow_fixed-ligand_run_M0907_1rbl_cond40_35-atomized-bb-True,run_M0907_1rbl_cond40_35-atomized-bb-True.pdb,0,40,True,True,True
M0907_1rbl,rfflow_fixed-ligand_run_M0907_1rbl_cond40_36-atomized-bb-True,run_M0907_1rbl_cond40_36-atomized-bb-True.pdb,0,40,True,True,True
M0907_1rbl,rfflow_fixed-ligand_run_M0907_1rbl_cond40_37-atomized-bb-True,run_M0907_1rbl_cond40_37-atomized-bb-True.pdb,0,40,True,True,True
M0907_1rbl,rfflow_fixed-ligand_run_M0907_1rbl_cond40_38-atomized-bb-True,run_M0907_1rbl_cond40_38-atomized-bb-True.pdb,0,40,True,False,False
M0907_1rbl,rfflow_fixed-ligand_run_M0907_1rbl_cond40_39-atomized-bb-True,run_M0907_1rbl_cond40_39-atomized-bb-True.pdb,0,40,True,True,True
M0907_1rbl,rfflow_fixed-ligand_run_M0907_1rbl_cond40_4-atomized-bb-True,run_M0907_1rbl_cond40_4-atomized-bb-True.pdb,0,40,True,True,True
M0907_1rbl,rfflow_fixed-ligand_run_M0907_1rbl_cond40_40-atomized-bb-True,run_M0907_1rbl_cond40_40-atomized-bb-True.pdb,0,40,True,True,True
M0907_1rbl,rfflow_fixed-ligand_run_M0907_1rbl_cond40_41-atomized-bb-True,run_M0907_1rbl_cond40_41-atomized-bb-True.pdb,0,40,True,True,True
M0907_1rbl,rfflow_fixed-ligand_run_M0907_1rbl_cond40_42-atomized-bb-True,run_M0907_1rbl_cond40_42-atomized-bb-True.pdb,0,40,True,True,True
M0907_1rbl,rfflow_fixed-ligand_run_M0907_1rbl_cond40_43-atomized-bb-True,run_M0907_1rbl_cond40_43-atomized-bb-True.pdb,0,40,True,True,True
M0907_1rbl,rfflow_fixed-ligand_run_M0907_1rbl_cond40_44-atomized-bb-True,run_M0907_1rbl_cond40_44-atomized-bb-True.pdb,0,40,True,True,True
M0907_1rbl,rfflow_fixed-ligand_run_M0907_1rbl_cond40_45-atomized-bb-True,run_M0907_1rbl_cond40_45-atomized-bb-True.pdb,0,40,True,True,True
M0907_1rbl,rfflow_fixed-ligand_run_M0907_1rbl_cond40_46-atomized-bb-True,run_M0907_1rbl_cond40_46-atomized-bb-True.pdb,0,40,True,True,True
M0907_1rbl,rfflow_fixed-ligand_run_M0907_1rbl_cond40_47-atomized-bb-True,run_M0907_1rbl_cond40_47-atomized-bb-True.pdb,6,40,False,True,False
M0907_1rbl,rfflow_fixed-ligand_run_M0907_1rbl_cond40_48-atomized-bb-True,run_M0907_1rbl_cond40_48-atomized-bb-True.pdb,0,40,True,True,True
M0907_1rbl,rfflow_fixed-ligand_run_M0907_1rbl_cond40_49-atomized-bb-True,run_M0907_1rbl_cond40_49-atomized-bb-True.pdb,0,40,True,False,False
M0907_1rbl,rfflow_fixed-ligand_run_M0907_1rbl_cond40_5-atomized-bb-True,run_M0907_1rbl_cond40_5-atomized-bb-True.pdb,0,40,True,True,True
M0907_1rbl,rfflow_fixed-ligand_run_M0907_1rbl_cond40_50-atomized-bb-True,run_M0907_1rbl_cond40_50-atomized-bb-True.pdb,5,40,False,True,False
M0907_1rbl,rfflow_fixed-ligand_run_M0907_1rbl_cond40_51-atomized-bb-True,run_M0907_1rbl_cond40_51-atomized-bb-True.pdb,0,40,True,True,True
M0907_1rbl,rfflow_fixed-ligand_run_M0907_1rbl_cond40_52-atomized-bb-True,run_M0907_1rbl_cond40_52-atomized-bb-True.pdb,0,40,True,True,True
M0907_1rbl,rfflow_fixed-ligand_run_M0907_1rbl_cond40_53-atomized-bb-True,run_M0907_1rbl_cond40_53-atomized-bb-True.pdb,0,40,True,True,True
M0907_1rbl,rfflow_fixed-ligand_run_M0907_1rbl_cond40_54-atomized-bb-True,run_M0907_1rbl_cond40_54-atomized-bb-True.pdb,0,40,True,True,True
M0907_1rbl,rfflow_fixed-ligand_run_M0907_1rbl_cond40_55-atomized-bb-True,run_M0907_1rbl_cond40_55-atomized-bb-True.pdb,0,40,True,True,True
M0907_1rbl,rfflow_fixed-ligand_run_M0907_1rbl_cond40_56-atomized-bb-True,run_M0907_1rbl_cond40_56-atomized-bb-True.pdb,0,40,True,True,True
M0907_1rbl,rfflow_fixed-ligand_run_M0907_1rbl_cond40_57-atomized-bb-True,run_M0907_1rbl_cond40_57-atomized-bb-True.pdb,0,40,True,True,True
M0907_1rbl,rfflow_fixed-ligand_run_M0907_1rbl_cond40_58-atomized-bb-True,run_M0907_1rbl_cond40_58-atomized-bb-True.pdb,0,40,True,True,True
M0907_1rbl,rfflow_fixed-ligand_run_M0907_1rbl_cond40_59-atomized-bb-True,run_M0907_1rbl_cond40_59-atomized-bb-True.pdb,0,40,True,True,True
M0907_1rbl,rfflow_fixed-ligand_run_M0907_1rbl_cond40_6-atomized-bb-True,run_M0907_1rbl_cond40_6-atomized-bb-True.pdb,3,40,False,True,False
M0907_1rbl,rfflow_fixed-ligand_run_M0907_1rbl_cond40_60-atomized-bb-True,run_M0907_1rbl_cond40_60-atomized-bb-True.pdb,0,40,True,True,True
M0907_1rbl,rfflow_fixed-ligand_run_M0907_1rbl_cond40_61-atomized-bb-True,run_M0907_1rbl_cond40_61-atomized-bb-True.pdb,0,40,True,True,True
M0907_1rbl,rfflow_fixed-ligand_run_M0907_1rbl_cond40_62-atomized-bb-True,run_M0907_1rbl_cond40_62-atomized-bb-True.pdb,0,40,True,True,True
M0907_1rbl,rfflow_fixed-ligand_run_M0907_1rbl_cond40_63-atomized-bb-True,run_M0907_1rbl_cond40_63-atomized-bb-True.pdb,0,40,True,True,True
M0907_1rbl,rfflow_fixed-ligand_run_M0907_1rbl_cond40_64-atomized-bb-True,run_M0907_1rbl_cond40_64-atomized-bb-True.pdb,0,40,True,True,True
M0907_1rbl,rfflow_fixed-ligand_run_M0907_1rbl_cond40_65-atomized-bb-True,run_M0907_1rbl_cond40_65-atomized-bb-True.pdb,0,40,True,True,True
M0907_1rbl,rfflow_fixed-ligand_run_M0907_1rbl_cond40_66-atomized-bb-True,run_M0907_1rbl_cond40_66-atomized-bb-True.pdb,3,40,False,True,False
M0907_1rbl,rfflow_fixed-ligand_run_M0907_1rbl_cond40_67-atomized-bb-True,run_M0907_1rbl_cond40_67-atomized-bb-True.pdb,0,40,True,True,True
M0907_1rbl,rfflow_fixed-ligand_run_M0907_1rbl_cond40_68-atomized-bb-True,run_M0907_1rbl_cond40_68-atomized-bb-True.pdb,0,40,True,True,True
M0907_1rbl,rfflow_fixed-ligand_run_M0907_1rbl_cond40_69-atomized-bb-True,run_M0907_1rbl_cond40_69-atomized-bb-True.pdb,0,40,True,True,True
M0907_1rbl,rfflow_fixed-ligand_run_M0907_1rbl_cond40_7-atomized-bb-True,run_M0907_1rbl_cond40_7-atomized-bb-True.pdb,0,40,True,True,True
M0907_1rbl,rfflow_fixed-ligand_run_M0907_1rbl_cond40_70-atomized-bb-True,run_M0907_1rbl_cond40_70-atomized-bb-True.pdb,0,40,True,True,True
M0907_1rbl,rfflow_fixed-ligand_run_M0907_1rbl_cond40_71-atomized-bb-True,run_M0907_1rbl_cond40_71-atomized-bb-True.pdb,0,40,True,True,True
M0907_1rbl,rfflow_fixed-ligand_run_M0907_1rbl_cond40_72-atomized-bb-True,run_M0907_1rbl_cond40_72-atomized-bb-True.pdb,0,40,True,True,True
M0907_1rbl,rfflow_fixed-ligand_run_M0907_1rbl_cond40_73-atomized-bb-True,run_M0907_1rbl_cond40_73-atomized-bb-True.pdb,0,40,True,True,True
M0907_1rbl,rfflow_fixed-ligand_run_M0907_1rbl_cond40_74-atomized-bb-True,run_M0907_1rbl_cond40_74-atomized-bb-True.pdb,28,40,False,True,False
M0907_1rbl,rfflow_fixed-ligand_run_M0907_1rbl_cond40_75-atomized-bb-True,run_M0907_1rbl_cond40_75-atomized-bb-True.pdb,0,40,True,True,True
M0907_1rbl,rfflow_fixed-ligand_run_M0907_1rbl_cond40_76-atomized-bb-True,run_M0907_1rbl_cond40_76-atomized-bb-True.pdb,0,40,True,True,True
M0907_1rbl,rfflow_fixed-ligand_run_M0907_1rbl_cond40_77-atomized-bb-True,run_M0907_1rbl_cond40_77-atomized-bb-True.pdb,0,40,True,True,True
M0907_1rbl,rfflow_fixed-ligand_run_M0907_1rbl_cond40_78-atomized-bb-True,run_M0907_1rbl_cond40_78-atomized-bb-True.pdb,0,40,True,True,True
M0907_1rbl,rfflow_fixed-ligand_run_M0907_1rbl_cond40_79-atomized-bb-True,run_M0907_1rbl_cond40_79-atomized-bb-True.pdb,0,40,True,True,True
M0907_1rbl,rfflow_fixed-ligand_run_M0907_1rbl_cond40_8-atomized-bb-True,run_M0907_1rbl_cond40_8-atomized-bb-True.pdb,0,40,True,True,True
M0907_1rbl,rfflow_fixed-ligand_run_M0907_1rbl_cond40_80-atomized-bb-True,run_M0907_1rbl_cond40_80-atomized-bb-True.pdb,0,40,True,True,True
M0907_1rbl,rfflow_fixed-ligand_run_M0907_1rbl_cond40_81-atomized-bb-True,run_M0907_1rbl_cond40_81-atomized-bb-True.pdb,0,40,True,True,True
M0907_1rbl,rfflow_fixed-ligand_run_M0907_1rbl_cond40_82-atomized-bb-True,run_M0907_1rbl_cond40_82-atomized-bb-True.pdb,0,40,True,True,True
M0907_1rbl,rfflow_fixed-ligand_run_M0907_1rbl_cond40_83-atomized-bb-True,run_M0907_1rbl_cond40_83-atomized-bb-True.pdb,0,40,True,True,True
M0907_1rbl,rfflow_fixed-ligand_run_M0907_1rbl_cond40_84-atomized-bb-True,run_M0907_1rbl_cond40_84-atomized-bb-True.pdb,0,40,True,True,True
M0907_1rbl,rfflow_fixed-ligand_run_M0907_1rbl_cond40_85-atomized-bb-True,run_M0907_1rbl_cond40_85-atomized-bb-True.pdb,0,40,True,True,True
M0907_1rbl,rfflow_fixed-ligand_run_M0907_1rbl_cond40_86-atomized-bb-True,run_M0907_1rbl_cond40_86-atomized-bb-True.pdb,0,40,True,True,True
M0907_1rbl,rfflow_fixed-ligand_run_M0907_1rbl_cond40_87-atomized-bb-True,run_M0907_1rbl_cond40_87-atomized-bb-True.pdb,0,40,True,True,True
M0907_1rbl,rfflow_fixed-ligand_run_M0907_1rbl_cond40_88-atomized-bb-True,run_M0907_1rbl_cond40_88-atomized-bb-True.pdb,0,40,True,True,True
M0907_1rbl,rfflow_fixed-ligand_run_M0907_1rbl_cond40_89-atomized-bb-True,run_M0907_1rbl_cond40_89-atomized-bb-True.pdb,0,40,True,True,True
M0907_1rbl,rfflow_fixed-ligand_run_M0907_1rbl_cond40_9-atomized-bb-True,run_M0907_1rbl_cond40_9-atomized-bb-True.pdb,0,40,True,True,True
M0907_1rbl,rfflow_fixed-ligand_run_M0907_1rbl_cond40_90-atomized-bb-True,run_M0907_1rbl_cond40_90-atomized-bb-True.pdb,0,40,True,True,True
M0907_1rbl,rfflow_fixed-ligand_run_M0907_1rbl_cond40_91-atomized-bb-True,run_M0907_1rbl_cond40_91-atomized-bb-True.pdb,0,40,True,True,True
M0907_1rbl,rfflow_fixed-ligand_run_M0907_1rbl_cond40_92-atomized-bb-True,run_M0907_1rbl_cond40_92-atomized-bb-True.pdb,0,40,True,True,True
M0907_1rbl,rfflow_fixed-ligand_run_M0907_1rbl_cond40_93-atomized-bb-True,run_M0907_1rbl_cond40_93-atomized-bb-True.pdb,0,40,True,False,False
M0907_1rbl,rfflow_fixed-ligand_run_M0907_1rbl_cond40_94-atomized-bb-True,run_M0907_1rbl_cond40_94-atomized-bb-True.pdb,0,40,True,True,True
M0907_1rbl,rfflow_fixed-ligand_run_M0907_1rbl_cond40_95-atomized-bb-True,run_M0907_1rbl_cond40_95-atomized-bb-True.pdb,0,40,True,True,True
M0907_1rbl,rfflow_fixed-ligand_run_M0907_1rbl_cond40_96-atomized-bb-True,run_M0907_1rbl_cond40_96-atomized-bb-True.pdb,0,40,True,False,False
M0907_1rbl,rfflow_fixed-ligand_run_M0907_1rbl_cond40_97-atomized-bb-True,run_M0907_1rbl_cond40_97-atomized-bb-True.pdb,0,40,True,True,True
M0907_1rbl,rfflow_fixed-ligand_run_M0907_1rbl_cond40_98-atomized-bb-True,run_M0907_1rbl_cond40_98-atomized-bb-True.pdb,0,40,True,True,True
M0907_1rbl,rfflow_fixed-ligand_run_M0907_1rbl_cond40_99-atomized-bb-True,run_M0907_1rbl_cond40_99-atomized-bb-True.pdb,0,40,True,True,True
